target_name,model,requested_fpr,LR+,LR-,acc,npv,ppv,sensitivity,specificity
FILD or FILA ADJUDICATED,combined,0.001,,,"0.981 (0.980, 0.982)","0.982 (0.981, 0.983)","0.570 (0.355, 0.729)","0.071 (0.026, 0.132)","0.999 (0.999, 0.999)"
FILD or FILA ADJUDICATED,combined,0.005,"41.295 (23.688, 63.825)","0.798 (0.684, 0.886)","0.979 (0.977, 0.982)","0.984 (0.982, 0.986)","0.425 (0.276, 0.556)","0.193 (0.093, 0.312)","0.995 (0.995, 0.995)"
FILD or FILA ADJUDICATED,combined,0.01,"23.867 (14.474, 32.538)","0.770 (0.681, 0.864)","0.975 (0.973, 0.977)","0.985 (0.983, 0.987)","0.325 (0.222, 0.402)","0.243 (0.141, 0.333)","0.990 (0.990, 0.990)"
FILD or FILA ADJUDICATED,combined,0.02,"15.424 (12.401, 17.344)","0.706 (0.666, 0.767)","0.967 (0.965, 0.968)","0.986 (0.984, 0.987)","0.233 (0.179, 0.265)","0.304 (0.218, 0.357)","0.980 (0.980, 0.980)"
FILD or FILA ADJUDICATED,combined,0.05,"8.327 (7.637, 9.293)","0.614 (0.564, 0.651)","0.939 (0.938, 0.940)","0.988 (0.986, 0.989)","0.141 (0.121, 0.155)","0.406 (0.340, 0.455)","0.950 (0.950, 0.950)"
FILD or FILA ADJUDICATED,combined,0.1,"5.354 (4.912, 5.641)","0.516 (0.484, 0.565)","0.892 (0.891, 0.893)","0.989 (0.988, 0.990)","0.093 (0.082, 0.103)","0.509 (0.444, 0.568)","0.900 (0.900, 0.900)"
FILD or FILA ADJUDICATED,genomic,0.001,,,"0.979 (0.979, 0.980)","0.980 (0.980, 0.980)","0.070 (0.030, 0.208)","0.002 (0.000, 0.013)","0.999 (0.999, 0.999)"
FILD or FILA ADJUDICATED,genomic,0.005,"3.948 (2.698, 5.198)","0.985 (0.979, 0.991)","0.976 (0.975, 0.976)","0.980 (0.980, 0.981)","0.048 (0.027, 0.083)","0.009 (0.000, 0.022)","0.995 (0.995, 0.995)"
FILD or FILA ADJUDICATED,genomic,0.01,"3.619 (3.306, 3.931)","0.974 (0.970, 0.977)","0.971 (0.971, 0.971)","0.980 (0.980, 0.981)","0.042 (0.027, 0.065)","0.020 (0.007, 0.039)","0.990 (0.990, 0.990)"
FILD or FILA ADJUDICATED,genomic,0.02,,,"0.961 (0.961, 0.962)","0.981 (0.980, 0.981)","0.038 (0.025, 0.053)","0.036 (0.020, 0.054)","0.980 (0.980, 0.980)"
FILD or FILA ADJUDICATED,genomic,0.05,"2.105 (2.105, 2.105)","0.942 (0.942, 0.942)","0.933 (0.932, 0.934)","0.981 (0.980, 0.982)","0.034 (0.024, 0.052)","0.089 (0.047, 0.132)","0.950 (0.950, 0.950)"
FILD or FILA ADJUDICATED,genomic,0.1,"1.776 (1.776, 1.776)","0.914 (0.914, 0.914)","0.885 (0.884, 0.887)","0.981 (0.980, 0.983)","0.031 (0.024, 0.042)","0.155 (0.103, 0.217)","0.900 (0.900, 0.900)"
FILD or FILA ADJUDICATED,zebra,0.001,,,"0.981 (0.980, 0.981)","0.982 (0.981, 0.982)","0.566 (0.496, 0.636)","0.066 (0.049, 0.087)","0.999 (0.999, 0.999)"
FILD or FILA ADJUDICATED,zebra,0.005,"56.032 (46.105, 64.648)","0.723 (0.680, 0.773)","0.981 (0.980, 0.982)","0.986 (0.985, 0.987)","0.532 (0.483, 0.568)","0.284 (0.232, 0.326)","0.995 (0.995, 0.995)"
FILD or FILA ADJUDICATED,zebra,0.01,"30.117 (27.774, 33.258)","0.706 (0.674, 0.730)","0.976 (0.975, 0.977)","0.986 (0.985, 0.987)","0.367 (0.324, 0.408)","0.289 (0.238, 0.342)","0.990 (0.990, 0.990)"
FILD or FILA ADJUDICATED,zebra,0.02,"16.839 (14.145, 19.901)","0.677 (0.614, 0.732)","0.967 (0.966, 0.968)","0.986 (0.986, 0.988)","0.252 (0.223, 0.284)","0.334 (0.286, 0.394)","0.980 (0.980, 0.980)"
FILD or FILA ADJUDICATED,zebra,0.05,"8.647 (8.188, 9.414)","0.598 (0.557, 0.622)","0.940 (0.938, 0.941)","0.988 (0.987, 0.990)","0.150 (0.128, 0.169)","0.439 (0.362, 0.504)","0.950 (0.950, 0.950)"
FILD or FILA ADJUDICATED,zebra,0.1,"5.539 (5.174, 5.988)","0.496 (0.446, 0.536)","0.893 (0.892, 0.894)","0.990 (0.989, 0.991)","0.099 (0.091, 0.110)","0.548 (0.490, 0.615)","0.900 (0.900, 0.900)"
NON FIBROTIC ILA ADJUDICATED,combined,0.001,,,"0.993 (0.993, 0.993)","0.994 (0.994, 0.994)","0.045 (0.012, 0.116)","0.003 (0.000, 0.023)","0.999 (0.999, 0.999)"
NON FIBROTIC ILA ADJUDICATED,combined,0.005,"11.365 (4.887, 21.707)","0.948 (0.896, 0.980)","0.989 (0.989, 0.990)","0.994 (0.994, 0.995)","0.034 (0.012, 0.087)","0.027 (0.000, 0.085)","0.995 (0.995, 0.995)"
NON FIBROTIC ILA ADJUDICATED,combined,0.01,"11.364 (4.716, 18.012)","0.895 (0.828, 0.962)","0.985 (0.984, 0.985)","0.995 (0.994, 0.995)","0.029 (0.012, 0.074)","0.050 (0.000, 0.165)","0.990 (0.990, 0.990)"
NON FIBROTIC ILA ADJUDICATED,combined,0.02,,,"0.975 (0.974, 0.976)","0.995 (0.994, 0.995)","0.025 (0.012, 0.057)","0.081 (0.016, 0.211)","0.980 (0.980, 0.980)"
NON FIBROTIC ILA ADJUDICATED,combined,0.05,"2.727 (2.727, 2.727)","0.909 (0.909, 0.909)","0.946 (0.945, 0.946)","0.995 (0.995, 0.996)","0.020 (0.012, 0.034)","0.170 (0.091, 0.302)","0.950 (0.950, 0.950)"
NON FIBROTIC ILA ADJUDICATED,combined,0.1,"3.864 (3.864, 3.864)","0.682 (0.682, 0.682)","0.897 (0.896, 0.897)","0.995 (0.995, 0.996)","0.017 (0.010, 0.023)","0.290 (0.182, 0.422)","0.900 (0.900, 0.900)"
NON FIBROTIC ILA ADJUDICATED,genomic,0.001,,,"0.993 (0.993, 0.993)","0.994 (0.994, 0.994)","0.008 (0.005, 0.023)","0.000 (0.000, 0.001)","0.999 (0.999, 0.999)"
NON FIBROTIC ILA ADJUDICATED,genomic,0.005,"4.546 (4.546, 4.546)","0.982 (0.982, 0.982)","0.989 (0.989, 0.989)","0.994 (0.994, 0.994)","0.008 (0.005, 0.019)","0.003 (0.000, 0.023)","0.995 (0.995, 0.995)"
NON FIBROTIC ILA ADJUDICATED,genomic,0.01,"2.273 (2.273, 2.273)","0.987 (0.987, 0.987)","0.984 (0.984, 0.984)","0.994 (0.994, 0.994)","0.007 (0.005, 0.013)","0.006 (0.000, 0.023)","0.990 (0.990, 0.990)"
NON FIBROTIC ILA ADJUDICATED,genomic,0.02,,,"0.974 (0.974, 0.975)","0.994 (0.994, 0.994)","0.007 (0.005, 0.011)","0.015 (0.000, 0.045)","0.980 (0.980, 0.980)"
NON FIBROTIC ILA ADJUDICATED,genomic,0.05,,,"0.945 (0.945, 0.945)","0.994 (0.994, 0.995)","0.007 (0.005, 0.010)","0.044 (0.016, 0.097)","0.950 (0.950, 0.950)"
NON FIBROTIC ILA ADJUDICATED,genomic,0.1,,,"0.895 (0.895, 0.896)","0.994 (0.994, 0.995)","0.006 (0.005, 0.009)","0.101 (0.023, 0.182)","0.900 (0.900, 0.900)"
NON FIBROTIC ILA ADJUDICATED,zebra,0.001,,,"0.993 (0.993, 0.993)","0.994 (0.994, 0.994)","0.091 (0.061, 0.124)","0.018 (0.011, 0.025)","0.999 (0.999, 0.999)"
NON FIBROTIC ILA ADJUDICATED,zebra,0.005,,,"0.990 (0.990, 0.990)","0.995 (0.995, 0.995)","0.091 (0.061, 0.124)","0.088 (0.056, 0.123)","0.995 (0.995, 0.995)"
NON FIBROTIC ILA ADJUDICATED,zebra,0.01,"15.364 (11.317, 20.455)","0.855 (0.803, 0.896)","0.985 (0.985, 0.986)","0.995 (0.995, 0.995)","0.083 (0.058, 0.108)","0.158 (0.107, 0.211)","0.990 (0.990, 0.990)"
NON FIBROTIC ILA ADJUDICATED,zebra,0.02,"10.938 (9.091, 13.438)","0.797 (0.746, 0.835)","0.976 (0.975, 0.976)","0.995 (0.995, 0.996)","0.055 (0.044, 0.068)","0.207 (0.159, 0.256)","0.980 (0.980, 0.980)"
NON FIBROTIC ILA ADJUDICATED,zebra,0.05,"5.455 (5.455, 5.455)","0.766 (0.766, 0.766)","0.946 (0.946, 0.947)","0.996 (0.996, 0.996)","0.037 (0.029, 0.043)","0.333 (0.259, 0.393)","0.950 (0.950, 0.950)"
NON FIBROTIC ILA ADJUDICATED,zebra,0.1,"5.379 (5.023, 5.670)","0.513 (0.481, 0.553)","0.898 (0.897, 0.898)","0.997 (0.996, 0.997)","0.028 (0.023, 0.031)","0.499 (0.426, 0.574)","0.900 (0.900, 0.900)"
NONFIBROTIC ILD ADJUDICATED,combined,0.001,,,"0.997 (0.997, 0.997)","0.998 (0.998, 0.998)","0.020 (0.001, 0.116)","0.006 (0.000, 0.062)","0.999 (0.999, 0.999)"
NONFIBROTIC ILD ADJUDICATED,combined,0.005,"31.255 (25.317, 37.193)","0.848 (0.818, 0.878)","0.993 (0.993, 0.993)","0.998 (0.998, 0.998)","0.011 (0.001, 0.049)","0.020 (0.000, 0.142)","0.995 (0.995, 0.995)"
NONFIBROTIC ILD ADJUDICATED,combined,0.01,"12.500 (12.500, 12.500)","0.884 (0.884, 0.884)","0.988 (0.988, 0.988)","0.998 (0.998, 0.998)","0.009 (0.001, 0.032)","0.032 (0.000, 0.159)","0.990 (0.990, 0.990)"
NONFIBROTIC ILD ADJUDICATED,combined,0.02,,,"0.978 (0.978, 0.978)","0.998 (0.998, 0.998)","0.007 (0.001, 0.017)","0.050 (0.000, 0.159)","0.980 (0.980, 0.980)"
NONFIBROTIC ILD ADJUDICATED,combined,0.05,,,"0.948 (0.948, 0.949)","0.998 (0.998, 0.998)","0.005 (0.001, 0.010)","0.116 (0.000, 0.250)","0.950 (0.950, 0.950)"
NONFIBROTIC ILD ADJUDICATED,combined,0.1,,,"0.899 (0.898, 0.899)","0.998 (0.998, 0.999)","0.004 (0.001, 0.008)","0.209 (0.000, 0.392)","0.900 (0.900, 0.900)"
NONFIBROTIC ILD ADJUDICATED,genomic,0.001,,,"0.997 (0.997, 0.997)","0.998 (0.998, 0.998)","0.007 (0.000, 0.039)","0.002 (0.000, 0.019)","0.999 (0.999, 0.999)"
NONFIBROTIC ILD ADJUDICATED,genomic,0.005,,,"0.993 (0.993, 0.993)","0.998 (0.998, 0.998)","0.004 (0.000, 0.014)","0.003 (0.000, 0.028)","0.995 (0.995, 0.995)"
NONFIBROTIC ILD ADJUDICATED,genomic,0.01,,,"0.988 (0.988, 0.988)","0.998 (0.998, 0.998)","0.004 (0.000, 0.011)","0.003 (0.000, 0.038)","0.990 (0.990, 0.990)"
NONFIBROTIC ILD ADJUDICATED,genomic,0.02,,,"0.978 (0.978, 0.978)","0.998 (0.998, 0.998)","0.003 (0.000, 0.009)","0.019 (0.000, 0.125)","0.980 (0.980, 0.980)"
NONFIBROTIC ILD ADJUDICATED,genomic,0.05,"2.500 (2.500, 2.500)","0.921 (0.921, 0.921)","0.948 (0.948, 0.948)","0.998 (0.998, 0.998)","0.003 (0.000, 0.007)","0.049 (0.000, 0.188)","0.950 (0.950, 0.950)"
NONFIBROTIC ILD ADJUDICATED,genomic,0.1,,,"0.898 (0.898, 0.899)","0.998 (0.998, 0.998)","0.003 (0.000, 0.005)","0.102 (0.000, 0.250)","0.900 (0.900, 0.900)"
NONFIBROTIC ILD ADJUDICATED,zebra,0.001,,,"0.997 (0.997, 0.997)","0.998 (0.998, 0.998)","0.038 (0.014, 0.060)","0.016 (0.004, 0.030)","0.999 (0.999, 0.999)"
NONFIBROTIC ILD ADJUDICATED,zebra,0.005,,,"0.993 (0.993, 0.993)","0.998 (0.998, 0.998)","0.038 (0.014, 0.060)","0.082 (0.022, 0.152)","0.995 (0.995, 0.995)"
NONFIBROTIC ILD ADJUDICATED,zebra,0.01,"18.303 (12.194, 24.952)","0.825 (0.758, 0.887)","0.988 (0.988, 0.988)","0.998 (0.998, 0.998)","0.037 (0.014, 0.053)","0.170 (0.044, 0.267)","0.990 (0.990, 0.990)"
NONFIBROTIC ILD ADJUDICATED,zebra,0.02,,,"0.978 (0.978, 0.979)","0.998 (0.998, 0.999)","0.023 (0.012, 0.033)","0.223 (0.108, 0.330)","0.980 (0.980, 0.980)"
NONFIBROTIC ILD ADJUDICATED,zebra,0.05,,,"0.949 (0.948, 0.949)","0.998 (0.998, 0.999)","0.013 (0.008, 0.018)","0.306 (0.188, 0.438)","0.950 (0.950, 0.950)"
NONFIBROTIC ILD ADJUDICATED,zebra,0.1,,,"0.899 (0.899, 0.900)","0.999 (0.999, 0.999)","0.011 (0.008, 0.014)","0.548 (0.438, 0.688)","0.900 (0.900, 0.900)"
