target_name,repeat,split_seed,model,n_test,n_positive,n_negative,observed_prevalence,performance_prevalence,zedstat_auc,zedstat_auc_ci_low,zedstat_auc_ci_high,brier_score,calibration_intercept,calibration_slope,expected_calibration_error,max_calibration_error,mean_predicted_risk,observed_to_expected_ratio,sklearn_auc_check,auc_zedstat_minus_sklearn
FILD or FILA ADJUDICATED,1,439824836,zebra,7695,152,7543,0.019753086419753086,0.019753086419753086,0.8135913460526316,0.7719765051175386,0.8552061869877247,0.40372857643589805,-4.5959201039312125,0.1870436715569031,0.5692241287994949,0.9219046339585529,0.588977215219248,0.03353794664603445,0.8135226456038014,6.870044883022786e-05
FILD or FILA ADJUDICATED,1,439824836,genomic,7695,152,7543,0.019753086419753086,0.019753086419753086,0.552242302631579,0.5046764421698453,0.5998081630933128,0.08427033957391918,-3.63619132399619,0.18006055520988998,0.19744591398900108,0.5421511014331861,0.21719900040875417,0.0909446469945952,0.5521605950445515,8.170758702752412e-05
FILD or FILA ADJUDICATED,1,439824836,combined,7695,152,7543,0.019753086419753086,0.019753086419753086,0.8061509934210527,0.7640096319817187,0.8482923548603867,0.02408301191524012,-0.8004836631449307,1.4510301288452565,0.06385535083942386,0.16122359752207083,0.08360843725917695,0.2362570939882621,0.8060671448606934,8.384856035925647e-05
FILD or FILA ADJUDICATED,2,1256716928,zebra,7695,152,7543,0.019753086419753086,0.019753086419753086,0.8161536805807622,0.7747268730134615,0.8575804881480629,0.4036671116204966,-4.549443271698562,0.18498590039710272,0.5695247721249909,0.9210623467631371,0.589277858544744,0.03352083594067913,0.8161095682996434,4.411228111877996e-05
FILD or FILA ADJUDICATED,2,1256716928,genomic,7695,152,7543,0.019753086419753086,0.019753086419753086,0.5522510394736843,0.5046850341392375,0.599817044808131,0.07576274315570944,-3.6474585821710828,0.1643065820555164,0.18361834103354782,0.5149104870588389,0.20337142745330095,0.0971281298809238,0.5521736779307409,7.736154294335496e-05
FILD or FILA ADJUDICATED,2,1256716928,combined,7695,152,7543,0.019753086419753086,0.019753086419753086,0.8038866184210527,0.7615906374977894,0.8461825993443159,0.06754302696468183,-2.5457969300096046,1.3908862012406389,0.1844471219344126,0.4281581160533575,0.20420020835416572,0.09673391902467234,0.8038090387044107,7.757971664201779e-05
FILD or FILA ADJUDICATED,3,471186137,zebra,7695,152,7543,0.019753086419753086,0.019753086419753086,0.8473935976720648,0.8085604104175027,0.8862267849266269,0.40024427014757014,-4.650093049801402,0.18524756569495163,0.5674305404636412,0.9274492065307413,0.5871836268833942,0.033640390357266806,0.8473340566715741,5.954100049065936e-05
FILD or FILA ADJUDICATED,3,471186137,genomic,7695,152,7543,0.019753086419753086,0.019753086419753086,0.5407125592105264,0.49335488781897197,0.5880702306020809,0.1128542222838884,-3.6807762255619814,0.24284113751736358,0.2749145853280364,0.5431848278841634,0.2946676717477895,0.06703513250228565,0.5406712043930587,4.135481746769809e-05
FILD or FILA ADJUDICATED,3,471186137,combined,7695,152,7543,0.019753086419753086,0.019753086419753086,0.7883041184210526,0.7450120922571491,0.8315961445849561,0.03185050576050709,-2.3018758301487803,0.538548354801833,0.05121284405311122,0.339679180476539,0.06799898111099734,0.29049091761403556,0.7882229602908238,8.115813022879781e-05
FILD or FILA ADJUDICATED,4,1768027081,zebra,7695,152,7543,0.019753086419753086,0.019753086419753086,0.8084805101674641,0.7665009272554749,0.8504600930794534,0.40367227276468187,-4.5169000237207815,0.17639693788245542,0.5693666388937195,0.9196945995737855,0.5891197253134726,0.033529833701023,0.8084037483341125,7.67618333515907e-05
FILD or FILA ADJUDICATED,4,1768027081,genomic,7695,152,7543,0.019753086419753086,0.019753086419753086,0.5660863157894737,0.5183155957894026,0.6138570357895448,0.0384127320453067,-3.3950823205162295,0.2116220559222707,0.08938177898844131,0.34539686044405504,0.10913486540819439,0.1809970291883452,0.5660214768659684,6.483892350528375e-05
FILD or FILA ADJUDICATED,4,1768027081,combined,7695,152,7543,0.019753086419753086,0.019753086419753086,0.7733274013157894,0.7291839933419871,0.8174708092895916,0.045825196775702716,-2.661963642787095,0.5863537567731506,0.08985550565464336,0.46063218168283193,0.10845657637334287,0.1821289872894063,0.7732404390267728,8.696228901661218e-05
FILD or FILA ADJUDICATED,5,1372874712,zebra,7695,152,7543,0.019753086419753086,0.019753086419753086,0.7928571169590644,0.7498441255234585,0.8358701083946702,0.40241926937612393,-4.548902271092698,0.1847898146664768,0.5676333815167824,0.9234831493395201,0.5873864679365355,0.03362877338516985,0.7928298806143026,2.7236344761760733e-05
FILD or FILA ADJUDICATED,5,1372874712,genomic,7695,152,7543,0.019753086419753086,0.019753086419753086,0.5543477960526316,0.5067475896004475,0.6019480025048157,0.021469654439997488,-3.283849852739768,0.10290907020243621,0.020857600170499403,0.076829415946183,0.014271353768047943,1.3841074043009265,0.5542852557617031,6.254029092855884e-05
FILD or FILA ADJUDICATED,5,1372874712,combined,7695,152,7543,0.019753086419753086,0.019753086419753086,0.7847914342105264,0.7412906859799707,0.8282921824410822,0.029263631808872623,-1.9269106659002544,0.8632145102737324,0.06347565073970828,0.290599284595789,0.08322873715946136,0.23733492894296035,0.7847568676430571,3.456656746936293e-05
FILD or FILA ADJUDICATED,6,1681759250,zebra,7695,152,7543,0.019753086419753086,0.019753086419753086,0.790109757640068,0.7469272339120306,0.8332922813681053,0.4040734477088272,-4.543500746711926,0.17915250835619098,0.5689122915429776,0.9239096525180606,0.5886653779627308,0.03355571290452839,0.7900877076690135,2.204997105448303e-05
FILD or FILA ADJUDICATED,6,1681759250,genomic,7695,152,7543,0.019753086419753086,0.019753086419753086,0.5325931118421053,0.48540231385494115,0.5797839098292695,0.020075571519166276,-3.503656673806275,0.05792112434178091,0.018689185636559753,0.02319500304846151,0.005705915688278549,3.461860899965823,0.5325327769908664,6.0334851238907916e-05
FILD or FILA ADJUDICATED,6,1681759250,combined,7695,152,7543,0.019753086419753086,0.019753086419753086,0.775947519736842,0.7319458903629548,0.8199491491107291,0.03222402414140222,-1.9216604723820225,0.9757723376666095,0.08223108066787367,0.28101635492215593,0.10198416708762677,0.19368777511102142,0.7759032424625132,4.427727432876338e-05
FILD or FILA ADJUDICATED,7,1781705580,zebra,7695,152,7543,0.019753086419753086,0.019753086419753086,0.8033685923174874,0.7610376004865562,0.8456995841484185,0.40679182290803667,-4.511309103170522,0.17796271499621005,0.5714885362345365,0.9216488073720841,0.5912416226542896,0.03340949903201097,0.8033171221836908,5.147013379658283e-05
FILD or FILA ADJUDICATED,7,1781705580,genomic,7695,152,7543,0.019753086419753086,0.019753086419753086,0.5536738355263158,0.5060844991406716,0.60126317191196,0.1318753227562685,-3.711496313157437,0.24139080484212658,0.2990655295202448,0.5795742989648501,0.3188186159399979,0.061957129954640554,0.5536389611839488,3.4874342366930655e-05
FILD or FILA ADJUDICATED,7,1781705580,combined,7695,152,7543,0.019753086419753086,0.019753086419753086,0.7717643552631579,0.7275377803954214,0.8159909301308944,0.023761407081547194,-1.9187271862001867,0.6082713093619798,0.03407875493264837,0.23061252026827692,0.04982962336313863,0.39641251702426866,0.7716748536461131,8.950161704479598e-05
FILD or FILA ADJUDICATED,8,106213289,zebra,7695,152,7543,0.019753086419753086,0.019753086419753086,0.8194387710526316,0.7782581941609304,0.8606193479443328,0.40095440826001805,-4.540234357942272,0.18240553404594204,0.5674601689612904,0.9145121497995353,0.5872132553810435,0.033638692993970785,0.8194134331586622,2.533789396941266e-05
FILD or FILA ADJUDICATED,8,106213289,genomic,7695,152,7543,0.019753086419753086,0.019753086419753086,0.5100229868421053,0.4633829302218954,0.5566630434623152,0.020458788096963332,-3.6528576925271334,0.02706884797093504,0.018362456867945604,0.0324584148332848,0.005006898124502793,3.94517442307949,0.5099639261218138,5.9060720291492785e-05
FILD or FILA ADJUDICATED,8,106213289,combined,7695,152,7543,0.019753086419753086,0.019753086419753086,0.7701916052631579,0.7258824032697033,0.8145008072566124,0.026506516891529393,-1.752863134349928,0.9181713536358872,0.060030468560719294,0.2223108806834593,0.07978355498047238,0.2475834327586406,0.7701363062302449,5.52990329130143e-05
FILD or FILA ADJUDICATED,9,2018320771,zebra,7695,152,7543,0.019753086419753086,0.019753086419753086,0.8004031118421053,0.7578742632981218,0.8429319603860889,0.4033992408797413,-4.464542424074413,0.17220224067954226,0.5686630007339857,0.9210528870474667,0.5884160871537387,0.033569929257546094,0.8003669313479909,3.618049411446833e-05
FILD or FILA ADJUDICATED,9,2018320771,genomic,7695,152,7543,0.019753086419753086,0.019753086419753086,0.5540664802631579,0.5064707968515632,0.6016621636747526,0.05479398606281444,-3.575935638239331,0.14545124472064128,0.1240942622043081,0.4539254877817527,0.14282789898851103,0.13829991591028032,0.5540009210351877,6.555922797013558e-05
FILD or FILA ADJUDICATED,9,2018320771,combined,7695,152,7543,0.019753086419753086,0.019753086419753086,0.7773025197368422,0.7333753840936901,0.8212296553799943,0.034469335395688264,-2.433339015688691,0.5805622876141043,0.06474173113768178,0.35654936728326214,0.08300693503519041,0.2379691095855889,0.7772219973904003,8.052234644184697e-05
FILD or FILA ADJUDICATED,10,1569040467,zebra,7695,152,7543,0.019753086419753086,0.019753086419753086,0.8087763533281734,0.7668175144419712,0.8507351922143757,0.4036448337460386,-4.525055258655382,0.17579066443791522,0.5686803707754451,0.9193663171562307,0.5884334571951981,0.03356893830256918,0.8087377980281474,3.855530002605523e-05
FILD or FILA ADJUDICATED,10,1569040467,genomic,7695,152,7543,0.019753086419753086,0.019753086419753086,0.5807489934210526,0.5328157797950985,0.6286822070470066,0.07315514492898272,-3.4490516676402927,0.3165763235837446,0.18994387979934557,0.4551558240952027,0.20969696621909867,0.09419824604956076,0.5807257687503925,2.322467066007139e-05
FILD or FILA ADJUDICATED,10,1569040467,combined,7695,152,7543,0.019753086419753086,0.019753086419753086,0.7416271381578947,0.6959938070102294,0.78726046930556,0.019007576897755868,-1.708723033034082,0.31955495240353743,0.01710176958301005,0.07019275494917054,0.016698989692067612,1.18289110802531,0.7415798544485301,4.7283709364576154e-05
FILD or FILA ADJUDICATED,11,256858669,zebra,7695,152,7543,0.019753086419753086,0.019753086419753086,0.8203982603668261,0.7792907097094107,0.8615058110242414,0.40348667351004874,-4.563776513414594,0.18224199848827782,0.5691767698067742,0.9187699675411092,0.5889298562265275,0.03354064361130846,0.8203388293084563,5.9431058369807666e-05
FILD or FILA ADJUDICATED,11,256858669,genomic,7695,152,7543,0.019753086419753086,0.019753086419753086,0.5850999539473685,0.5371294469642982,0.6330704609304387,0.043627633343212194,-2.9884263085609386,0.5433018561707931,0.13968681614895748,0.2807424623951805,0.15943990256871055,0.12389048225390444,0.5850099778812005,8.997606616800713e-05
FILD or FILA ADJUDICATED,11,256858669,combined,7695,152,7543,0.019753086419753086,0.019753086419753086,0.7842173355263157,0.7406830100346474,0.8277516610179839,0.056022531409228714,-2.7063866212864287,0.8361772683395493,0.13054366138071943,0.47802155130365975,0.15029674780047253,0.13142723784001256,0.7841184227970164,9.891272929929418e-05
FILD or FILA ADJUDICATED,12,235593684,zebra,7695,152,7543,0.019753086419753086,0.019753086419753086,0.7906083684210526,0.7474563499602387,0.8337603868818666,0.4064944686586294,-4.456003274412804,0.1645286983073308,0.5705269924837718,0.9256231612046696,0.5902800789035249,0.03346392183257386,0.7905726466504324,3.572177062027837e-05
FILD or FILA ADJUDICATED,12,235593684,genomic,7695,152,7543,0.019753086419753086,0.019753086419753086,0.5705449276315789,0.5227188246715679,0.6183710305915899,0.13091026006346768,-3.6573087549880405,0.3325769948702302,0.3052154203279722,0.530750716348392,0.3249685067477253,0.06078461761553868,0.570475763517238,6.916411434088054e-05
FILD or FILA ADJUDICATED,12,235593684,combined,7695,152,7543,0.019753086419753086,0.019753086419753086,0.7752594013157895,0.7312202482545144,0.8192985543770647,0.03704373084369076,-2.035101197387326,1.0506424083366412,0.10126232669958735,0.32948630423007697,0.12101541311934046,0.16322785594487374,0.7751845559145112,7.484540127833395e-05
FILD or FILA ADJUDICATED,13,579377016,zebra,7695,152,7543,0.019753086419753086,0.019753086419753086,0.7920109407894738,0.7489453562857866,0.8350765252931609,0.4039283505256349,-4.534576195865019,0.18269936803172324,0.5690999852580698,0.9225370584058946,0.5888530716778229,0.03354501720347741,0.7919899593209458,2.098146852791416e-05
FILD or FILA ADJUDICATED,13,579377016,genomic,7695,152,7543,0.019753086419753086,0.019753086419753086,0.5655190131578947,0.5177557119571142,0.6132823143586751,0.08004887121781257,-3.5267862760075954,0.29307413823279416,0.20865066183477973,0.4890362535992725,0.2284037482545328,0.0864831972798462,0.5654371079495105,8.190520838413651e-05
FILD or FILA ADJUDICATED,13,579377016,combined,7695,152,7543,0.019753086419753086,0.019753086419753086,0.7820547302631579,0.7383952580170138,0.8257142025093019,0.04563174744492877,-2.3235900114366874,0.9973973385644663,0.11866916855835036,0.3813913604112893,0.13842225497810343,0.14270166616544258,0.7819693406923114,8.538957084647247e-05
FILD or FILA ADJUDICATED,14,765374404,zebra,7695,152,7543,0.019753086419753086,0.019753086419753086,0.8478450252546689,0.8090537192528713,0.8866363312564665,0.4025523066036418,-4.636468490314655,0.1912302208051207,0.5697588714547925,0.9269277089035732,0.5895119578745456,0.033507524581811374,0.8477740777437429,7.094751092595608e-05
FILD or FILA ADJUDICATED,14,765374404,genomic,7695,152,7543,0.019753086419753086,0.019753086419753086,0.5627436447368421,0.5150178447298344,0.6104694447438499,0.06536253100627179,-3.5846601035099845,0.1586461667439136,0.14709276821881312,0.5059597366423466,0.1668458546385662,0.118391232809132,0.5626844686952699,5.917604157223977e-05
FILD or FILA ADJUDICATED,14,765374404,combined,7695,152,7543,0.019753086419753086,0.019753086419753086,0.8077977368421053,0.7657704503255554,0.8498250233586553,0.09730425271981022,-3.0920222580916725,1.4205861130449298,0.24917553818292387,0.513413630299815,0.2689286246026769,0.07345103723687606,0.8077182050977902,7.953174431507559e-05
FILD or FILA ADJUDICATED,15,901771067,zebra,7695,152,7543,0.019753086419753086,0.019753086419753086,0.8031150486111112,0.7607669698006898,0.8454631274215325,0.4059920658317565,-4.50866850241769,0.17295068200160815,0.5705579939110776,0.9216443430639448,0.5903110803308307,0.03346216440437265,0.8030563366523161,5.871195879503244e-05
FILD or FILA ADJUDICATED,15,901771067,genomic,7695,152,7543,0.019753086419753086,0.019753086419753086,0.5766240131578948,0.5287307931827187,0.624517233133071,0.06416310878078356,-3.524444870624889,0.14500111079667152,0.120734091565499,0.54821215683454,0.13784007251255942,0.14330438209798,0.576575005058716,4.900809917884885e-05
FILD or FILA ADJUDICATED,15,901771067,combined,7695,152,7543,0.019753086419753086,0.019753086419753086,0.7954979144736842,0.7526512404852781,0.8383445884620904,0.023224290203849283,-0.16105754382711449,1.7040812986118237,0.0630228922719074,0.1274675378210493,0.08277597869166048,0.23863307606827694,0.795441224697698,5.6689775986273894e-05
FILD or FILA ADJUDICATED,16,1505502923,zebra,7695,152,7543,0.019753086419753086,0.019753086419753086,0.821300377631579,0.7802619485986239,0.8623388066645342,0.40656806787013594,-4.607171109782184,0.19355675307323889,0.5720713834145023,0.9203526703862527,0.5918244698342554,0.033376596316277825,0.8212537591492984,4.661848228060261e-05
FILD or FILA ADJUDICATED,16,1505502923,genomic,7695,152,7543,0.019753086419753086,0.019753086419753086,0.5648064868421053,0.5170526222955067,0.6125603513887039,0.06431501391654203,-3.5771611414914863,0.16240236094120325,0.14767877487059722,0.4882697037326074,0.1660391323995894,0.11896645166884728,0.5647192935939211,8.719324818418084e-05
FILD or FILA ADJUDICATED,16,1505502923,combined,7695,152,7543,0.019753086419753086,0.019753086419753086,0.7999380855263158,0.7573786039280234,0.8424975671246083,0.051225569977186115,-2.4072981883994995,1.1440142707213523,0.13994356948222159,0.41218781182744313,0.15969665590197468,0.12369129652832533,0.7998580070752249,8.007845109092582e-05
FILD or FILA ADJUDICATED,17,1370819842,zebra,7695,152,7543,0.019753086419753086,0.019753086419753086,0.8312929890849283,0.7910509070522913,0.8715350711175653,0.4018071783553696,-4.617333495778459,0.17742947739330087,0.5680502709740749,0.9198256909836638,0.5878033573938282,0.03360492275398577,0.8312115799242239,8.14091607044265e-05
FILD or FILA ADJUDICATED,17,1370819842,genomic,7695,152,7543,0.019753086419753086,0.019753086419753086,0.5630359638157895,0.515306119638191,0.610765807993388,0.045742116881417993,-3.400389145004828,0.3113275310411722,0.15190641997439533,0.2383373188872428,0.17165950639414843,0.11507132249581276,0.5629674951331662,6.846868262322392e-05
FILD or FILA ADJUDICATED,17,1370819842,combined,7695,152,7543,0.019753086419753086,0.019753086419753086,0.7956973625428476,0.7528633848512881,0.8385313402344071,0.03200404480778507,-0.6409980720696438,1.9376340867989457,0.1063248543352227,0.19559950621376476,0.1260779407549758,0.15667361238189884,0.7956335431246816,6.381941816602232e-05
FILD or FILA ADJUDICATED,18,972220114,zebra,7695,152,7543,0.019753086419753086,0.019753086419753086,0.8084422481203007,0.7664599856193425,0.850424510621259,0.40513190030936336,-4.508102780135994,0.1733638828851348,0.5702727531763602,0.9156408634674394,0.5900258395961134,0.03347834127616265,0.8083941542175737,4.809390272708658e-05
FILD or FILA ADJUDICATED,18,972220114,genomic,7695,152,7543,0.019753086419753086,0.019753086419753086,0.6086747434210527,0.5605907529371746,0.6567587339049307,0.0695710014412274,-3.3446308628204258,0.36842241633141487,0.1766105168824377,0.4680355032803479,0.19636360330219077,0.1005944385190079,0.6086254596454016,4.928377565105446e-05
FILD or FILA ADJUDICATED,18,972220114,combined,7695,152,7543,0.019753086419753086,0.019753086419753086,0.799736625,0.7571639053360789,0.842309344663921,0.08939056037538495,-3.0550956432461316,1.1511445308618238,0.2269368418901378,0.538374111423047,0.24668992830989087,0.08007252892359408,0.7996844407851126,5.218421488739633e-05
FILD or FILA ADJUDICATED,19,858936591,zebra,7695,152,7543,0.019753086419753086,0.019753086419753086,0.8138980414086687,0.7723055231173062,0.8554905597000313,0.40370451828643567,-4.56337966339505,0.18023552084584035,0.5692547512652979,0.9249972276990316,0.5890078376850509,0.03353620301113087,0.8138968161488169,1.225259851800331e-06
FILD or FILA ADJUDICATED,19,858936591,genomic,7695,152,7543,0.019753086419753086,0.019753086419753086,0.596382125,0.5483385119445154,0.6444257380554845,0.10829735170389446,-3.6209343890031804,0.2181304484130837,0.23586452436252067,0.5859365563199006,0.2555814435055991,0.0772868567796486,0.59633539635912,4.6728640879956096e-05
FILD or FILA ADJUDICATED,19,858936591,combined,7695,152,7543,0.019753086419753086,0.019753086419753086,0.8011865197368422,0.7587095175575139,0.8436635219161704,0.028371284114687166,-0.4363038908013165,1.8584755946118867,0.09056380422960592,0.16933340597994748,0.11031689064935897,0.1790576792318962,0.8011392577293692,4.7262007472959056e-05
FILD or FILA ADJUDICATED,20,1937420067,zebra,7695,152,7543,0.019753086419753086,0.019753086419753086,0.8352709541742287,0.7953620703451033,0.8751798380033541,0.404935924388892,-4.655274367671065,0.19455627797062625,0.5709187290734741,0.9267071669023658,0.5906718154932271,0.03344172838729188,0.8351918299992325,7.91241749962257e-05
FILD or FILA ADJUDICATED,20,1937420067,genomic,7695,152,7543,0.019753086419753086,0.019753086419753086,0.554104322368421,0.5065080293406817,0.6017006153961603,0.019832888086889596,-3.2132827532905726,0.09521202823788144,0.017283814044625957,0.02446248997717401,0.005609890117210185,3.521118240650381,0.5540314477696295,7.287459879146141e-05
FILD or FILA ADJUDICATED,20,1937420067,combined,7695,152,7543,0.019753086419753086,0.019753086419753086,0.8043277894736842,0.7620617310446407,0.8465938479027277,0.06720120847138882,-2.9103840493700606,0.9870851147471682,0.1637016736284174,0.5015193427224934,0.1834547600481705,0.10767279308842373,0.804299210840305,2.857863337923927e-05
FILD or FILA ADJUDICATED,21,396721340,zebra,7695,152,7543,0.019753086419753086,0.019753086419753086,0.824197175721562,0.7833837606452453,0.8650105907978788,0.4036857610753042,-4.579549199628261,0.18436578860297506,0.5692212566134376,0.9169699929685499,0.5889743430331906,0.03353811019683065,0.8241428965161146,5.427920544742726e-05
FILD or FILA ADJUDICATED,21,396721340,genomic,7695,152,7543,0.019753086419753086,0.019753086419753086,0.5430854407894736,0.49568215408782257,0.5904887274911247,0.020631449048595978,-3.3443597913465957,0.0816698363482807,0.01787238209677653,0.02775110295360737,0.0074345312948486,2.65693769201564,0.5430025747120021,8.286607747154395e-05
FILD or FILA ADJUDICATED,21,396721340,combined,7695,152,7543,0.019753086419753086,0.019753086419753086,0.8186696118421053,0.777430858425362,0.8599083652588486,0.02959933891997667,-0.4097917559242079,1.9900465426316667,0.09446443311683478,0.1739962232003559,0.11421751953658786,0.17294270178425195,0.8185682787108299,0.0001013331312753607
FILD or FILA ADJUDICATED,22,1260135417,zebra,7695,152,7543,0.019753086419753086,0.019753086419753086,0.8172529981203007,0.7759079388022929,0.8585980574383085,0.4035074270935489,-4.586904366648357,0.1817618693174142,0.5692405280474393,0.9286820502471758,0.5889936144671923,0.033537012854752024,0.8172251023953894,2.789572491135317e-05
FILD or FILA ADJUDICATED,22,1260135417,genomic,7695,152,7543,0.019753086419753086,0.019753086419753086,0.607114913870614,0.5590337537006023,0.6551960740406257,0.07325288917833273,-3.2793598150866137,0.490387073803852,0.2025936473461185,0.4082665618169625,0.22234673376587163,0.08883911216142641,0.606994459833795,0.00012045403681903988
FILD or FILA ADJUDICATED,22,1260135417,combined,7695,152,7543,0.019753086419753086,0.019753086419753086,0.8058484144736842,0.7636862422337907,0.8480105867135777,0.04575470880311415,-2.3387412056286125,0.9829423472195133,0.115518298033068,0.391490435517585,0.13527138445282108,0.14602560992227012,0.8057854267114158,6.298776226831837e-05
FILD or FILA ADJUDICATED,23,2106134752,zebra,7695,152,7543,0.019753086419753086,0.019753086419753086,0.7957173625730994,0.752884659078037,0.8385500660681618,0.40650524418870976,-4.503275353493023,0.17205459631973255,0.570663433828864,0.9227016173450394,0.5904165202486169,0.03345618854200643,0.7956575284160288,5.9834157070670635e-05
FILD or FILA ADJUDICATED,23,2106134752,genomic,7695,152,7543,0.019753086419753086,0.019753086419753086,0.544589447368421,0.4971579894485455,0.5920209052882964,0.028148604927765067,-3.5377626337091854,0.07486063997640882,0.04061622046161933,0.246691413686759,0.04115159013067914,0.48000785284422964,0.5445219338947926,6.751347362832227e-05
FILD or FILA ADJUDICATED,23,2106134752,combined,7695,152,7543,0.019753086419753086,0.019753086419753086,0.7552372763157895,0.7101940264003115,0.8002805262312676,0.06379715399818814,-2.874176977223268,0.668560760992991,0.13542228314858354,0.5357570284830685,0.1551753695683366,0.12729524327669903,0.7551590181206695,7.825819511997345e-05
FILD or FILA ADJUDICATED,24,106588613,zebra,7695,152,7543,0.019753086419753086,0.019753086419753086,0.8142778428362574,0.772713037180133,0.8558426484923818,0.40582316979445404,-4.51928820495139,0.1749367467648105,0.5710076434754476,0.9138788397768618,0.5907607298952008,0.033436695129104514,0.8141881284146333,8.971442162408749e-05
FILD or FILA ADJUDICATED,24,106588613,genomic,7695,152,7543,0.019753086419753086,0.019753086419753086,0.552814644736842,0.5052393352047666,0.6003899542689175,0.024571698268958924,-3.4341728514716867,0.09809179733143339,0.031207902074444082,0.17159021177399464,0.032546097072832354,0.6069264273239647,0.5527545580775484,6.008665929368995e-05
FILD or FILA ADJUDICATED,24,106588613,combined,7695,152,7543,0.019753086419753086,0.019753086419753086,0.8041363750000001,0.7618573218799151,0.8464154281200852,0.0671351238465271,-2.670229550159702,1.1695579253345647,0.17482737776196483,0.4624223923701666,0.19458046418171795,0.10151628789057546,0.8041003509702269,3.602402977320729e-05
FILD or FILA ADJUDICATED,25,1319911130,zebra,7695,152,7543,0.019753086419753086,0.019753086419753086,0.8056297621610845,0.7634525802567013,0.8478069440654677,0.40582300415685957,-4.567218860615012,0.1806919370935755,0.5707949719670544,0.9203552723847542,0.5905480583868076,0.03344873654095542,0.8055761005323863,5.366162869824276e-05
FILD or FILA ADJUDICATED,25,1319911130,genomic,7695,152,7543,0.019753086419753086,0.019753086419753086,0.5272420394736842,0.4801703028297457,0.5743137761176227,0.030608723863927646,-3.581531528411262,0.11631349537871896,0.06717761487621146,0.260494001402764,0.08455055608563275,0.23362455948541808,0.5271958316180216,4.620785566256114e-05
FILD or FILA ADJUDICATED,25,1319911130,combined,7695,152,7543,0.019753086419753086,0.019753086419753086,0.804260308114035,0.7619896664334661,0.846530949794604,0.05495245981337524,-2.1048318892868068,1.5524713661570437,0.15997907997130767,0.35179108576233253,0.17973216639106077,0.10990290061253907,0.8042071945407732,5.3113573261875935e-05
FILD or FILA ADJUDICATED,26,389299636,zebra,7695,152,7543,0.019753086419753086,0.019753086419753086,0.8215930612041467,0.780577154655878,0.8626089677524154,0.4049498488396107,-4.531979310779274,0.1789973974990558,0.5704784512703438,0.9191549354072556,0.5902315376900968,0.0334666739379225,0.8215114920072287,8.156919691792996e-05
FILD or FILA ADJUDICATED,26,389299636,genomic,7695,152,7543,0.019753086419753086,0.019753086419753086,0.549766927631579,0.5022429017742209,0.597290953488937,0.11217987556110864,-3.65993577882676,0.2763455928307404,0.27858406183657125,0.5056281850746241,0.29833714825632435,0.06621061619447302,0.5496914183244137,7.550930716526683e-05
FILD or FILA ADJUDICATED,26,389299636,combined,7695,152,7543,0.019753086419753086,0.019753086419753086,0.7407710657894736,0.6951030116059048,0.7864391199730424,0.048190940791332584,-2.679105895855961,0.5853822737327009,0.09462924135086567,0.47457806760371235,0.11363546978173913,0.17382852781524158,0.7407059176510812,6.51481383924235e-05
FILD or FILA ADJUDICATED,27,858406618,zebra,7695,152,7543,0.019753086419753086,0.019753086419753086,0.8108848591749644,0.7690751725203139,0.852694545829615,0.40611641854525266,-4.527632034975779,0.1745636577719666,0.5711094813414418,0.9141519476404051,0.590862567761195,0.03343093216176889,0.8108280071450003,5.685202996419392e-05
FILD or FILA ADJUDICATED,27,858406618,genomic,7695,152,7543,0.019753086419753086,0.019753086419753086,0.6008764342105264,0.552813272711342,0.6489395957097108,0.028140504492485917,-2.6821117112022583,0.5349588526157918,0.07739294816210655,0.19536340893807802,0.09714603458185965,0.20333394466151103,0.6008123600131178,6.407419740861453e-05
FILD or FILA ADJUDICATED,27,858406618,combined,7695,152,7543,0.019753086419753086,0.019753086419753086,0.8100157434210526,0.7681442983662335,0.8518871884758717,0.031000073370784555,-2.133538586801853,0.7420632778295594,0.05960799362620888,0.3295129771238027,0.07929211842638058,0.2491179049288865,0.8099920107175005,2.3732703552159506e-05
FILD or FILA ADJUDICATED,28,1550531150,zebra,7695,152,7543,0.019753086419753086,0.019753086419753086,0.8169697663412564,0.7756035829171698,0.858335949765343,0.40494414905692755,-4.552821814824051,0.18206609524620318,0.5701035095631982,0.9226228877142297,0.5898565959829513,0.03348794699300779,0.8169111131268446,5.8653214411785726e-05
FILD or FILA ADJUDICATED,28,1550531150,genomic,7695,152,7543,0.019753086419753086,0.019753086419753086,0.5344627302631579,0.48723203149536576,0.5816934290309501,0.03355075324016217,-3.596562307507857,0.10648052963803445,0.06745857541297691,0.3134596419017258,0.08502198603155908,0.23232915792417494,0.5344062462931822,5.648396997570693e-05
FILD or FILA ADJUDICATED,28,1550531150,combined,7695,152,7543,0.019753086419753086,0.019753086419753086,0.788779125,0.7455157589229365,0.8320424910770635,0.0298754717901913,-2.1154407425257777,0.6533888529818523,0.04958038666560338,0.30514112676814975,0.06931605957799034,0.28497128284576073,0.7887523810852864,2.67439147135784e-05
FILD or FILA ADJUDICATED,29,61889481,zebra,7695,152,7543,0.019753086419753086,0.019753086419753086,0.8209328796689304,0.7798662381638478,0.8619995211740129,0.40163439523333705,-4.540591680684285,0.18062290171754486,0.5675222150600859,0.9214274001623385,0.587275301479839,0.03363513903952456,0.8208551672167294,7.771245220100642e-05
FILD or FILA ADJUDICATED,29,61889481,genomic,7695,152,7543,0.019753086419753086,0.019753086419753086,0.5905919342105264,0.5425815671761394,0.6386023012449134,0.11163775044232886,-3.503733904935436,0.4680583590912866,0.27568965864581374,0.5212457544955024,0.29544274506556684,0.06685927053436136,0.5905396777772352,5.225643329120899e-05
FILD or FILA ADJUDICATED,29,61889481,combined,7695,152,7543,0.019753086419753086,0.019753086419753086,0.7892940526315788,0.7460618733518385,0.8325262319113191,0.036201423004122435,-2.2735076797503884,0.869138506682265,0.08706643230485774,0.3602727635230084,0.10681951872461085,0.18492019675428517,0.7892285981425792,6.54544889996389e-05
FILD or FILA ADJUDICATED,30,148875290,zebra,7695,152,7543,0.019753086419753086,0.019753086419753086,0.831019647556391,0.7907550157217953,0.8712842793909867,0.4044787937968574,-4.571611657720577,0.17983822229037288,0.5700369883485209,0.920025293566076,0.5897900747682739,0.033491724029967765,0.8309664938562766,5.315370011438336e-05
FILD or FILA ADJUDICATED,30,148875290,genomic,7695,152,7543,0.019753086419753086,0.019753086419753086,0.5760217631578948,0.5281347584373827,0.6239087678784069,0.030730956572254223,-3.0661861017551106,0.36934464164812886,0.08377971947343102,0.23596987655960544,0.1035328058931841,0.19079060254710528,0.5759967414891465,2.5021668748292925e-05
FILD or FILA ADJUDICATED,30,148875290,combined,7695,152,7543,0.019753086419753086,0.019753086419753086,0.8094268355263159,0.767513765667636,0.8513399053849958,0.049812016150438294,-1.4254318987321455,2.0807450294971495,0.16233550191328588,0.2909095070554155,0.18208858833303898,0.10848063901525122,0.8093823482210764,4.448730523953781e-05
NONFIBROTIC ILD ADJUDICATED,1,677550801,zebra,7695,16,7679,0.002079272254710851,0.002079272254710851,0.8108995543478261,0.6824479033654072,0.9393512053302451,0.41481894779019607,-6.578913041178381,0.13069846501414029,0.5855111230409653,0.984567019955663,0.5875903952956761,0.003538642345684631,0.8109372965229847,-3.774217515861711e-05
NONFIBROTIC ILD ADJUDICATED,1,677550801,genomic,7695,16,7679,0.002079272254710851,0.002079272254710851,0.5148845625,0.37196461934908287,0.6578045056509172,0.006336026753917436,-5.645493649047811,0.050781608385363844,0.010341666739365792,0.08531971787961903,0.009069742023169139,0.229253737250656,0.5149433519989581,-5.8789498958100594e-05
NONFIBROTIC ILD ADJUDICATED,1,677550801,combined,7695,16,7679,0.002079272254710851,0.002079272254710851,0.7282529375,0.5866726145782155,0.8698332604217844,0.008256619178711658,-4.429430810382669,0.3423997953296465,0.022273005310529483,0.19313167869318923,0.0240551758794093,0.08643762428237584,0.7282930720145853,-4.013451458528827e-05
NONFIBROTIC ILD ADJUDICATED,2,498999188,zebra,7695,16,7679,0.002079272254710851,0.002079272254710851,0.84538449609375,0.7254393028614908,0.9653296893260092,0.41395200268274746,-6.616679352787907,0.13011453098554854,0.5850232159651879,0.984618612949152,0.5871024882198987,0.003541583107602265,0.845243521291835,0.00014097480191499479
NONFIBROTIC ILD ADJUDICATED,2,498999188,genomic,7695,16,7679,0.002079272254710851,0.002079272254710851,0.485384875,0.34523431571434565,0.6255354342856543,0.007825759558305797,-6.249801496434397,-0.006210462661990991,0.016330020754989173,0.14094387937147082,0.014781788205198933,0.14066445993181975,0.48529268133871595,9.219366128404571e-05
NONFIBROTIC ILD ADJUDICATED,2,498999188,combined,7695,16,7679,0.002079272254710851,0.002079272254710851,0.64999425,0.5031975088718791,0.7967909911281209,0.004308781965009196,-5.692385833639044,0.09087065881940698,0.021182015969521607,0.11343257579671799,0.022495975934819033,0.09242863082426113,0.649970699309806,2.355069019399636e-05
NONFIBROTIC ILD ADJUDICATED,3,1883012675,zebra,7695,16,7679,0.002079272254710851,0.002079272254710851,0.8856214204545454,0.7787144802191239,0.9925283606899669,0.4151981729380022,-6.819142296827878,0.15717821166379625,0.5859658087621943,0.983053994546568,0.5880450810169051,0.00353590621167202,0.8852959369709598,0.0003254834835856313
NONFIBROTIC ILD ADJUDICATED,3,1883012675,genomic,7695,16,7679,0.002079272254710851,0.002079272254710851,0.40732824999999995,0.277623478812853,0.5370330211871469,0.029075717702697925,-6.287251324977527,-0.019090522659218935,0.08190285269255786,0.42681736852370195,0.08088436493434009,0.025706726589233314,0.4072063419716109,0.00012190802838907278
NONFIBROTIC ILD ADJUDICATED,3,1883012675,combined,7695,16,7679,0.002079272254710851,0.002079272254710851,0.5648346249999999,0.418748705447292,0.7109205445527078,0.01027700818801455,-5.217961906923535,0.19797772645197614,0.02777420024007124,0.21857425457402985,0.02923305702514803,0.07112743128172111,0.5648644029170464,-2.97779170465029e-05
NONFIBROTIC ILD ADJUDICATED,4,732020924,zebra,7695,16,7679,0.002079272254710851,0.002079272254710851,0.8459066230769231,0.7261072331438911,0.9657060130099551,0.41332827693361057,-6.546622288407929,0.1277193696272719,0.585223724304421,0.9841544919679939,0.5873029965591319,0.003540373992458426,0.8458620914181534,4.453165876971976e-05
NONFIBROTIC ILD ADJUDICATED,4,732020924,genomic,7695,16,7679,0.002079272254710851,0.002079272254710851,0.560256,0.4143787627494284,0.7061332372505715,0.02394371240475585,-8.38014502709866,-0.08099674657906421,0.02394176894142754,0.2197817039016687,0.02212240571855554,0.09398942778482841,0.560204779268134,5.122073186603071e-05
NONFIBROTIC ILD ADJUDICATED,4,732020924,combined,7695,16,7679,0.002079272254710851,0.002079272254710851,0.7063125,0.5626408999859471,0.8499841000140529,0.002164284680991175,-3.842309376880809,0.1756500966193375,0.001539729585348099,0.003895991740040459,0.0005414973932191331,3.839856443906114,0.7062443026435734,6.819735642660252e-05
NONFIBROTIC ILD ADJUDICATED,5,1370113701,zebra,7695,16,7679,0.002079272254710851,0.002079272254710851,0.7798985787671233,0.6454516726697574,0.9143454848644892,0.4174098753978941,-6.558327278280805,0.12405104292637024,0.5878353279664894,0.9872813984619806,0.5899146002212002,0.0035247004463547543,0.7797971741112124,0.0001014046559109083
NONFIBROTIC ILD ADJUDICATED,5,1370113701,genomic,7695,16,7679,0.002079272254710851,0.002079272254710851,0.5702861461956522,0.4239736376629697,0.7165986547283347,0.026983709563539827,-5.7264154932918565,0.01765876828327489,0.02629571553668467,0.24720198838284224,0.02525607940932924,0.0823275941214691,0.5703338650865998,-4.771889094756787e-05
NONFIBROTIC ILD ADJUDICATED,5,1370113701,combined,7695,16,7679,0.002079272254710851,0.002079272254710851,0.6491629999999999,0.5023427532915303,0.7959832467084695,0.00499909583481022,-5.14281775136483,0.19732263052332688,0.018858751042587035,0.13991153516223542,0.02063827771816028,0.10074834165455739,0.649091678603985,7.132139601495613e-05
NONFIBROTIC ILD ADJUDICATED,6,1301859205,zebra,7695,16,7679,0.002079272254710851,0.002079272254710851,0.8487665441176471,0.7297756062387712,0.9677574819965229,0.41376114583656637,-6.591860714115437,0.1327067084827926,0.584807904202279,0.9845782353153233,0.5868871764569898,0.003542882410999878,0.8487677431957287,-1.1990780816040214e-06
NONFIBROTIC ILD ADJUDICATED,6,1301859205,genomic,7695,16,7679,0.002079272254710851,0.002079272254710851,0.44914713989562194,0.3132886848317525,0.5850055949594914,0.056003918522477505,-7.805289242586304,-0.06121612009872415,0.05602132032970478,0.5390702077104913,0.05394204807499393,0.038546409135598717,0.44914702435212916,1.1554349277353992e-07
NONFIBROTIC ILD ADJUDICATED,6,1301859205,combined,7695,16,7679,0.002079272254710851,0.002079272254710851,0.6457866875,0.49887743514843247,0.7926959398515676,0.011248914575228154,-5.276629321176583,0.16318146304909734,0.041527249110621105,0.2520761260618654,0.04255744623791498,0.04885801283955804,0.6457220992316708,6.458826832922426e-05
NONFIBROTIC ILD ADJUDICATED,7,1163929932,zebra,7695,16,7679,0.002079272254710851,0.002079272254710851,0.8169620162671233,0.6898554026154063,0.9440686299188402,0.41550768130174487,-6.561712213520614,0.12612014450215803,0.5863571488670232,0.9863341650971266,0.5884364211217339,0.0035335546544640168,0.8168137127230108,0.00014830354411243807
NONFIBROTIC ILD ADJUDICATED,7,1163929932,genomic,7695,16,7679,0.002079272254710851,0.002079272254710851,0.4823635625,0.3425335815038609,0.6221935434961392,0.016828825819476048,-6.4935736868314775,-0.015278775985071012,0.019000877776910393,0.17169987903702136,0.01744142418002683,0.11921459126554265,0.4822486651907801,0.00011489730921993013
NONFIBROTIC ILD ADJUDICATED,7,1163929932,combined,7695,16,7679,0.002079272254710851,0.002079272254710851,0.542,0.3971198900365461,0.686880109963454,0.011588316342424508,-5.3807180840398985,0.034162406237084296,0.012599541162393308,0.10903054742253913,0.011300009642665594,0.18400623720356094,0.542005795025394,-5.7950253939953456e-06
NONFIBROTIC ILD ADJUDICATED,8,1979520626,zebra,7695,16,7679,0.002079272254710851,0.002079272254710851,0.8324535390625001,0.7090671818996103,0.9558398962253899,0.4154521090553237,-6.571635431453666,0.12499715817513872,0.5853624252584032,0.9850385359043287,0.587441697513114,0.0035395380741838358,0.8324000520901159,5.3486972384164666e-05
NONFIBROTIC ILD ADJUDICATED,8,1979520626,genomic,7695,16,7679,0.002079272254710851,0.002079272254710851,0.5123481875,0.36964047268507183,0.6550559023149282,0.0022926073932811007,-5.984448041874596,0.012436450380003003,0.0034287433905852735,0.014157262301481979,0.0014838246026860986,1.4012924781991356,0.512306289881495,4.1897618505037926e-05
NONFIBROTIC ILD ADJUDICATED,8,1979520626,combined,7695,16,7679,0.002079272254710851,0.002079272254710851,0.7110719999999999,0.5678100845998464,0.8543339154001535,0.005727190519236902,-4.248959079317519,0.39346767755927026,0.017740079745933644,0.14732781845362355,0.019599968493099546,0.10608548964978638,0.7111196119286366,-4.761192863667052e-05
NONFIBROTIC ILD ADJUDICATED,9,906386264,zebra,7695,16,7679,0.002079272254710851,0.002079272254710851,0.8646556875,0.7504747285198943,0.9788366464801057,0.41511394373079813,-6.674557486664852,0.13745698141782928,0.5859382640228034,0.9849482832861657,0.5880175362775141,0.003536071845533432,0.8646430199244693,1.2667575530644903e-05
NONFIBROTIC ILD ADJUDICATED,9,906386264,genomic,7695,16,7679,0.002079272254710851,0.002079272254710851,0.59123975,0.44428048132961084,0.7381990186703891,0.0032739616819031023,-4.887450116520058,0.2713526274485505,0.014631504252596303,0.08328720009592686,0.01624669979456417,0.12798120732227322,0.5911821200677172,5.762993228275448e-05
NONFIBROTIC ILD ADJUDICATED,9,906386264,combined,7695,16,7679,0.002079272254710851,0.002079272254710851,0.653952,0.5072758505423606,0.8006281494576394,0.004248320110841843,-6.488190638181125,-0.05739059774467886,0.012380586526792655,0.11308273755231164,0.014134793869818753,0.14710311829524494,0.6539344315666102,1.756843338973635e-05
NONFIBROTIC ILD ADJUDICATED,10,168038937,zebra,7695,16,7679,0.002079272254710851,0.002079272254710851,0.8237156962025316,0.6981795776397912,0.949251814765272,0.4201968227235237,-6.449697290253255,0.10451670088731163,0.5901811698227843,0.9875644301442132,0.5922604420774951,0.003510739713456645,0.823556941007944,0.0001587551945876342
NONFIBROTIC ILD ADJUDICATED,10,168038937,genomic,7695,16,7679,0.002079272254710851,0.002079272254710851,0.4449888124999999,0.3096849258002658,0.5802926991997339,0.00455807953981892,-6.153440186682365,0.0021478553922137655,0.013935194820985776,0.11475372321390982,0.014447049958716625,0.14392365643176325,0.444898424273994,9.038822600587748e-05
NONFIBROTIC ILD ADJUDICATED,10,168038937,combined,7695,16,7679,0.002079272254710851,0.002079272254710851,0.5188501875050044,0.3756082620505476,0.6620921129594612,0.2127356459579393,-5.972147628251304,0.02373453749512177,0.2127392082136119,0.9986996098829649,0.2127392082136119,0.009773808373974248,0.5188501106914963,7.681350810972987e-08
NONFIBROTIC ILD ADJUDICATED,11,1733065744,zebra,7695,16,7679,0.002079272254710851,0.002079272254710851,0.8182130647058824,0.6913915503938783,0.9450345790178865,0.4149196349538665,-6.55574827922049,0.12005675894466998,0.5854211628714987,0.985214671933671,0.5875004351262095,0.0035391841952664635,0.8181973564266181,1.5708279264337044e-05
NONFIBROTIC ILD ADJUDICATED,11,1733065744,genomic,7695,16,7679,0.002079272254710851,0.002079272254710851,0.6195,0.4722459461701576,0.7667540538298425,0.002455375987591144,-4.962197858064969,0.1266157861672031,0.0037298898029502468,0.01958187884704817,0.0022702000556027793,0.915898248517471,0.6194165907019142,8.340929808581254e-05
NONFIBROTIC ILD ADJUDICATED,11,1733065744,combined,7695,16,7679,0.002079272254710851,0.002079272254710851,0.515125625,0.37218576640183454,0.6580654835981655,0.007404856847328866,-5.992261469353467,0.010620968029655384,0.007841471009522172,0.05889483055879402,0.006024421006142924,0.3451405956839136,0.5150817163693189,4.390863068115536e-05
NONFIBROTIC ILD ADJUDICATED,12,1025983712,zebra,7695,16,7679,0.002079272254710851,0.002079272254710851,0.8608310403963415,0.745440938678709,0.976221142113974,0.41506750005073406,-6.617807476970843,0.1293014578944604,0.5862685320602989,0.9850301811076814,0.5883478043150098,0.0035340868776278784,0.8606263836437036,0.0002046567526379217
NONFIBROTIC ILD ADJUDICATED,12,1025983712,genomic,7695,16,7679,0.002079272254710851,0.002079272254710851,0.483125625,0.3432141417304927,0.6230371082695073,0.01362136049203301,-5.827783006459229,0.013052717880062771,0.013812776782116799,0.11855755498492107,0.011993413559244924,0.17336784431218738,0.48304629509050656,7.932990949344187e-05
NONFIBROTIC ILD ADJUDICATED,12,1025983712,combined,7695,16,7679,0.002079272254710851,0.002079272254710851,0.35678643749999994,0.23621962345385916,0.4773532515461407,0.009138092169028882,-8.067251335767086,-0.0688607078333475,0.009231892383824842,0.07147975570588591,0.0071526201291139905,0.2907007805779299,0.3567196249511655,6.681254883444954e-05
NONFIBROTIC ILD ADJUDICATED,13,1369089697,zebra,7695,16,7679,0.002079272254710851,0.002079272254710851,0.8519162429577465,0.7338352184535224,0.9699972674619706,0.4121097397701873,-6.687894924194043,0.14301378014640026,0.5838217679570733,0.983353011126728,0.5859010402117841,0.0035488454739033433,0.8518524547467118,6.378821103469878e-05
NONFIBROTIC ILD ADJUDICATED,13,1369089697,genomic,7695,16,7679,0.002079272254710851,0.002079272254710851,0.512179625,0.3694861881153456,0.6548730618846544,0.0026205026907354816,-5.872210006997768,0.02115763621315671,0.0032002459197175404,0.014022962152692987,0.0016863803996950827,1.232979377065108,0.5120783956244302,0.00010122937556977796
NONFIBROTIC ILD ADJUDICATED,13,1369089697,combined,7695,16,7679,0.002079272254710851,0.002079272254710851,0.502305625,0.3604862055558832,0.6441250444441168,0.00510402564452575,-6.258178025259452,-0.017289567945991745,0.021104811503563706,0.1515758547202512,0.02265407944300907,0.09178356860368932,0.502327777054304,-2.2152054304003244e-05
NONFIBROTIC ILD ADJUDICATED,14,1598389300,zebra,7695,16,7679,0.002079272254710851,0.002079272254710851,0.8668568470394736,0.7533873044050794,0.9803263896738679,0.41674221164423636,-6.6119845067884375,0.13212455780220103,0.587325678822399,0.9821470180691766,0.5894049510771099,0.0035277481991134933,0.8668771975517646,-2.035051229098972e-05
NONFIBROTIC ILD ADJUDICATED,14,1598389300,genomic,7695,16,7679,0.002079272254710851,0.002079272254710851,0.502686125,0.36083165645428816,0.6445405935457118,0.0027713679547254942,-6.173572537000554,-5.888759338301599e-05,0.006211915139199015,0.04144278589086775,0.005198663278536075,0.3999628641646447,0.5026533402786821,3.278472131784671e-05
NONFIBROTIC ILD ADJUDICATED,14,1598389300,combined,7695,16,7679,0.002079272254710851,0.002079272254710851,0.681179,0.5357301727586189,0.8266278272413811,0.0028552290083626117,-4.65002852053475,0.1357173593221254,0.0041470354317819135,0.026956092590366833,0.003327231323513209,0.6249256671806505,0.6811189608021878,6.0039197812167266e-05
NONFIBROTIC ILD ADJUDICATED,15,1784359557,zebra,7695,16,7679,0.002079272254710851,0.002079272254710851,0.8140680060975609,0.6863118252010153,0.9418241869941065,0.416076602239272,-6.550378909472102,0.12069074339904301,0.5869961754764217,0.9844749413221096,0.5890754477311326,0.00352972146898894,0.8140057299127491,6.227618481180475e-05
NONFIBROTIC ILD ADJUDICATED,15,1784359557,genomic,7695,16,7679,0.002079272254710851,0.002079272254710851,0.5306111875,0.3864852546809247,0.6747371203190753,0.01859226465356934,-5.963767333993805,0.042464712667486165,0.05302282928083904,0.35567055292244865,0.05500380242525705,0.03780233662093287,0.5306029430915484,8.244408451596463e-06
NONFIBROTIC ILD ADJUDICATED,15,1784359557,combined,7695,16,7679,0.002079272254710851,0.002079272254710851,0.7251005625,0.5831874568559123,0.8670136681440876,0.005290880344989008,-4.407769502994445,0.387814097455225,0.023382782568340754,0.15299947487535942,0.025362946682891102,0.0819807051880707,0.7251391782784217,-3.861577842168007e-05
NONFIBROTIC ILD ADJUDICATED,16,2327916,zebra,7695,16,7679,0.002079272254710851,0.002079272254710851,0.82268489453125,0.6969040424633455,0.9484657465991546,0.4149175794765712,-6.647276094552804,0.14035956514126396,0.5863437236000099,0.9842141695452428,0.5884229958547207,0.003533635274893667,0.8225110691496288,0.00017382538162125094
NONFIBROTIC ILD ADJUDICATED,16,2327916,genomic,7695,16,7679,0.002079272254710851,0.002079272254710851,0.577532875,0.4309562303638513,0.7241095196361487,0.004012102480517754,-5.63174797980036,0.03178577695209626,0.0052694727856600855,0.03320385847358264,0.003454886156788397,0.6018352444480275,0.5775084646438339,2.4410356166071345e-05
NONFIBROTIC ILD ADJUDICATED,16,2327916,combined,7695,16,7679,0.002079272254710851,0.002079272254710851,0.7287655000000001,0.5872403353396579,0.8702906646603422,0.006968255268339879,-4.427896064032494,0.4199304073687565,0.029910774112157458,0.18889016567329908,0.03199004636686831,0.06499747549176194,0.7287651386899336,3.6131006642126096e-07
NONFIBROTIC ILD ADJUDICATED,17,378182348,zebra,7695,16,7679,0.002079272254710851,0.002079272254710851,0.8065251899038461,0.6771397999228741,0.9359105798848182,0.41562605382952544,-6.607053820113866,0.13058845555406218,0.5861442559626769,0.9860038168355529,0.5882235282173879,0.003534833536856453,0.8065096366714416,1.555323240454154e-05
NONFIBROTIC ILD ADJUDICATED,17,378182348,genomic,7695,16,7679,0.002079272254710851,0.002079272254710851,0.57375,0.42730593990184124,0.7201940600981587,0.00288666859536954,-5.269282127305261,0.07115817579040318,0.004044059927227912,0.02575880926750046,0.003190646239596643,0.6516774654947989,0.5736912358379997,5.876416200023549e-05
NONFIBROTIC ILD ADJUDICATED,17,378182348,combined,7695,16,7679,0.002079272254710851,0.002079272254710851,0.5036789065438965,0.361733505067626,0.6456243080201669,0.6153346328784925,-6.173831552739354,0.0006654330508450153,0.6150747238466536,1.0,0.6158544509421703,0.003376239713019624,0.5036788644354734,4.210842308172147e-08
NONFIBROTIC ILD ADJUDICATED,18,1035405688,zebra,7695,16,7679,0.002079272254710851,0.002079272254710851,0.8767557690217391,0.7666327805870268,0.9868787574564515,0.4155360299615431,-6.695065767830466,0.14555824635470235,0.5861754922061186,0.9821127924688506,0.5882547644608296,0.0035346458377037157,0.8767376937101186,1.8075311620568968e-05
NONFIBROTIC ILD ADJUDICATED,18,1035405688,genomic,7695,16,7679,0.002079272254710851,0.002079272254710851,0.4549203946540281,0.3183130892369559,0.5915277000711003,0.03709420730753895,-6.942313587462382,-0.02938666728343755,0.037187250155616025,0.3508518051265783,0.03510797790090518,0.059225064473372634,0.4549176325042324,2.7621497957208696e-06
NONFIBROTIC ILD ADJUDICATED,18,1035405688,combined,7695,16,7679,0.002079272254710851,0.002079272254710851,0.4699211049700798,0.3314830436425117,0.6083591662976479,0.060044904764002156,-7.151203590114107,-0.03781395990459044,0.059847944807446166,0.578610305575712,0.05802858158457417,0.03583186419403343,0.46992609714806616,-4.992177986384849e-06
NONFIBROTIC ILD ADJUDICATED,19,486370849,zebra,7695,16,7679,0.002079272254710851,0.002079272254710851,0.8367102491554055,0.7144214270055662,0.9589990713052448,0.41797150015481926,-6.628685835421145,0.1356286833155016,0.5884710407382376,0.9830466580594325,0.5905503129929485,0.003520906193704242,0.8366730694100795,3.717974532602142e-05
NONFIBROTIC ILD ADJUDICATED,19,486370849,genomic,7695,16,7679,0.002079272254710851,0.002079272254710851,0.5567285,0.41102341962623395,0.702433580373766,0.009007124214732713,-5.808407265625073,0.07887656705963138,0.03886980875604534,0.22698813440911866,0.04094908101075619,0.05077701876055982,0.5567212527672875,7.247232712503937e-06
NONFIBROTIC ILD ADJUDICATED,19,486370849,combined,7695,16,7679,0.002079272254710851,0.002079272254710851,0.69637525,0.5519243892583494,0.8408261107416506,0.007710297109069179,-4.401306846146898,0.07075816567503868,0.007388975717193319,0.05955606252491159,0.0066092486217753646,0.3146003991830951,0.6963553197030864,1.993029691360615e-05
NONFIBROTIC ILD ADJUDICATED,20,699643021,zebra,7695,16,7679,0.002079272254710851,0.002079272254710851,0.7650284549050632,0.6281861075451942,0.9018708022649322,0.41526216423650303,-6.463776898505477,0.10728310964036422,0.5857447896017912,0.987640070268096,0.587824061856502,0.0035372356962455154,0.7650410209662717,-1.2566061208474366e-05
NONFIBROTIC ILD ADJUDICATED,20,699643021,genomic,7695,16,7679,0.002079272254710851,0.002079272254710851,0.6119886875,0.46474695048849,0.75923042451151,0.0024690149381911787,-5.734186278069775,0.030002645122538717,0.0033431106980589525,0.013976801468169625,0.0015333473871484505,1.3560346938586767,0.6119204974606068,6.819003939317891e-05
NONFIBROTIC ILD ADJUDICATED,20,699643021,combined,7695,16,7679,0.002079272254710851,0.002079272254710851,0.738045125,0.5975700543824926,0.8785201956175074,0.007307195480406549,-4.288213435397794,0.5140221820574818,0.03668855272678158,0.1910526857949291,0.03876782498149243,0.05363396723193745,0.7380029951816642,4.212981833573437e-05
NONFIBROTIC ILD ADJUDICATED,21,1549235224,zebra,7695,16,7679,0.002079272254710851,0.002079272254710851,0.8298266440217391,0.7057796301558383,0.9538736578876399,0.42118445175602864,-6.623508073933269,0.1351234858502214,0.5906893825155461,0.9863465461229693,0.5927686547702569,0.0035077297660361744,0.8297751985935669,5.144542817225872e-05
NONFIBROTIC ILD ADJUDICATED,21,1549235224,genomic,7695,16,7679,0.002079272254710851,0.002079272254710851,0.6006195,0.4534877896713523,0.7477512103286477,0.0022476047123040853,-5.519219269314563,0.045047211262572634,0.0025509487704741944,0.009120584407806347,0.0013536257684516988,1.5360761468726762,0.6005990363328558,2.0463667144143827e-05
NONFIBROTIC ILD ADJUDICATED,21,1549235224,combined,7695,16,7679,0.002079272254710851,0.002079272254710851,0.6946353125,0.5500584363940308,0.8392121886059691,0.0031065739064838715,-3.942155803538147,0.3889547500949187,0.007851494506524536,0.07106395508162608,0.009368506719692108,0.2219427617360118,0.694556582888397,7.872961160304559e-05
NONFIBROTIC ILD ADJUDICATED,22,905062952,zebra,7695,16,7679,0.002079272254710851,0.002079272254710851,0.8431592948717949,0.7225988388578396,0.9637197508857501,0.41565423379561184,-6.720207535717792,0.1436113407392595,0.5865422188028195,0.9837808477184941,0.5886214910575304,0.003532443660823842,0.8432006120588618,-4.131718706690268e-05
NONFIBROTIC ILD ADJUDICATED,22,905062952,genomic,7695,16,7679,0.002079272254710851,0.002079272254710851,0.610375,0.46314220997279554,0.7576077900272045,0.0034667575768787253,-5.2953597309550435,0.07083047527078201,0.006007310997944887,0.04251288386298318,0.0045801827743941195,0.45397145859226185,0.6103008204193254,7.417958067457153e-05
NONFIBROTIC ILD ADJUDICATED,22,905062952,combined,7695,16,7679,0.002079272254710851,0.002079272254710851,0.7335101875,0.5925096735993827,0.8745107014006173,0.002435428537484284,-4.137990857308657,0.17680548459463452,0.0029419575054632947,0.014227644420517048,0.001985075548611389,1.0474524539710113,0.7334451100403698,6.507745963013623e-05
NONFIBROTIC ILD ADJUDICATED,23,846266633,zebra,7695,16,7679,0.002079272254710851,0.002079272254710851,0.8193448645833333,0.6927835334674495,0.9459061956992172,0.41881544365148765,-6.554487461034949,0.1196448222081388,0.5883711052822017,0.9852025397529798,0.5904503775369127,0.003521502117391504,0.8192879932282849,5.687135504839347e-05
NONFIBROTIC ILD ADJUDICATED,23,846266633,genomic,7695,16,7679,0.002079272254710851,0.002079272254710851,0.3792322795400977,0.25437793544439935,0.504086623635796,0.6076673164392454,-6.183363993633898,-0.017193510535429262,0.6071474983755683,1.0,0.6071474983755683,0.003424657534246577,0.3792323219169163,-4.237681860974618e-08
NONFIBROTIC ILD ADJUDICATED,23,846266633,combined,7695,16,7679,0.002079272254710851,0.002079272254710851,0.5709655,0.4246264279783385,0.7173045720216615,0.011064373261586052,-5.492956237396357,0.06366226986823764,0.015167574274383007,0.13480459942723674,0.013891676447629807,0.14967756141956615,0.570883253027738,8.224697226200117e-05
NONFIBROTIC ILD ADJUDICATED,24,1719560321,zebra,7695,16,7679,0.002079272254710851,0.002079272254710851,0.8676814007352941,0.7544813355398611,0.9808814659307271,0.4184257005023286,-6.7241954675355995,0.14595640548868533,0.5887284929344031,0.9835978474345989,0.5908077651891139,0.003519371912867951,0.8676666883708817,1.4712364412416967e-05
NONFIBROTIC ILD ADJUDICATED,24,1719560321,genomic,7695,16,7679,0.002079272254710851,0.002079272254710851,0.4706875,0.3321603767947173,0.6092146232052826,0.005577056564051367,-6.605271881068802,-0.0843661428566207,0.022551836990252042,0.16122632448667168,0.02384157867080119,0.08721202079027335,0.47056094543560356,0.00012655456439641943
NONFIBROTIC ILD ADJUDICATED,24,1719560321,combined,7695,16,7679,0.002079272254710851,0.002079272254710851,0.6986579374999999,0.5543770805090367,0.8429387944909632,0.006362112880800076,-4.384975555901572,0.41485481055762935,0.025731389460719793,0.1657442659871676,0.027716924052195745,0.07501814598168335,0.6986098450319053,4.809246809467371e-05
NONFIBROTIC ILD ADJUDICATED,25,754378964,zebra,7695,16,7679,0.002079272254710851,0.002079272254710851,0.8513069544753087,0.7330482925041653,0.9695656164464521,0.416543432929469,-6.540232667557905,0.12086539399852614,0.5868617344119166,0.9849005809151782,0.5889410066666276,0.003530527219490816,0.8512420237010028,6.493077430591576e-05
NONFIBROTIC ILD ADJUDICATED,25,754378964,genomic,7695,16,7679,0.002079272254710851,0.002079272254710851,0.45259143749999997,0.316283268481069,0.5888996065189309,0.005871410836184652,-6.746712530401069,-0.12091179280025015,0.02943642176259917,0.1557012859302449,0.031154781445935937,0.06674006872168531,0.45258985544992836,1.5820500716134944e-06
NONFIBROTIC ILD ADJUDICATED,25,754378964,combined,7695,16,7679,0.002079272254710851,0.002079272254710851,0.6180159375000001,0.47076047376372976,0.7652714012362704,0.006409382445405518,-6.079655770701095,0.009446448503971512,0.020843149482364747,0.1618820670313239,0.02117062349222237,0.09821497489078349,0.6180166688370882,-7.313370881112391e-07
NONFIBROTIC ILD ADJUDICATED,26,2041152828,zebra,7695,16,7679,0.002079272254710851,0.002079272254710851,0.8027092125,0.6725337815976989,0.9328846434023012,0.42056093590771343,-6.483130941359787,0.11102253090863066,0.5896865025841509,0.9864893132264696,0.5917657748388617,0.0035136744014589868,0.8027127555671312,-3.54306713112873e-06
NONFIBROTIC ILD ADJUDICATED,26,2041152828,genomic,7695,16,7679,0.002079272254710851,0.002079272254710851,0.6293251875,0.48212867696267514,0.7765216980373248,0.0032767299276689472,-5.528829392166901,0.04130237341014352,0.004121198382995729,0.020414531749024332,0.002043638999272712,1.0174361790173412,0.6292486000781352,7.658742186478218e-05
NONFIBROTIC ILD ADJUDICATED,26,2041152828,combined,7695,16,7679,0.002079272254710851,0.002079272254710851,0.66953825,0.5234784711525924,0.8155980288474076,0.005922821013128916,-4.5449664077244885,0.3197342781406325,0.019740898301411763,0.15313150771705203,0.02115136043992279,0.09830442162889268,0.6695858835785911,-4.7633578591055326e-05
NONFIBROTIC ILD ADJUDICATED,27,536894798,zebra,7695,16,7679,0.002079272254710851,0.002079272254710851,0.7689619375000001,0.6327248778359162,0.9051989971640839,0.4148089906640508,-6.35371334447403,0.08476229616256073,0.5853699367655639,0.9871483458706545,0.5874492090202748,0.003539492815350933,0.7689233624169813,3.857508301874368e-05
NONFIBROTIC ILD ADJUDICATED,27,536894798,genomic,7695,16,7679,0.002079272254710851,0.002079272254710851,0.42935781249999994,0.2962519892381602,0.5624636357618397,0.019662316440961024,-5.836783817120349,0.012674847893889927,0.01932334707444271,0.17622487758160604,0.018023801915248428,0.11536257802255101,0.42927952858445106,7.828391554887126e-05
NONFIBROTIC ILD ADJUDICATED,27,536894798,combined,7695,16,7679,0.002079272254710851,0.002079272254710851,0.311369125,0.20060166129452,0.42213658870548004,0.008831528633689184,-7.938668799458549,-0.06426978022163692,0.009023319468803616,0.06939538092525172,0.0069440472140927635,0.299432332558313,0.31132797239223853,4.115260776149654e-05
NONFIBROTIC ILD ADJUDICATED,28,1241106747,zebra,7695,16,7679,0.002079272254710851,0.002079272254710851,0.7719800827702703,0.6362211312182933,0.9077390343222473,0.41554786174693453,-6.486547408283983,0.11266517997098784,0.5860279140230229,0.9873276310361592,0.5881071862777337,0.003535532813110218,0.7718697095976039,0.00011037317266637814
NONFIBROTIC ILD ADJUDICATED,28,1241106747,genomic,7695,16,7679,0.002079272254710851,0.002079272254710851,0.417014,0.2857702797972702,0.5482577202027298,0.011199670412829484,-7.517461574508687,-0.2332148083144552,0.026234985778112126,0.21046963951467987,0.026515882010944052,0.07841610751822854,0.4169406823805183,7.331761948170534e-05
NONFIBROTIC ILD ADJUDICATED,28,1241106747,combined,7695,16,7679,0.002079272254710851,0.002079272254710851,0.6471779375,0.500304106011189,0.7940517689888109,0.0023916930820342993,-5.027327453267379,0.08956167571158644,0.0022726934459630452,0.007312873378841312,0.0012703915149626965,1.6367176812983566,0.6470894647740592,8.847272594081357e-05
NONFIBROTIC ILD ADJUDICATED,29,1280805563,zebra,7695,16,7679,0.002079272254710851,0.002079272254710851,0.8418467897727273,0.7209280326619643,0.9627655468834904,0.4155892039398507,-6.660220675399576,0.13983795519772196,0.5859590363608,0.9849097564407182,0.5880383086155109,0.003535946934488556,0.8418332465164735,1.3543256253800706e-05
NONFIBROTIC ILD ADJUDICATED,29,1280805563,genomic,7695,16,7679,0.002079272254710851,0.002079272254710851,0.5177681178707224,0.374612857210173,0.6609233785312718,0.024128460007005657,-7.445376725107677,-0.04692607103931459,0.02368710762570333,0.2185354456880352,0.02212765343467019,0.09396713758418651,0.5177472652689152,2.0852601807175297e-05
NONFIBROTIC ILD ADJUDICATED,29,1280805563,combined,7695,16,7679,0.002079272254710851,0.002079272254710851,0.5302206970338983,0.38612240575604484,0.6743189883117517,0.025515381548190934,-5.602484071132765,0.02265772543501807,0.025209346174515486,0.2350466478089567,0.023909801015321204,0.08696317687372096,0.5301227373355906,9.795969830772577e-05
NONFIBROTIC ILD ADJUDICATED,30,909983478,zebra,7695,16,7679,0.002079272254710851,0.002079272254710851,0.8016238116554054,0.6712277658843246,0.9320198574264862,0.4143746947484734,-6.60047877390335,0.13016641868613063,0.5853447021948465,0.9869932725357408,0.5874239744495574,0.0035396448649533284,0.8015610756608934,6.273599451200873e-05
NONFIBROTIC ILD ADJUDICATED,30,909983478,genomic,7695,16,7679,0.002079272254710851,0.002079272254710851,0.5774192499999999,0.4308464187115113,0.7239920812884886,0.005857071919549437,-5.202402972092857,0.06926081043455018,0.007556117399791465,0.05998174945857432,0.006527349661161491,0.3185477050636293,0.5773375439510353,8.170604896462486e-05
NONFIBROTIC ILD ADJUDICATED,30,909983478,combined,7695,16,7679,0.002079272254710851,0.002079272254710851,0.67179225,0.5258405789731679,0.817743921026832,0.011877943852919176,-4.66269608911822,0.24563387790461239,0.034758131801777115,0.2599293190902026,0.035410311854788656,0.05871939968327797,0.6716450709727829,0.00014717902721705922
NON FIBROTIC ILA ADJUDICATED,1,954079809,zebra,7695,44,7651,0.005717998700454841,0.005717998700454841,0.8038242430830039,0.7254104744702605,0.8822380116957473,0.41819784556605477,-5.55268819474108,0.12740944114134606,0.5864586892663693,0.9708587902694864,0.592176687966824,0.009655899694543843,0.8037570846354012,6.715844760274425e-05
NON FIBROTIC ILA ADJUDICATED,1,954079809,genomic,7695,44,7651,0.005717998700454841,0.005717998700454841,0.4964796590909091,0.4111339707460008,0.5818253474358174,0.011271419876466527,-5.1702931410838735,-0.004684169264135049,0.039116897314225706,0.187765632894495,0.04337962376458791,0.13181300814145408,0.49637005263720724,0.00010960645370183819
NON FIBROTIC ILA ADJUDICATED,1,954079809,combined,7695,44,7651,0.005717998700454841,0.005717998700454841,0.7214465454545455,0.6355637561267238,0.8073293347823671,0.012390107651270405,-3.3418286821542935,0.4727216334889753,0.031683493344280944,0.22289243249708193,0.03727887839669562,0.15338440817902077,0.7214119366452394,3.460880930605814e-05
NON FIBROTIC ILA ADJUDICATED,2,982195154,zebra,7695,44,7651,0.005717998700454841,0.005717998700454841,0.8153104585561497,0.738388841725641,0.8922320753866584,0.41497238591377084,-5.539880363655217,0.12608783526958223,0.5838840576637734,0.9720829436174492,0.589602056364228,0.009698064378735027,0.8152766720927745,3.3786463375151676e-05
NON FIBROTIC ILA ADJUDICATED,2,982195154,genomic,7695,44,7651,0.005717998700454841,0.005717998700454841,0.5013556818181818,0.41573272268101347,0.5869786409553501,0.03585972278061983,-5.119735472337377,0.00812090029520731,0.08036923464179718,0.4761542614396337,0.08293091826831148,0.0689489374994625,0.5012773137201316,7.836809805017442e-05
NON FIBROTIC ILA ADJUDICATED,2,982195154,combined,7695,44,7651,0.005717998700454841,0.005717998700454841,0.7164825681818182,0.630307442424095,0.8026576939395415,0.011399640041035738,-3.4937619861042575,0.48848410572174955,0.04005142554357224,0.20045049513200378,0.045769424244027086,0.1249305359396353,0.7164333836337496,4.918454806857042e-05
NON FIBROTIC ILA ADJUDICATED,3,795106483,zebra,7695,44,7651,0.005717998700454841,0.005717998700454841,0.8510998289865872,0.7797140077661687,0.9224856502070057,0.41206850914043597,-5.655014280035646,0.14421111526843255,0.5822903429046336,0.965497431227597,0.5880083416050884,0.009724349632262699,0.8510414562564609,5.837273012632149e-05
NON FIBROTIC ILA ADJUDICATED,3,795106483,genomic,7695,44,7651,0.005717998700454841,0.005717998700454841,0.5135387727272727,0.4272704744634037,0.5998070709911416,0.024521709216955664,-5.01369988808482,0.006074479671687455,0.023778711920775075,0.19087951140838122,0.020139994715860022,0.2839126216826651,0.5134593220137593,7.945071351334043e-05
NON FIBROTIC ILA ADJUDICATED,3,795106483,combined,7695,44,7651,0.005717998700454841,0.005717998700454841,0.7195162272727272,0.6335178369939442,0.8055146175515103,0.008231661615157669,-3.0570068593719117,0.4341213395343975,0.014621355049027231,0.11124217887510257,0.018665659453344866,0.30633788828876235,0.7194157626454059,0.00010046462732138384
NON FIBROTIC ILA ADJUDICATED,4,341467629,zebra,7695,44,7651,0.005717998700454841,0.005717998700454841,0.8243784822540472,0.7487270348049779,0.9000299297031165,0.4134029565848286,-5.545106907103193,0.12544207663471887,0.583378178107359,0.9678695832743919,0.5890961768078139,0.009706392479814505,0.824348570002733,2.991225131421249e-05
NON FIBROTIC ILA ADJUDICATED,4,341467629,genomic,7695,44,7651,0.005717998700454841,0.005717998700454841,0.519395090909091,0.4328408307532925,0.6059493510648895,0.010422326263736586,-5.010299441493286,0.02688354335501052,0.034818168739294816,0.17253271871825404,0.036599729048241415,0.1562306292737319,0.5192814961799408,0.00011359472915017932
NON FIBROTIC ILA ADJUDICATED,4,341467629,combined,7695,44,7651,0.005717998700454841,0.005717998700454841,0.7376723863636364,0.6528601918874476,0.8224845808398252,0.010893667623404562,-3.074849099450604,0.6798731381646226,0.04600419504886589,0.17468542613469445,0.05172219374932073,0.11055213025510806,0.737663525861147,8.86050248938286e-06
NON FIBROTIC ILA ADJUDICATED,5,1440575860,zebra,7695,44,7651,0.005717998700454841,0.005717998700454841,0.8300776477272727,0.7552683564254515,0.9048869390290938,0.41460730068899343,-5.579696941027481,0.13188966477871747,0.5842199462697044,0.9656548591763107,0.5899379449701594,0.009692542663523826,0.8300548947849954,2.2752942277270982e-05
NON FIBROTIC ILA ADJUDICATED,5,1440575860,genomic,7695,44,7651,0.005717998700454841,0.005717998700454841,0.4712731590909091,0.38753236371805083,0.5550139544637674,0.03879854211628143,-5.241200154890872,-0.014590213326298689,0.08160109255254959,0.501533065703593,0.08078535030134848,0.07078014366621364,0.4712396478178729,3.3511273036190836e-05
NON FIBROTIC ILA ADJUDICATED,5,1440575860,combined,7695,44,7651,0.005717998700454841,0.005717998700454841,0.7108384999999999,0.624350458997089,0.7973265410029109,0.007024443226750553,-2.8519505076181018,0.5836776377476358,0.01821995932055601,0.09608282544755138,0.02393795802101085,0.23886743787569653,0.7107537933246991,8.470667530080522e-05
NON FIBROTIC ILA ADJUDICATED,6,128169765,zebra,7695,44,7651,0.005717998700454841,0.005717998700454841,0.8323636069518716,0.7579019722653335,0.9068252416384097,0.4125864494247362,-5.558437556701938,0.13099275870141736,0.5829895004915175,0.9659641262701153,0.5887074991919723,0.00971280085323026,0.8322708855645726,9.272138729898849e-05
NON FIBROTIC ILA ADJUDICATED,6,128169765,genomic,7695,44,7651,0.005717998700454841,0.005717998700454841,0.4987449152484842,0.41326906961843635,0.584220760878532,0.10007795954278638,-5.077320872086479,0.0037155530624740293,0.10031549152906827,0.9518541653811555,0.09589703799490565,0.05962643706220206,0.49873159777093906,1.3317477545127243e-05
NON FIBROTIC ILA ADJUDICATED,6,128169765,combined,7695,44,7651,0.005717998700454841,0.005717998700454841,0.7828691136363637,0.7020445439800197,0.8636936832927077,0.009123454375983648,-2.5997718269110726,0.776426515619768,0.03296000071213322,0.1477478260031008,0.03867799941258806,0.14783594775571235,0.7827942871401242,7.482649623946624e-05
NON FIBROTIC ILA ADJUDICATED,7,1110569852,zebra,7695,44,7651,0.005717998700454841,0.005717998700454841,0.7867033437900127,0.7062912710404826,0.8671154165395428,0.412944875741694,-5.475045046748582,0.115762219719439,0.5826558818016148,0.972867021309323,0.5883738805020696,0.009718308187942629,0.7866722710043844,3.107278562830551e-05
NON FIBROTIC ILA ADJUDICATED,7,1110569852,genomic,7695,44,7651,0.005717998700454841,0.005717998700454841,0.47101025,0.387287700217395,0.554732799782605,0.017483349575632048,-5.312671721025675,-0.027649498565713596,0.050894081021129745,0.2791314369036978,0.05152825390422796,0.11096822164947592,0.470960421097658,4.982890234200843e-05
NON FIBROTIC ILA ADJUDICATED,7,1110569852,combined,7695,44,7651,0.005717998700454841,0.005717998700454841,0.7166351818181819,0.6304688034952778,0.802801560141086,0.007605749000209741,-3.033291905399546,0.5282771647867822,0.018552311891438102,0.10814594586625005,0.024270310591892944,0.2355964370050062,0.7165670559998099,6.812581837201126e-05
NON FIBROTIC ILA ADJUDICATED,8,576281321,zebra,7695,44,7651,0.005717998700454841,0.005717998700454841,0.8251539676696543,0.7496150810506903,0.9006928542886183,0.41271104955279275,-5.550795448717738,0.12786631052622732,0.582487883970788,0.9675083735332123,0.5882058826712427,0.009721083839705014,0.8250986205011823,5.53471684719975e-05
NON FIBROTIC ILA ADJUDICATED,8,576281321,genomic,7695,44,7651,0.005717998700454841,0.005717998700454841,0.44537863636363634,0.36358296936349016,0.5271743033637826,0.011473531054878696,-5.535190088090438,-0.02513357864765258,0.014764685930581238,0.0989594854459194,0.010758070091084244,0.5315078496461587,0.4452982973111061,8.033905253024276e-05
NON FIBROTIC ILA ADJUDICATED,8,576281321,combined,7695,44,7651,0.005717998700454841,0.005717998700454841,0.7907413636363638,0.7107772696589651,0.8707054576137625,0.00965219278123456,-2.291971012102646,0.9798640451940547,0.04265923866996173,0.16202283992373873,0.048377237370416576,0.11819605689082785,0.7906393697793515,0.0001019938570123724
NON FIBROTIC ILA ADJUDICATED,9,471706405,zebra,7695,44,7651,0.005717998700454841,0.005717998700454841,0.8370795241935484,0.7633534560438134,0.9108055923432833,0.4124959518230038,-5.519817964855686,0.12633800434881065,0.5820369140828295,0.9638158743080998,0.5877549127832844,0.009728542588232126,0.8369969463290599,8.25778644885089e-05
NON FIBROTIC ILA ADJUDICATED,9,471706405,genomic,7695,44,7651,0.005717998700454841,0.005717998700454841,0.5003363359811258,0.41477044636721594,0.5859022255950357,0.08389369793006138,-5.2201034884942725,-0.002691051899192281,0.08372580928295012,0.7847663667951964,0.07904744670985073,0.07233628584416094,0.5003371514121742,-8.15431048351023e-07
NON FIBROTIC ILA ADJUDICATED,9,471706405,combined,7695,44,7651,0.005717998700454841,0.005717998700454841,0.7341640227272728,0.6491051266103977,0.8192229188441479,0.012192927370234178,-3.2416491245350065,0.6174007150954458,0.046589218121678336,0.20910978175528122,0.05230721682213317,0.10931567473563875,0.7341434868882262,2.053583904659817e-05
NON FIBROTIC ILA ADJUDICATED,10,1958691181,zebra,7695,44,7651,0.005717998700454841,0.005717998700454841,0.8217258013833992,0.745694073283611,0.8977575294831874,0.41279252967469443,-5.60723871362261,0.1352528133761061,0.5828763318258546,0.9650504162124233,0.5885943305263095,0.009714668327406278,0.8216572996993857,6.850168401351109e-05
NON FIBROTIC ILA ADJUDICATED,10,1958691181,genomic,7695,44,7651,0.005717998700454841,0.005717998700454841,0.5460940227272728,0.45843796809465226,0.6337500773598933,0.023937944798837207,-4.906659564713694,0.010267354426051083,0.02391240124425364,0.19091679363087255,0.020013766681872904,0.2857032757173997,0.5460961728116348,-2.1500843619959298e-06
NON FIBROTIC ILA ADJUDICATED,10,1958691181,combined,7695,44,7651,0.005717998700454841,0.005717998700454841,0.7418802045454546,0.6573752281140051,0.826385180976904,0.012981951723539957,-3.1724630258040367,0.7033722790405098,0.05576674161686392,0.2071890519516377,0.06148474031731877,0.09299866391147818,0.7417984577179454,8.174682750916595e-05
NON FIBROTIC ILA ADJUDICATED,11,311969396,zebra,7695,44,7651,0.005717998700454841,0.005717998700454841,0.8245624090909092,0.7489376012078881,0.9001872169739302,0.4130645048373842,-5.6001159547409465,0.1368586646887373,0.5825062998246211,0.9706820762521853,0.5882242985250759,0.00972077949651562,0.8245178883330758,4.452075783334397e-05
NON FIBROTIC ILA ADJUDICATED,11,311969396,genomic,7695,44,7651,0.005717998700454841,0.005717998700454841,0.43618718181818183,0.3551535760251634,0.5172207876112003,0.009529095074322605,-5.995198593269892,-0.2227054474949271,0.03519827174157686,0.15579012942422463,0.0409162704420317,0.13974877569928668,0.4361491664785352,3.8015339646646495e-05
NON FIBROTIC ILA ADJUDICATED,11,311969396,combined,7695,44,7651,0.005717998700454841,0.005717998700454841,0.7043559318181818,0.6175336236346913,0.7911782400016723,0.026105545114741596,-3.98244290984146,0.3957948295053943,0.07115024354133757,0.39285949880813714,0.07686824224179241,0.07438700994968282,0.7043286082627346,2.7323555447211767e-05
NON FIBROTIC ILA ADJUDICATED,12,425883930,zebra,7695,44,7651,0.005717998700454841,0.005717998700454841,0.7867745103305784,0.706370211655445,0.8671788090057119,0.41318543355162496,-5.578637399173771,0.13283973803893506,0.5826759965744648,0.9730004089311124,0.5883939952749195,0.009717975958920485,0.7867212842052733,5.3226125305116945e-05
NON FIBROTIC ILA ADJUDICATED,12,425883930,genomic,7695,44,7651,0.005717998700454841,0.005717998700454841,0.48141388261020096,0.3969929998386324,0.5658347653817696,0.12020010892008065,-5.267528563800729,-0.004955850639460866,0.11934996617032025,0.9948051948051948,0.11571123972457625,0.04941610438247148,0.481391321395896,2.256121430493918e-05
NON FIBROTIC ILA ADJUDICATED,12,425883930,combined,7695,44,7651,0.005717998700454841,0.005717998700454841,0.7316862045454545,0.6464581892987442,0.8169142197921648,0.029033233126945515,-3.794426637600063,0.5246702419584135,0.08496074977465436,0.40193859758255174,0.09067874847510922,0.06305775936050108,0.7317388695476528,-5.266500219824888e-05
NON FIBROTIC ILA ADJUDICATED,13,1669951454,zebra,7695,44,7651,0.005717998700454841,0.005717998700454841,0.8454504947552448,0.7730931937852217,0.9178077957252679,0.41600426523826106,-5.683676256830076,0.14504404765968318,0.5855725582869895,0.9665835716657276,0.5912905569874444,0.00967037040061551,0.8454093938997873,4.110085545749875e-05
NON FIBROTIC ILA ADJUDICATED,13,1669951454,genomic,7695,44,7651,0.005717998700454841,0.005717998700454841,0.4987818636363636,0.41330391436374053,0.5842598129089868,0.011296422653444368,-5.340396260569587,-0.02405086441950002,0.024308773044972712,0.1803634196564642,0.02516046207344143,0.22726127539965074,0.49871377478879764,6.808884756598355e-05
NON FIBROTIC ILA ADJUDICATED,13,1669951454,combined,7695,44,7651,0.005717998700454841,0.005717998700454841,0.80253325,0.723959592232598,0.881106907767402,0.006772441767975765,-2.1373777442781146,0.7053230464427566,0.012547098825768451,0.08402716711169766,0.01803417320046363,0.317064643712518,0.8024441249509868,8.91250490131501e-05
NON FIBROTIC ILA ADJUDICATED,14,921838163,zebra,7695,44,7651,0.005717998700454841,0.005717998700454841,0.8498873713286712,0.7782897042796748,0.9214850383776676,0.41658434509021375,-5.593507353748724,0.1355532719987265,0.5859696844005895,0.9681395814658299,0.5916876831010441,0.00966387988758989,0.8498309787193593,5.639260931189494e-05
NON FIBROTIC ILA ADJUDICATED,14,921838163,genomic,7695,44,7651,0.005717998700454841,0.005717998700454841,0.5185413181818181,0.4320277629035689,0.6050548734600674,0.006807315234874673,-5.07286823910714,0.008933607040666787,0.009712270188170903,0.053396188660170325,0.006691905320167278,0.8544649732599486,0.5184497570133435,9.156116847464091e-05
NON FIBROTIC ILA ADJUDICATED,14,921838163,combined,7695,44,7651,0.005717998700454841,0.005717998700454841,0.7718468181818181,0.6899042539648668,0.8537893823987694,0.028424100313740614,-3.5087797871849444,0.7744192166777144,0.09985740644696241,0.3650030553714108,0.10557540514741724,0.05416032922128667,0.771809389146992,3.742903482606419e-05
NON FIBROTIC ILA ADJUDICATED,15,1097924242,zebra,7695,44,7651,0.005717998700454841,0.005717998700454841,0.8152221737967914,0.7382885994377714,0.8921557481558114,0.4119482535246108,-5.506131166675377,0.12186669728060312,0.5818388868889688,0.9717562955973985,0.5875568855894236,0.009731821446903264,0.8151667637029028,5.541009388865259e-05
NON FIBROTIC ILA ADJUDICATED,15,1097924242,genomic,7695,44,7651,0.005717998700454841,0.005717998700454841,0.4328414772727273,0.3520945388281236,0.513588415717331,0.009218218767352989,-5.831646495731489,-0.07667739451153487,0.014456024296048843,0.09988039910498565,0.011619041472366871,0.4921230993153559,0.43277468185976875,6.679541295856462e-05
NON FIBROTIC ILA ADJUDICATED,15,1097924242,combined,7695,44,7651,0.005717998700454841,0.005717998700454841,0.7576702954545455,0.6744315477269109,0.84090904318218,0.010009883891479231,-2.7612210018042043,0.7679906111714604,0.03943777821769098,0.1676833282464226,0.045155776918145825,0.12662828746850918,0.757595560889248,7.473456529749622e-05
NON FIBROTIC ILA ADJUDICATED,16,1277463552,zebra,7695,44,7651,0.005717998700454841,0.005717998700454841,0.827530577272727,0.7523406165017605,0.9027205380436936,0.4147976593455197,-5.627610053100954,0.13553389643626204,0.5843129005471214,0.9694504845335974,0.5900308992475762,0.009691015687054003,0.8274245196706314,0.00010605760209569937
NON FIBROTIC ILA ADJUDICATED,16,1277463552,genomic,7695,44,7651,0.005717998700454841,0.005717998700454841,0.45670636363636363,0.3740230473321355,0.5393896799405917,0.009842158333214958,-5.430666918297043,-0.043521304743085125,0.03891164852520078,0.15310610128168559,0.03712751174901078,0.1540097472491458,0.45659212699468876,0.00011423664167486969
NON FIBROTIC ILA ADJUDICATED,16,1277463552,combined,7695,44,7651,0.005717998700454841,0.005717998700454841,0.7693038409090909,0.6871172576527629,0.8514904241654189,0.01231034862039104,-2.6865834014304553,0.9163902404234425,0.05565011154177455,0.19368493855544294,0.061368110242229386,0.0931754078443188,0.7692696141918466,3.422671724429005e-05
NON FIBROTIC ILA ADJUDICATED,17,1489146622,zebra,7695,44,7651,0.005717998700454841,0.005717998700454841,0.8219339047911547,0.7459317456863231,0.8979360638959862,0.41253532645489915,-5.547839793422308,0.12551868796586663,0.5827469614195142,0.9692230511797699,0.5884649601199691,0.00971680403755752,0.8218741459821057,5.9758809048959804e-05
NON FIBROTIC ILA ADJUDICATED,17,1489146622,genomic,7695,44,7651,0.005717998700454841,0.005717998700454841,0.5044210227272727,0.4186293007242108,0.5902127447303347,0.029211557044326528,-4.74741033833374,0.018062614479194855,0.030260130421163503,0.25305424056171005,0.026101601932966907,0.21906696436255435,0.5043785126127303,4.2510114542482214e-05
NON FIBROTIC ILA ADJUDICATED,17,1489146622,combined,7695,44,7651,0.005717998700454841,0.005717998700454841,0.7209622954545455,0.6350502750096154,0.8068743158994756,0.01087250276370169,-3.258807315659706,0.6000986562032926,0.043329186502595415,0.1867322202494482,0.04904718520305026,0.11658158723651357,0.720933686624446,2.860883009947468e-05
NON FIBROTIC ILA ADJUDICATED,18,1118144485,zebra,7695,44,7651,0.005717998700454841,0.005717998700454841,0.839905941953317,0.7666328434609765,0.9131790404456576,0.4147671121721571,-5.569559545333701,0.12949053988065307,0.5841103682246851,0.9692939368579574,0.58982836692514,0.009694343339679626,0.8398842694359621,2.1672517354964782e-05
NON FIBROTIC ILA ADJUDICATED,18,1118144485,genomic,7695,44,7651,0.005717998700454841,0.005717998700454841,0.4529781590909091,0.37058069445300523,0.535375623728813,0.007460214076645534,-5.541276832547859,-0.04186524972822651,0.012800096766494868,0.0802434764858923,0.00939499079056677,0.6086220655156057,0.4529592091348725,1.894995603662908e-05
NON FIBROTIC ILA ADJUDICATED,18,1118144485,combined,7695,44,7651,0.005717998700454841,0.005717998700454841,0.759347,0.6762535130557056,0.8424404869442944,0.024721651151841495,-3.5727031665557183,0.6681806060283888,0.08557362800709566,0.3524221236849453,0.09129162670755049,0.06263442669032779,0.7592144817670894,0.0001325182329106056
NON FIBROTIC ILA ADJUDICATED,19,1830295150,zebra,7695,44,7651,0.005717998700454841,0.005717998700454841,0.7947688450413224,0.7152656853649129,0.8742720047177319,0.41848072831732525,-5.592504112780716,0.1343140089849203,0.5864174604101783,0.9719810050460093,0.592135459110633,0.009656572009794983,0.7947089507016313,5.989433969111335e-05
NON FIBROTIC ILA ADJUDICATED,19,1830295150,genomic,7695,44,7651,0.005717998700454841,0.005717998700454841,0.48057733669118485,0.39621080793839647,0.5649438654439732,0.31458106270171404,-5.178966270836476,-0.0018781574692053715,0.31410015730909013,0.9986996098829649,0.312540703118057,0.018295212890382995,0.48055661173227504,2.0724958909812408e-05
NON FIBROTIC ILA ADJUDICATED,19,1830295150,combined,7695,44,7651,0.005717998700454841,0.005717998700454841,0.7553423863636364,0.6719054595124456,0.8387793132148271,0.008900470558578543,-2.776738788276605,0.679292865769834,0.0297598457443456,0.15324885900441856,0.03547784444480045,0.1611709727560085,0.7552577797317046,8.460663193177176e-05
NON FIBROTIC ILA ADJUDICATED,20,655458393,zebra,7695,44,7651,0.005717998700454841,0.005717998700454841,0.8414315345224395,0.7684067867988135,0.9144562822460655,0.41593751264295714,-5.574034817774123,0.127661485925291,0.5847491383233034,0.9682692822121725,0.5904671370237583,0.009683855953908522,0.8414601181069616,-2.858358452217935e-05
NON FIBROTIC ILA ADJUDICATED,20,655458393,genomic,7695,44,7651,0.005717998700454841,0.005717998700454841,0.4759990681818182,0.3919355843442808,0.5600625520193556,0.005796117419668631,-5.3312452569604565,-0.019548497773030377,0.006283992454098328,0.02120141005804694,0.004023228694947377,1.4212462512100947,0.4758795641686767,0.0001195040131414804
NON FIBROTIC ILA ADJUDICATED,20,655458393,combined,7695,44,7651,0.005717998700454841,0.005717998700454841,0.65148425,0.5628827377525065,0.7400857622474935,0.03954143300339448,-4.545625026282492,0.09192779752221553,0.057173330322020044,0.48553785352383333,0.05821569929742299,0.09822090551968955,0.6514567317403548,2.7518259645198384e-05
NON FIBROTIC ILA ADJUDICATED,21,505410369,zebra,7695,44,7651,0.005717998700454841,0.005717998700454841,0.8335902933884297,0.7593175935541453,0.9078629932227141,0.4145767579428278,-5.583313242682354,0.1331913772936685,0.5836057742904062,0.9681567287989549,0.589323772990861,0.009702643881877667,0.8334590843739973,0.00013120901443242072
NON FIBROTIC ILA ADJUDICATED,21,505410369,genomic,7695,44,7651,0.005717998700454841,0.005717998700454841,0.48818490909090906,0.40333569295396154,0.5730341252278566,0.010160252137603892,-5.135635040951881,0.0010189192813197592,0.024925930243947892,0.16310744119664297,0.02456671360492035,0.23275391215981003,0.4880764249474222,0.00010848414348685331
NON FIBROTIC ILA ADJUDICATED,21,505410369,combined,7695,44,7651,0.005717998700454841,0.005717998700454841,0.7416605681818181,0.6571392474138532,0.8261818889497831,0.013379451744151734,-3.1877311552161838,0.6775293787028099,0.05193611691149305,0.23032429279644592,0.057654115611947894,0.09917763267657993,0.7416083459084374,5.222227338075314e-05
NON FIBROTIC ILA ADJUDICATED,22,1530250669,zebra,7695,44,7651,0.005717998700454841,0.005717998700454841,0.824633375,0.7490188551661979,0.9002478948338021,0.41347510066740106,-5.52182365685317,0.12323799256513096,0.5827706990333688,0.9706452011084548,0.5884886977338236,0.009716412095039284,0.8246277967229477,5.578277052276093e-06
NON FIBROTIC ILA ADJUDICATED,22,1530250669,genomic,7695,44,7651,0.005717998700454841,0.005717998700454841,0.4113039545454546,0.3325205724928951,0.4900873365980141,0.006484267857230871,-6.642177567861831,-0.07801673791644555,0.006128180234581908,0.011688311659816554,0.0014499454762401853,3.943595669046832,0.41126828340918004,3.567113627456209e-05
NON FIBROTIC ILA ADJUDICATED,22,1530250669,combined,7695,44,7651,0.005717998700454841,0.005717998700454841,0.7124545,0.6260539544293687,0.7988550455706313,0.006756153577860518,-3.0082766192882198,0.33237907255213134,0.006983933183237366,0.04573346281629686,0.007927933657367088,0.7212470421143535,0.7124261831489644,2.831685103554804e-05
NON FIBROTIC ILA ADJUDICATED,23,148120449,zebra,7695,44,7651,0.005717998700454841,0.005717998700454841,0.8120594886363637,0.7347026229791318,0.8894163542935956,0.41326934764909,-5.571130264894257,0.12685107584764635,0.5829205193224213,0.971704974064986,0.588638518022876,0.009713939073610919,0.8119942728817386,6.521575462503648e-05
NON FIBROTIC ILA ADJUDICATED,23,148120449,genomic,7695,44,7651,0.005717998700454841,0.005717998700454841,0.49701075,0.41163433685589945,0.5823871631441006,0.006550535359196861,-5.439984397638988,-0.03426302651100292,0.008502749148006934,0.035076586365264284,0.004235125186301969,1.3501368788221557,0.4969700930359668,4.065696403321439e-05
NON FIBROTIC ILA ADJUDICATED,23,148120449,combined,7695,44,7651,0.005717998700454841,0.005717998700454841,0.7705962272727273,0.6885330185201408,0.8526594360253137,0.010830374045884278,-2.8032740385628516,0.7404136516185034,0.03864649853159255,0.1957874498686639,0.04436449723204739,0.12888681394374857,0.7704726654863892,0.0001235617863381
NON FIBROTIC ILA ADJUDICATED,24,82231652,zebra,7695,44,7651,0.005717998700454841,0.005717998700454841,0.8253428839891452,0.7498315143096919,0.9008542536685986,0.414207773819319,-5.5674777131850535,0.13211247351819194,0.5841292251237726,0.9664972262323311,0.5898472238242274,0.009694033420014514,0.8252679388315252,7.494515762007659e-05
NON FIBROTIC ILA ADJUDICATED,24,82231652,genomic,7695,44,7651,0.005717998700454841,0.005717998700454841,0.4566022045454545,0.3739267904415664,0.5392776186493426,0.006816574711131587,-5.6250689071007205,-0.041462879662976,0.009132155300478282,0.042345952585809,0.005421362486197633,1.0547161742112652,0.4565327170542175,6.948749123703024e-05
NON FIBROTIC ILA ADJUDICATED,24,82231652,combined,7695,44,7651,0.005717998700454841,0.005717998700454841,0.7349564318181818,0.649952511304307,0.8199603523320567,0.009141815336621489,-3.1295909890278435,0.47678691064133166,0.020871152176534607,0.15078648032010156,0.026112032882392097,0.21897945388658765,0.734903934126258,5.249769192383624e-05
NON FIBROTIC ILA ADJUDICATED,25,1472792031,zebra,7695,44,7651,0.005717998700454841,0.005717998700454841,0.8402830636363636,0.7670711032773176,0.9134950239954096,0.4110825664650298,-5.6163302670209605,0.1338562364180071,0.5811578207214435,0.9680625877314523,0.5868758194218984,0.00974311517228185,0.8402347880847424,4.82755516212352e-05
NON FIBROTIC ILA ADJUDICATED,25,1472792031,genomic,7695,44,7651,0.005717998700454841,0.005717998700454841,0.516437901190417,0.4300260643551508,0.6028497380256832,0.11381812433925716,-5.063839214403166,0.004559490908360505,0.11271500907455763,0.9922077922077922,0.10985600972433021,0.052049939869502244,0.5164268485402977,1.1052650119247609e-05
NON FIBROTIC ILA ADJUDICATED,25,1472792031,combined,7695,44,7651,0.005717998700454841,0.005717998700454841,0.7694422045454545,0.6872687667935332,0.8516156422973759,0.006444501124807837,-2.0803136275186667,0.6922564056602394,0.0088070625770841,0.05585942376631905,0.014443466453437083,0.39588825292657776,0.7693112011501765,0.00013100339527805094
NON FIBROTIC ILA ADJUDICATED,26,1129969800,zebra,7695,44,7651,0.005717998700454841,0.005717998700454841,0.8081740681818181,0.7303105040309456,0.8860376323326907,0.41795059155533265,-5.509815212711411,0.11933422406968111,0.5863126192671515,0.9695189304324503,0.5920306179676064,0.009658282066701671,0.8082172859162795,-4.32177344613649e-05
NON FIBROTIC ILA ADJUDICATED,26,1129969800,genomic,7695,44,7651,0.005717998700454841,0.005717998700454841,0.49543247727272727,0.41014774612234683,0.5807172084231077,0.010215757044094314,-5.135810407453644,0.0017475643537045045,0.01668583196130866,0.11411342555844559,0.011869681405813655,0.48173143869339413,0.49534226066705483,9.021660567243295e-05
NON FIBROTIC ILA ADJUDICATED,26,1129969800,combined,7695,44,7651,0.005717998700454841,0.005717998700454841,0.7049010681818182,0.6181058460903416,0.7916962902732948,0.0188450627127055,-3.647432907596048,0.49947554175866654,0.05806816637479947,0.31717090059600767,0.06378616507525431,0.08964324307173509,0.704881120709117,1.994747270117614e-05
NON FIBROTIC ILA ADJUDICATED,27,1470371538,zebra,7695,44,7651,0.005717998700454841,0.005717998700454841,0.846602125,0.774439666492784,0.918764583507216,0.4115791043107472,-5.6478889879258505,0.13972871691528976,0.5817489958225707,0.9679703613695706,0.5874669945230255,0.009733310558318909,0.8466213566854006,-1.923168540063358e-05
NON FIBROTIC ILA ADJUDICATED,27,1470371538,genomic,7695,44,7651,0.005717998700454841,0.005717998700454841,0.4833931590909091,0.39884492913310843,0.5679413890487097,0.00935442507988272,-5.233302697262449,-0.010238051171971258,0.022134810867890188,0.1454969300830319,0.020605776916910328,0.2774949337514331,0.4833028362305581,9.032286035098869e-05
NON FIBROTIC ILA ADJUDICATED,27,1470371538,combined,7695,44,7651,0.005717998700454841,0.005717998700454841,0.597147090909091,0.5083320496680742,0.6859621321501078,0.009067543401393293,-4.189746702931582,0.12943163041464437,0.014492482603746429,0.10639132644035511,0.012861082078123452,0.44459701491067294,0.5970372262686993,0.0001098646403917547
NON FIBROTIC ILA ADJUDICATED,28,486400377,zebra,7695,44,7651,0.005717998700454841,0.005717998700454841,0.8122486196969696,0.7349167914426552,0.889580447951284,0.4135254485578565,-5.567099675332803,0.13331523673272735,0.5831194508237522,0.971726530865566,0.5888374495242069,0.009710657338583176,0.8121457682299402,0.00010285146702937453
NON FIBROTIC ILA ADJUDICATED,28,486400377,genomic,7695,44,7651,0.005717998700454841,0.005717998700454841,0.5073718376426437,0.4214217118706445,0.5933219634146429,0.06667353518206783,-5.170357348995145,-0.0004922670707615505,0.06672294677605974,0.6148481499243892,0.062044584202960315,0.09215951358059096,0.5073193046660567,5.253297658702749e-05
NON FIBROTIC ILA ADJUDICATED,28,486400377,combined,7695,44,7651,0.005717998700454841,0.005717998700454841,0.741699181818182,0.6571807320281124,0.8262176316082515,0.013507640155485449,-3.5107823251199113,0.41863129597777465,0.03307588417816288,0.2304551179601457,0.03874402393928103,0.14758401732912385,0.7416469623697437,5.221944843825099e-05
NON FIBROTIC ILA ADJUDICATED,29,1705249022,zebra,7695,44,7651,0.005717998700454841,0.005717998700454841,0.8353804499999999,0.7613864848420611,0.9093744151579388,0.41538178906584433,-5.60094461707381,0.13159757500794295,0.5846367736635601,0.9693703672923778,0.590354772364015,0.009685699122169713,0.8352889105405117,9.153945948825459e-05
NON FIBROTIC ILA ADJUDICATED,29,1705249022,genomic,7695,44,7651,0.005717998700454841,0.005717998700454841,0.4636869295763792,0.38048503731186656,0.5468888218408918,0.2991568490577869,-5.246019266557519,-0.00655161232659847,0.2991697466030646,1.0,0.2960508382209983,0.019314245941051602,0.46369458537802544,-7.655801646244687e-06
NON FIBROTIC ILA ADJUDICATED,29,1705249022,combined,7695,44,7651,0.005717998700454841,0.005717998700454841,0.7354713409090908,0.6505033761348613,0.8204393056833204,0.01044881818930493,-3.305543204112889,0.4917946687233858,0.029176197957434383,0.17890206794500127,0.034894196657889225,0.1638667528734197,0.7353495086797923,0.000121832229298513
NON FIBROTIC ILA ADJUDICATED,30,62697972,zebra,7695,44,7651,0.005717998700454841,0.005717998700454841,0.8469486022727273,0.7748450805998994,0.9190521239455551,0.41509927430507254,-5.533641615949119,0.12509437899864728,0.584473122979672,0.9693317118498485,0.5901911216801268,0.009688384813680569,0.8468946424115683,5.395986115896978e-05
NON FIBROTIC ILA ADJUDICATED,30,62697972,genomic,7695,44,7651,0.005717998700454841,0.005717998700454841,0.5172297954545455,0.43077942421415844,0.6036801666949325,0.062145526349064485,-5.0649149074961155,0.03785181514405195,0.16360099013528878,0.5078031933835904,0.16930699800353471,0.03377296135352576,0.5170922398735757,0.00013755558096983922
NON FIBROTIC ILA ADJUDICATED,30,62697972,combined,7695,44,7651,0.005717998700454841,0.005717998700454841,0.71162025,0.6251743262764377,0.7980661737235623,0.027611939879285424,-3.9200662478285975,0.33121759044542776,0.05835134742328882,0.43053548874567876,0.0633121372712325,0.09031441595406323,0.7115409750359429,7.927496405701895e-05
