group,PRS,ZeBRA_decile,N,mean_ZeBRA,mean_PRS,median_PRS,sd_PRS
Full notebook-32 cohort,PRS5_z,1,1277,0.23210473558012115,-0.003606054190960674,-0.26227447767879747,0.9665544203717094
Full notebook-32 cohort,PRS5_z,2,1276,0.2865512187594827,-0.014682563953042835,-0.26227447767879747,0.9665292814983673
Full notebook-32 cohort,PRS5_z,3,1276,0.3430578629887861,0.031319781656377416,-0.26227447767879747,1.0136660454819615
Full notebook-32 cohort,PRS5_z,4,1277,0.4106892046634144,0.009727767207751419,-0.28412402501673456,1.0165607700232389
Full notebook-32 cohort,PRS5_z,5,1276,0.4919211400094953,-0.03787804197603439,-0.32172970904942494,0.9745421672426017
Full notebook-32 cohort,PRS5_z,6,1276,0.602730180802144,-0.004229345898594147,-0.26227447767879747,0.9876760547662009
Full notebook-32 cohort,PRS5_z,7,1277,0.7319545843480865,-0.022720228537265574,-0.28412402501673456,0.9936820652569207
Full notebook-32 cohort,PRS5_z,8,1276,0.8469332146435855,0.02888230344794422,-0.26227447767879747,1.0381055526973209
Full notebook-32 cohort,PRS5_z,9,1276,0.9507885001512695,0.0018999089622219478,-0.26227447767879747,0.9932681225437573
Full notebook-32 cohort,PRS5_z,10,1277,0.9965458936985139,0.011290633064092963,-0.28412402501673456,1.0471724120034378
Full notebook-32 cohort,PRS4_noMUC5B_z,1,1283,0.232098532985917,0.052454958613995385,0.021773974558325387,0.9976333916892252
Full notebook-32 cohort,PRS4_noMUC5B_z,2,1282,0.2864689178621954,0.002312510033772416,0.021773974558325387,0.9913861029194038
Full notebook-32 cohort,PRS4_noMUC5B_z,3,1282,0.3427286435533505,0.026359839402424257,-0.01621992764117993,0.9927109536528353
Full notebook-32 cohort,PRS4_noMUC5B_z,4,1282,0.4103468282413298,-0.011939286203330651,-0.01621992764117993,1.006928300235759
Full notebook-32 cohort,PRS4_noMUC5B_z,5,1283,0.4916772683463751,-0.020772622293442823,-0.009010312607006478,0.9754441485731503
Full notebook-32 cohort,PRS4_noMUC5B_z,6,1282,0.6022468387965093,0.002038607206874714,0.021773974558325387,1.0118103995299106
Full notebook-32 cohort,PRS4_noMUC5B_z,7,1282,0.731430171765298,-0.0028076236455389487,-0.01621992764117993,0.9889084707957496
Full notebook-32 cohort,PRS4_noMUC5B_z,8,1282,0.846627413939771,-0.008942824113131267,0.021773974558325387,1.003937146420319
Full notebook-32 cohort,PRS4_noMUC5B_z,9,1282,0.9505925418326022,-0.0045908600069755,-0.01621992764117993,1.0328714642493781
Full notebook-32 cohort,PRS4_noMUC5B_z,10,1283,0.9965292511519966,-0.034110804713526593,-0.01621992764117993,0.9981768460241597
Notebook-32 target=0,PRS5_z,1,1252,0.23158888400405558,-0.0021442456545460163,-0.26227447767879747,0.9692533346968732
Notebook-32 target=0,PRS5_z,2,1251,0.28518045050110824,-0.020230816744116333,-0.26227447767879747,0.9633197502155987
Notebook-32 target=0,PRS5_z,3,1251,0.3403991334642737,0.03494201556568111,-0.26227447767879747,1.0181932033864798
Notebook-32 target=0,PRS5_z,4,1251,0.4066581044919085,0.005075460330810129,-0.26227447767879747,1.0066067607661813
Notebook-32 target=0,PRS5_z,5,1251,0.4854598143758128,-0.040132300673243824,-0.32172970904942494,0.970154465462274
Notebook-32 target=0,PRS5_z,6,1251,0.5931013681514719,-0.004575381536619459,-0.26227447767879747,0.9926212043911562
Notebook-32 target=0,PRS5_z,7,1251,0.7210186765674897,-0.06334552573348703,-0.32172970904942494,0.9701082574112079
Notebook-32 target=0,PRS5_z,8,1251,0.8371990651817066,0.03286879443032896,-0.26227447767879747,1.0341373726572354
Notebook-32 target=0,PRS5_z,9,1251,0.9426817126749705,-0.0012927360114345747,-0.26227447767879747,0.975255826004245
Notebook-32 target=0,PRS5_z,10,1252,0.9952883832166688,-0.04020192043743211,-0.32172970904942494,1.0104412120865556
Notebook-32 target=0,PRS4_noMUC5B_z,1,1257,0.23156220962975785,0.05047768929757587,0.021773974558325387,0.9974157791437808
Notebook-32 target=0,PRS4_noMUC5B_z,2,1257,0.2850686690826144,-0.0017794877633444223,-0.009010312607006478,0.9907383451538712
Notebook-32 target=0,PRS4_noMUC5B_z,3,1257,0.340040997299915,0.026411036155605434,-0.01621992764117993,0.994259787793277
Notebook-32 target=0,PRS4_noMUC5B_z,4,1257,0.40629633946877775,-0.013976277040090076,-0.01621992764117993,0.9945871372300364
Notebook-32 target=0,PRS4_noMUC5B_z,5,1257,0.4852147957880637,-0.015343130707981847,0.021773974558325387,0.9793220051786513
Notebook-32 target=0,PRS4_noMUC5B_z,6,1256,0.5925157819116451,0.0024336533305662606,-0.009010312607006478,1.0096110428394405
Notebook-32 target=0,PRS4_noMUC5B_z,7,1257,0.7203760859083788,-0.0320971086070503,-0.01621992764117993,0.9883242626283834
Notebook-32 target=0,PRS4_noMUC5B_z,8,1257,0.8368292521632011,0.005280377839515826,0.021773974558325387,1.01384695195305
Notebook-32 target=0,PRS4_noMUC5B_z,9,1257,0.9424348712119405,-0.004994341579231736,-0.01621992764117993,1.0030962995210244
Notebook-32 target=0,PRS4_noMUC5B_z,10,1257,0.9952573988432905,-0.03896227503560282,-0.01621992764117993,1.0146886872403935
Explicitly adjudicated FILD/FILA negative,PRS5_z,1,36,0.37916978259920014,0.3420625799075359,0.00811060631111045,1.2845123326172294
Explicitly adjudicated FILD/FILA negative,PRS5_z,2,36,0.5993713331146397,0.10479633957892426,-0.2920020933641112,1.115742519257175
Explicitly adjudicated FILD/FILA negative,PRS5_z,3,36,0.7731609053448518,-0.2951074596201179,-0.39418276813003916,0.831533956682005
Explicitly adjudicated FILD/FILA negative,PRS5_z,4,36,0.88791195260329,-0.17636096850946625,-0.4071805958400259,0.8960763159448606
Explicitly adjudicated FILD/FILA negative,PRS5_z,5,36,0.9486251847387825,-0.0463879173903374,-0.39625582217105737,1.0315278247025788
Explicitly adjudicated FILD/FILA negative,PRS5_z,6,36,0.982233621927989,0.36257380856842686,0.0935614931017113,1.149624845954351
Explicitly adjudicated FILD/FILA negative,PRS5_z,7,36,0.995670838296273,-0.0874273862706518,-0.32172970904942494,0.9828021210290699
Explicitly adjudicated FILD/FILA negative,PRS5_z,8,36,0.9993564236764146,-0.07663422705143962,-0.3535303787757569,1.0088558733470172
Explicitly adjudicated FILD/FILA negative,PRS5_z,9,36,0.9999701332948447,-0.10667295561649179,-0.19867313822613353,0.7777191914042095
Explicitly adjudicated FILD/FILA negative,PRS5_z,10,36,1.0,0.03749635464339828,-0.26227447767879747,0.9729263815984616
Explicitly adjudicated FILD/FILA negative,PRS4_noMUC5B_z,1,37,0.38243973879232046,0.17571205501260137,0.09437563910204434,1.0450175085618265
Explicitly adjudicated FILD/FILA negative,PRS4_noMUC5B_z,2,36,0.6050518886996392,0.019114124103067082,-0.035216878740932586,0.8713916569414496
Explicitly adjudicated FILD/FILA negative,PRS4_noMUC5B_z,3,36,0.7769160658801413,-0.10470968712988028,-0.11960587935023076,1.174646322877749
Explicitly adjudicated FILD/FILA negative,PRS4_noMUC5B_z,4,36,0.8888015559745492,-0.26218350219582215,-0.4827843313406919,0.9821046935120827
Explicitly adjudicated FILD/FILA negative,PRS4_noMUC5B_z,5,36,0.9486251847387825,0.05630112691871504,-0.01621992764117993,1.145646347412601
Explicitly adjudicated FILD/FILA negative,PRS4_noMUC5B_z,6,36,0.982233621927989,0.21258273046378387,0.13236954130154965,1.1019644935398663
Explicitly adjudicated FILD/FILA negative,PRS4_noMUC5B_z,7,36,0.995670838296273,-0.20001414841599616,-0.5344773071952175,1.0414395154678469
Explicitly adjudicated FILD/FILA negative,PRS4_noMUC5B_z,8,36,0.9993564236764146,-0.08876992968428467,-0.06791290349570535,0.8417180574710719
Explicitly adjudicated FILD/FILA negative,PRS4_noMUC5B_z,9,36,0.9999701332948447,0.04394836487602475,0.08067656544702424,0.9420547611309151
Explicitly adjudicated FILD/FILA negative,PRS4_noMUC5B_z,10,36,1.0,0.10969029888792604,0.0027770234585727284,0.9293372099729842
FILD/FILA positive,PRS5_z,1,26,0.3745883778463756,0.6289629260781928,0.4531294241475604,1.2562558267307724
FILD/FILA positive,PRS5_z,2,25,0.590700567841798,0.6626132541714135,0.568307926623475,1.0910115522951622
FILD/FILA positive,PRS5_z,3,25,0.7740792138744778,0.5856120703006626,0.12121605474600688,1.552218619940505
FILD/FILA positive,PRS5_z,4,25,0.9079954086489832,0.40418584371083527,0.039911276037442434,1.276829007888676
FILD/FILA positive,PRS5_z,5,25,0.9788306762045635,0.571854568467424,0.6391547771507616,1.4166791271354269
FILD/FILA positive,PRS5_z,6,25,0.9953453901068546,0.5587665880314604,0.18481739419867085,1.2728031554774584
FILD/FILA positive,PRS5_z,7,25,0.9997660712619143,0.4719341354376512,0.4234018084622465,0.9646268567689447
FILD/FILA positive,PRS5_z,8,25,0.9999991692811149,0.31277348582646874,-0.26227447767879747,1.561133854639101
FILD/FILA positive,PRS5_z,9,25,1.0,0.15783310558213115,-0.19867313822613353,1.0662563959099893
FILD/FILA positive,PRS5_z,10,26,1.0,0.5555708090921956,0.274381985645145,1.2427991090744468
FILD/FILA positive,PRS4_noMUC5B_z,1,26,0.3745883778463756,0.5050782422823326,0.6869277531274464,1.100869001221411
FILD/FILA positive,PRS4_noMUC5B_z,2,25,0.590700567841798,0.512374824141434,0.7612224875988115,1.2000739917037162
FILD/FILA positive,PRS4_noMUC5B_z,3,25,0.7740792138744778,-0.021018446060935263,-0.01621992764117993,0.957774820454661
FILD/FILA positive,PRS4_noMUC5B_z,4,26,0.9100818488232799,0.0018871258890508537,-0.01621992764117993,1.0409337770629565
FILD/FILA positive,PRS4_noMUC5B_z,5,25,0.9799002203519206,0.04060017795553016,-0.01621992764117993,1.132425836718574
FILD/FILA positive,PRS4_noMUC5B_z,6,25,0.9956993304911164,-0.01151619843759796,0.021773974558325387,1.20677171573188
FILD/FILA positive,PRS4_noMUC5B_z,7,26,0.9997746560215681,0.025250567613300186,-0.06791290349570535,1.0069607822027438
FILD/FILA positive,PRS4_noMUC5B_z,8,25,0.9999995916879889,-0.10038095792395314,0.09437563910204434,1.0519629996546624
FILD/FILA positive,PRS4_noMUC5B_z,9,25,1.0,-0.0990497522705359,0.021773974558325387,0.9730247060665544
FILD/FILA positive,PRS4_noMUC5B_z,10,26,1.0,0.2494137432366118,0.021773974558325387,0.878853456049758
