target_name,repeat,model,split_seed,inner_cv_auc,params_json
FILD or FILA ADJUDICATED,1,genomic,793387248,0.5451998221723057,"{""colsample_bytree"": 0.8, ""learning_rate"": 0.12, ""max_bin"": 63, ""max_depth"": 14, ""min_child_samples"": 40, ""min_split_gain"": 0.0, ""n_estimators"": 200, ""num_leaves"": 63, ""reg_alpha"": 0.01, ""reg_lambda"": 0.5, ""subsample"": 0.9}"
FILD or FILA ADJUDICATED,1,combined,793387248,0.7961767045720437,"{""colsample_bytree"": 1.0, ""learning_rate"": 0.01, ""max_bin"": 127, ""max_depth"": 10, ""min_child_samples"": 150, ""min_split_gain"": 0.01, ""n_estimators"": 700, ""num_leaves"": 127, ""reg_alpha"": 0.01, ""reg_lambda"": 5.0, ""subsample"": 0.9}"
FILD or FILA ADJUDICATED,2,genomic,2080380566,0.6399106181852215,"{""colsample_bytree"": 0.8, ""learning_rate"": 0.01, ""max_bin"": 127, ""max_depth"": 3, ""min_child_samples"": 150, ""min_split_gain"": 0.0, ""n_estimators"": 200, ""num_leaves"": 127, ""reg_alpha"": 0.5, ""reg_lambda"": 0.1, ""subsample"": 1.0}"
FILD or FILA ADJUDICATED,2,combined,2080380566,0.8267759371051523,"{""colsample_bytree"": 1.0, ""learning_rate"": 0.05, ""max_bin"": 63, ""max_depth"": 7, ""min_child_samples"": 40, ""min_split_gain"": 0.5, ""n_estimators"": 100, ""num_leaves"": 63, ""reg_alpha"": 1.0, ""reg_lambda"": 5.0, ""subsample"": 1.0}"
FILD or FILA ADJUDICATED,3,genomic,1856236192,0.5896216481819457,"{""colsample_bytree"": 0.8, ""learning_rate"": 0.12, ""max_bin"": 255, ""max_depth"": 7, ""min_child_samples"": 40, ""min_split_gain"": 0.0, ""n_estimators"": 200, ""num_leaves"": 31, ""reg_alpha"": 0.0, ""reg_lambda"": 1.0, ""subsample"": 1.0}"
FILD or FILA ADJUDICATED,3,combined,1856236192,0.7642496139267162,"{""colsample_bytree"": 0.6, ""learning_rate"": 0.08, ""max_bin"": 511, ""max_depth"": 7, ""min_child_samples"": 20, ""min_split_gain"": 0.0, ""n_estimators"": 100, ""num_leaves"": 7, ""reg_alpha"": 0.5, ""reg_lambda"": 1.0, ""subsample"": 0.6}"
FILD or FILA ADJUDICATED,4,genomic,344941306,0.5369928400954654,"{""colsample_bytree"": 1.0, ""learning_rate"": 0.12, ""max_bin"": 255, ""max_depth"": 5, ""min_child_samples"": 80, ""min_split_gain"": 0.5, ""n_estimators"": 400, ""num_leaves"": 7, ""reg_alpha"": 1.0, ""reg_lambda"": 0.5, ""subsample"": 0.75}"
FILD or FILA ADJUDICATED,4,combined,344941306,0.8114675464457859,"{""colsample_bytree"": 1.0, ""learning_rate"": 0.08, ""max_bin"": 255, ""max_depth"": 3, ""min_child_samples"": 150, ""min_split_gain"": 0.0, ""n_estimators"": 50, ""num_leaves"": 63, ""reg_alpha"": 0.5, ""reg_lambda"": 5.0, ""subsample"": 1.0}"
FILD or FILA ADJUDICATED,5,genomic,1150510078,0.529259675230474,"{""colsample_bytree"": 1.0, ""learning_rate"": 0.12, ""max_bin"": 127, ""max_depth"": 10, ""min_child_samples"": 40, ""min_split_gain"": 0.1, ""n_estimators"": 700, ""num_leaves"": 63, ""reg_alpha"": 0.0, ""reg_lambda"": 1.0, ""subsample"": 0.6}"
FILD or FILA ADJUDICATED,5,combined,1150510078,0.7753170480602742,"{""colsample_bytree"": 0.8, ""learning_rate"": 0.05, ""max_bin"": 127, ""max_depth"": 3, ""min_child_samples"": 10, ""min_split_gain"": 0.5, ""n_estimators"": 50, ""num_leaves"": 63, ""reg_alpha"": 1.0, ""reg_lambda"": 0.1, ""subsample"": 0.6}"
FILD or FILA ADJUDICATED,6,genomic,1056497211,0.6292702045018485,"{""colsample_bytree"": 0.4, ""learning_rate"": 0.12, ""max_bin"": 255, ""max_depth"": -1, ""min_child_samples"": 10, ""min_split_gain"": 0.0, ""n_estimators"": 100, ""num_leaves"": 63, ""reg_alpha"": 0.0, ""reg_lambda"": 0.5, ""subsample"": 1.0}"
FILD or FILA ADJUDICATED,6,combined,1056497211,0.772661331835837,"{""colsample_bytree"": 0.4, ""learning_rate"": 0.01, ""max_bin"": 127, ""max_depth"": 7, ""min_child_samples"": 40, ""min_split_gain"": 0.1, ""n_estimators"": 100, ""num_leaves"": 127, ""reg_alpha"": 1.0, ""reg_lambda"": 0.5, ""subsample"": 0.75}"
FILD or FILA ADJUDICATED,7,genomic,1439170442,0.5552552763348776,"{""colsample_bytree"": 0.4, ""learning_rate"": 0.12, ""max_bin"": 63, ""max_depth"": 5, ""min_child_samples"": 80, ""min_split_gain"": 0.0, ""n_estimators"": 50, ""num_leaves"": 15, ""reg_alpha"": 0.1, ""reg_lambda"": 0.0, ""subsample"": 0.75}"
FILD or FILA ADJUDICATED,7,combined,1439170442,0.765671065562263,"{""colsample_bytree"": 1.0, ""learning_rate"": 0.01, ""max_bin"": 255, ""max_depth"": 7, ""min_child_samples"": 40, ""min_split_gain"": 0.0, ""n_estimators"": 400, ""num_leaves"": 63, ""reg_alpha"": 0.5, ""reg_lambda"": 0.5, ""subsample"": 0.9}"
FILD or FILA ADJUDICATED,8,genomic,284541068,0.5572090411343535,"{""colsample_bytree"": 0.6, ""learning_rate"": 0.03, ""max_bin"": 255, ""max_depth"": 3, ""min_child_samples"": 20, ""min_split_gain"": 0.5, ""n_estimators"": 100, ""num_leaves"": 15, ""reg_alpha"": 0.0, ""reg_lambda"": 0.1, ""subsample"": 0.75}"
FILD or FILA ADJUDICATED,8,combined,284541068,0.8141583602414713,"{""colsample_bytree"": 1.0, ""learning_rate"": 0.05, ""max_bin"": 511, ""max_depth"": 14, ""min_child_samples"": 10, ""min_split_gain"": 0.0, ""n_estimators"": 100, ""num_leaves"": 63, ""reg_alpha"": 1.0, ""reg_lambda"": 0.0, ""subsample"": 0.75}"
FILD or FILA ADJUDICATED,9,genomic,238799131,0.5155716224437269,"{""colsample_bytree"": 0.8, ""learning_rate"": 0.01, ""max_bin"": 511, ""max_depth"": 7, ""min_child_samples"": 20, ""min_split_gain"": 0.1, ""n_estimators"": 200, ""num_leaves"": 127, ""reg_alpha"": 0.5, ""reg_lambda"": 1.0, ""subsample"": 1.0}"
FILD or FILA ADJUDICATED,9,combined,238799131,0.8177032149375263,"{""colsample_bytree"": 0.8, ""learning_rate"": 0.03, ""max_bin"": 255, ""max_depth"": 3, ""min_child_samples"": 10, ""min_split_gain"": 0.0, ""n_estimators"": 100, ""num_leaves"": 127, ""reg_alpha"": 0.01, ""reg_lambda"": 0.1, ""subsample"": 0.75}"
FILD or FILA ADJUDICATED,10,genomic,77054240,0.5861996349852591,"{""colsample_bytree"": 0.8, ""learning_rate"": 0.03, ""max_bin"": 255, ""max_depth"": 10, ""min_child_samples"": 80, ""min_split_gain"": 0.5, ""n_estimators"": 400, ""num_leaves"": 63, ""reg_alpha"": 1.0, ""reg_lambda"": 0.0, ""subsample"": 0.9}"
FILD or FILA ADJUDICATED,10,combined,77054240,0.7675604848144507,"{""colsample_bytree"": 0.6, ""learning_rate"": 0.05, ""max_bin"": 255, ""max_depth"": 10, ""min_child_samples"": 150, ""min_split_gain"": 0.0, ""n_estimators"": 100, ""num_leaves"": 31, ""reg_alpha"": 0.5, ""reg_lambda"": 1.0, ""subsample"": 1.0}"
FILD or FILA ADJUDICATED,11,genomic,1470016797,0.5366594131686088,"{""colsample_bytree"": 0.6, ""learning_rate"": 0.01, ""max_bin"": 63, ""max_depth"": 14, ""min_child_samples"": 10, ""min_split_gain"": 0.0, ""n_estimators"": 200, ""num_leaves"": 15, ""reg_alpha"": 1.0, ""reg_lambda"": 0.5, ""subsample"": 0.75}"
FILD or FILA ADJUDICATED,11,combined,1470016797,0.7733574336655903,"{""colsample_bytree"": 0.4, ""learning_rate"": 0.01, ""max_bin"": 63, ""max_depth"": -1, ""min_child_samples"": 20, ""min_split_gain"": 0.0, ""n_estimators"": 700, ""num_leaves"": 7, ""reg_alpha"": 0.5, ""reg_lambda"": 0.5, ""subsample"": 0.6}"
FILD or FILA ADJUDICATED,12,genomic,2015180776,0.5361037016238477,"{""colsample_bytree"": 0.6, ""learning_rate"": 0.12, ""max_bin"": 63, ""max_depth"": -1, ""min_child_samples"": 10, ""min_split_gain"": 0.1, ""n_estimators"": 50, ""num_leaves"": 15, ""reg_alpha"": 1.0, ""reg_lambda"": 0.5, ""subsample"": 0.75}"
FILD or FILA ADJUDICATED,12,combined,2015180776,0.8133218681267255,"{""colsample_bytree"": 1.0, ""learning_rate"": 0.01, ""max_bin"": 127, ""max_depth"": 3, ""min_child_samples"": 40, ""min_split_gain"": 0.5, ""n_estimators"": 400, ""num_leaves"": 63, ""reg_alpha"": 0.01, ""reg_lambda"": 0.5, ""subsample"": 0.9}"
FILD or FILA ADJUDICATED,13,genomic,1565610880,0.5653048809022416,"{""colsample_bytree"": 0.6, ""learning_rate"": 0.12, ""max_bin"": 511, ""max_depth"": 14, ""min_child_samples"": 150, ""min_split_gain"": 0.0, ""n_estimators"": 50, ""num_leaves"": 15, ""reg_alpha"": 0.5, ""reg_lambda"": 5.0, ""subsample"": 0.75}"
FILD or FILA ADJUDICATED,13,combined,1565610880,0.747952641677196,"{""colsample_bytree"": 0.4, ""learning_rate"": 0.01, ""max_bin"": 63, ""max_depth"": -1, ""min_child_samples"": 20, ""min_split_gain"": 0.0, ""n_estimators"": 200, ""num_leaves"": 31, ""reg_alpha"": 0.1, ""reg_lambda"": 0.1, ""subsample"": 0.75}"
FILD or FILA ADJUDICATED,14,genomic,873591530,0.5147994758762694,"{""colsample_bytree"": 0.6, ""learning_rate"": 0.01, ""max_bin"": 255, ""max_depth"": 7, ""min_child_samples"": 150, ""min_split_gain"": 0.01, ""n_estimators"": 50, ""num_leaves"": 15, ""reg_alpha"": 0.5, ""reg_lambda"": 5.0, ""subsample"": 1.0}"
FILD or FILA ADJUDICATED,14,combined,873591530,0.760593616921709,"{""colsample_bytree"": 0.6, ""learning_rate"": 0.03, ""max_bin"": 255, ""max_depth"": 14, ""min_child_samples"": 150, ""min_split_gain"": 0.01, ""n_estimators"": 100, ""num_leaves"": 31, ""reg_alpha"": 0.0, ""reg_lambda"": 0.1, ""subsample"": 0.9}"
FILD or FILA ADJUDICATED,15,genomic,2100384433,0.5410700079554495,"{""colsample_bytree"": 0.4, ""learning_rate"": 0.08, ""max_bin"": 511, ""max_depth"": 14, ""min_child_samples"": 80, ""min_split_gain"": 0.5, ""n_estimators"": 200, ""num_leaves"": 7, ""reg_alpha"": 0.01, ""reg_lambda"": 1.0, ""subsample"": 0.6}"
FILD or FILA ADJUDICATED,15,combined,2100384433,0.7376281061350554,"{""colsample_bytree"": 0.6, ""learning_rate"": 0.05, ""max_bin"": 127, ""max_depth"": 10, ""min_child_samples"": 150, ""min_split_gain"": 0.0, ""n_estimators"": 100, ""num_leaves"": 15, ""reg_alpha"": 1.0, ""reg_lambda"": 0.0, ""subsample"": 0.9}"
FILD or FILA ADJUDICATED,16,genomic,341865912,0.5465920258318123,"{""colsample_bytree"": 1.0, ""learning_rate"": 0.01, ""max_bin"": 63, ""max_depth"": -1, ""min_child_samples"": 10, ""min_split_gain"": 0.01, ""n_estimators"": 200, ""num_leaves"": 15, ""reg_alpha"": 1.0, ""reg_lambda"": 0.0, ""subsample"": 0.9}"
FILD or FILA ADJUDICATED,16,combined,341865912,0.782278066357808,"{""colsample_bytree"": 0.8, ""learning_rate"": 0.03, ""max_bin"": 255, ""max_depth"": 10, ""min_child_samples"": 40, ""min_split_gain"": 0.0, ""n_estimators"": 400, ""num_leaves"": 7, ""reg_alpha"": 0.1, ""reg_lambda"": 0.0, ""subsample"": 0.9}"
FILD or FILA ADJUDICATED,17,genomic,1512530950,0.6089838083204642,"{""colsample_bytree"": 0.4, ""learning_rate"": 0.03, ""max_bin"": 511, ""max_depth"": -1, ""min_child_samples"": 150, ""min_split_gain"": 0.5, ""n_estimators"": 400, ""num_leaves"": 63, ""reg_alpha"": 0.0, ""reg_lambda"": 0.0, ""subsample"": 1.0}"
FILD or FILA ADJUDICATED,17,combined,1512530950,0.8235528101455379,"{""colsample_bytree"": 0.8, ""learning_rate"": 0.01, ""max_bin"": 255, ""max_depth"": 5, ""min_child_samples"": 150, ""min_split_gain"": 0.5, ""n_estimators"": 400, ""num_leaves"": 7, ""reg_alpha"": 0.01, ""reg_lambda"": 0.0, ""subsample"": 0.75}"
FILD or FILA ADJUDICATED,18,genomic,1304972087,0.6131779680846086,"{""colsample_bytree"": 0.6, ""learning_rate"": 0.01, ""max_bin"": 63, ""max_depth"": 10, ""min_child_samples"": 10, ""min_split_gain"": 0.0, ""n_estimators"": 100, ""num_leaves"": 15, ""reg_alpha"": 0.01, ""reg_lambda"": 0.0, ""subsample"": 0.6}"
FILD or FILA ADJUDICATED,18,combined,1304972087,0.7813889278861903,"{""colsample_bytree"": 0.4, ""learning_rate"": 0.01, ""max_bin"": 127, ""max_depth"": 5, ""min_child_samples"": 40, ""min_split_gain"": 0.1, ""n_estimators"": 100, ""num_leaves"": 15, ""reg_alpha"": 0.1, ""reg_lambda"": 1.0, ""subsample"": 0.6}"
FILD or FILA ADJUDICATED,19,genomic,1684921317,0.5517279704244467,"{""colsample_bytree"": 1.0, ""learning_rate"": 0.12, ""max_bin"": 63, ""max_depth"": 3, ""min_child_samples"": 20, ""min_split_gain"": 0.01, ""n_estimators"": 100, ""num_leaves"": 15, ""reg_alpha"": 0.0, ""reg_lambda"": 5.0, ""subsample"": 0.6}"
FILD or FILA ADJUDICATED,19,combined,1684921317,0.7703331929430483,"{""colsample_bytree"": 0.8, ""learning_rate"": 0.01, ""max_bin"": 511, ""max_depth"": -1, ""min_child_samples"": 20, ""min_split_gain"": 0.5, ""n_estimators"": 100, ""num_leaves"": 127, ""reg_alpha"": 0.01, ""reg_lambda"": 0.5, ""subsample"": 0.9}"
FILD or FILA ADJUDICATED,20,genomic,132959424,0.607351771257429,"{""colsample_bytree"": 0.4, ""learning_rate"": 0.08, ""max_bin"": 255, ""max_depth"": -1, ""min_child_samples"": 20, ""min_split_gain"": 0.5, ""n_estimators"": 200, ""num_leaves"": 31, ""reg_alpha"": 0.1, ""reg_lambda"": 5.0, ""subsample"": 0.9}"
FILD or FILA ADJUDICATED,20,combined,132959424,0.7986803313210725,"{""colsample_bytree"": 0.6, ""learning_rate"": 0.03, ""max_bin"": 127, ""max_depth"": 14, ""min_child_samples"": 40, ""min_split_gain"": 0.0, ""n_estimators"": 50, ""num_leaves"": 63, ""reg_alpha"": 1.0, ""reg_lambda"": 0.5, ""subsample"": 0.9}"
FILD or FILA ADJUDICATED,21,genomic,2021057243,0.5847898825401282,"{""colsample_bytree"": 1.0, ""learning_rate"": 0.03, ""max_bin"": 511, ""max_depth"": 14, ""min_child_samples"": 80, ""min_split_gain"": 0.0, ""n_estimators"": 700, ""num_leaves"": 127, ""reg_alpha"": 1.0, ""reg_lambda"": 0.5, ""subsample"": 0.9}"
FILD or FILA ADJUDICATED,21,combined,2021057243,0.8090341148392531,"{""colsample_bytree"": 1.0, ""learning_rate"": 0.03, ""max_bin"": 127, ""max_depth"": -1, ""min_child_samples"": 10, ""min_split_gain"": 0.0, ""n_estimators"": 200, ""num_leaves"": 7, ""reg_alpha"": 1.0, ""reg_lambda"": 0.1, ""subsample"": 0.6}"
FILD or FILA ADJUDICATED,22,genomic,1908475031,0.5954536946043334,"{""colsample_bytree"": 1.0, ""learning_rate"": 0.01, ""max_bin"": 511, ""max_depth"": -1, ""min_child_samples"": 10, ""min_split_gain"": 0.0, ""n_estimators"": 200, ""num_leaves"": 7, ""reg_alpha"": 1.0, ""reg_lambda"": 5.0, ""subsample"": 0.9}"
FILD or FILA ADJUDICATED,22,combined,1908475031,0.8176330197950302,"{""colsample_bytree"": 0.6, ""learning_rate"": 0.01, ""max_bin"": 511, ""max_depth"": 10, ""min_child_samples"": 20, ""min_split_gain"": 0.1, ""n_estimators"": 50, ""num_leaves"": 127, ""reg_alpha"": 0.0, ""reg_lambda"": 5.0, ""subsample"": 0.9}"
FILD or FILA ADJUDICATED,23,genomic,888867494,0.6132247648462726,"{""colsample_bytree"": 0.8, ""learning_rate"": 0.12, ""max_bin"": 255, ""max_depth"": 10, ""min_child_samples"": 80, ""min_split_gain"": 0.1, ""n_estimators"": 50, ""num_leaves"": 127, ""reg_alpha"": 0.5, ""reg_lambda"": 1.0, ""subsample"": 1.0}"
FILD or FILA ADJUDICATED,23,combined,888867494,0.8470623332865365,"{""colsample_bytree"": 1.0, ""learning_rate"": 0.01, ""max_bin"": 63, ""max_depth"": 7, ""min_child_samples"": 80, ""min_split_gain"": 0.5, ""n_estimators"": 400, ""num_leaves"": 63, ""reg_alpha"": 0.5, ""reg_lambda"": 0.0, ""subsample"": 0.9}"
FILD or FILA ADJUDICATED,24,genomic,1749589912,0.5703062848050915,"{""colsample_bytree"": 0.6, ""learning_rate"": 0.01, ""max_bin"": 127, ""max_depth"": -1, ""min_child_samples"": 40, ""min_split_gain"": 0.1, ""n_estimators"": 50, ""num_leaves"": 15, ""reg_alpha"": 0.01, ""reg_lambda"": 1.0, ""subsample"": 0.9}"
FILD or FILA ADJUDICATED,24,combined,1749589912,0.79233352052038,"{""colsample_bytree"": 0.8, ""learning_rate"": 0.01, ""max_bin"": 127, ""max_depth"": 3, ""min_child_samples"": 40, ""min_split_gain"": 0.0, ""n_estimators"": 50, ""num_leaves"": 127, ""reg_alpha"": 0.0, ""reg_lambda"": 1.0, ""subsample"": 0.75}"
FILD or FILA ADJUDICATED,25,genomic,638724288,0.580127755159343,"{""colsample_bytree"": 0.8, ""learning_rate"": 0.08, ""max_bin"": 255, ""max_depth"": 3, ""min_child_samples"": 150, ""min_split_gain"": 0.1, ""n_estimators"": 200, ""num_leaves"": 7, ""reg_alpha"": 0.5, ""reg_lambda"": 0.5, ""subsample"": 0.6}"
FILD or FILA ADJUDICATED,25,combined,638724288,0.765191398755206,"{""colsample_bytree"": 0.8, ""learning_rate"": 0.01, ""max_bin"": 255, ""max_depth"": 7, ""min_child_samples"": 40, ""min_split_gain"": 0.5, ""n_estimators"": 700, ""num_leaves"": 63, ""reg_alpha"": 0.0, ""reg_lambda"": 5.0, ""subsample"": 0.75}"
FILD or FILA ADJUDICATED,26,genomic,1194267614,0.638588609668211,"{""colsample_bytree"": 1.0, ""learning_rate"": 0.01, ""max_bin"": 511, ""max_depth"": 5, ""min_child_samples"": 80, ""min_split_gain"": 0.0, ""n_estimators"": 200, ""num_leaves"": 15, ""reg_alpha"": 0.01, ""reg_lambda"": 5.0, ""subsample"": 1.0}"
FILD or FILA ADJUDICATED,26,combined,1194267614,0.8096483223360943,"{""colsample_bytree"": 0.8, ""learning_rate"": 0.03, ""max_bin"": 127, ""max_depth"": -1, ""min_child_samples"": 150, ""min_split_gain"": 0.5, ""n_estimators"": 100, ""num_leaves"": 63, ""reg_alpha"": 0.5, ""reg_lambda"": 5.0, ""subsample"": 0.6}"
FILD or FILA ADJUDICATED,27,genomic,1279322305,0.5915052178389256,"{""colsample_bytree"": 0.4, ""learning_rate"": 0.08, ""max_bin"": 63, ""max_depth"": 14, ""min_child_samples"": 40, ""min_split_gain"": 0.1, ""n_estimators"": 200, ""num_leaves"": 127, ""reg_alpha"": 0.01, ""reg_lambda"": 0.5, ""subsample"": 1.0}"
FILD or FILA ADJUDICATED,27,combined,1279322305,0.795351911647714,"{""colsample_bytree"": 0.4, ""learning_rate"": 0.01, ""max_bin"": 255, ""max_depth"": 3, ""min_child_samples"": 10, ""min_split_gain"": 0.0, ""n_estimators"": 400, ""num_leaves"": 31, ""reg_alpha"": 0.0, ""reg_lambda"": 5.0, ""subsample"": 0.75}"
FILD or FILA ADJUDICATED,28,genomic,1530328090,0.5656149094482662,"{""colsample_bytree"": 0.8, ""learning_rate"": 0.08, ""max_bin"": 511, ""max_depth"": 3, ""min_child_samples"": 10, ""min_split_gain"": 0.1, ""n_estimators"": 700, ""num_leaves"": 127, ""reg_alpha"": 0.5, ""reg_lambda"": 0.5, ""subsample"": 0.9}"
FILD or FILA ADJUDICATED,28,combined,1530328090,0.8144157424306236,"{""colsample_bytree"": 1.0, ""learning_rate"": 0.01, ""max_bin"": 255, ""max_depth"": 3, ""min_child_samples"": 20, ""min_split_gain"": 0.0, ""n_estimators"": 100, ""num_leaves"": 31, ""reg_alpha"": 0.5, ""reg_lambda"": 0.0, ""subsample"": 0.75}"
FILD or FILA ADJUDICATED,29,genomic,707474276,0.528189199307408,"{""colsample_bytree"": 0.8, ""learning_rate"": 0.05, ""max_bin"": 255, ""max_depth"": 5, ""min_child_samples"": 20, ""min_split_gain"": 0.1, ""n_estimators"": 100, ""num_leaves"": 127, ""reg_alpha"": 0.0, ""reg_lambda"": 1.0, ""subsample"": 0.75}"
FILD or FILA ADJUDICATED,29,combined,707474276,0.7654926529084186,"{""colsample_bytree"": 0.8, ""learning_rate"": 0.01, ""max_bin"": 127, ""max_depth"": 5, ""min_child_samples"": 10, ""min_split_gain"": 0.1, ""n_estimators"": 50, ""num_leaves"": 7, ""reg_alpha"": 0.01, ""reg_lambda"": 0.5, ""subsample"": 1.0}"
FILD or FILA ADJUDICATED,30,genomic,1746433158,0.5566416303991765,"{""colsample_bytree"": 0.6, ""learning_rate"": 0.12, ""max_bin"": 127, ""max_depth"": 14, ""min_child_samples"": 20, ""min_split_gain"": 0.5, ""n_estimators"": 700, ""num_leaves"": 15, ""reg_alpha"": 0.0, ""reg_lambda"": 0.1, ""subsample"": 1.0}"
FILD or FILA ADJUDICATED,30,combined,1746433158,0.8032956619401936,"{""colsample_bytree"": 0.8, ""learning_rate"": 0.03, ""max_bin"": 127, ""max_depth"": 3, ""min_child_samples"": 80, ""min_split_gain"": 0.01, ""n_estimators"": 200, ""num_leaves"": 31, ""reg_alpha"": 0.0, ""reg_lambda"": 5.0, ""subsample"": 0.6}"
NONFIBROTIC ILD ADJUDICATED,1,genomic,99542587,0.6222464044984376,"{""colsample_bytree"": 1.0, ""learning_rate"": 0.03, ""max_bin"": 127, ""max_depth"": 14, ""min_child_samples"": 10, ""min_split_gain"": 0.01, ""n_estimators"": 50, ""num_leaves"": 7, ""reg_alpha"": 1.0, ""reg_lambda"": 0.1, ""subsample"": 0.6}"
NONFIBROTIC ILD ADJUDICATED,1,combined,99542587,0.7007079754352638,"{""colsample_bytree"": 1.0, ""learning_rate"": 0.12, ""max_bin"": 255, ""max_depth"": -1, ""min_child_samples"": 150, ""min_split_gain"": 0.5, ""n_estimators"": 50, ""num_leaves"": 31, ""reg_alpha"": 0.0, ""reg_lambda"": 0.1, ""subsample"": 1.0}"
NONFIBROTIC ILD ADJUDICATED,2,genomic,1829596856,0.6049860854617971,"{""colsample_bytree"": 0.8, ""learning_rate"": 0.01, ""max_bin"": 511, ""max_depth"": -1, ""min_child_samples"": 40, ""min_split_gain"": 0.1, ""n_estimators"": 100, ""num_leaves"": 15, ""reg_alpha"": 1.0, ""reg_lambda"": 5.0, ""subsample"": 0.9}"
NONFIBROTIC ILD ADJUDICATED,2,combined,1829596856,0.7808481313373073,"{""colsample_bytree"": 0.6, ""learning_rate"": 0.01, ""max_bin"": 63, ""max_depth"": 5, ""min_child_samples"": 10, ""min_split_gain"": 0.0, ""n_estimators"": 50, ""num_leaves"": 127, ""reg_alpha"": 0.01, ""reg_lambda"": 0.0, ""subsample"": 0.75}"
NONFIBROTIC ILD ADJUDICATED,3,genomic,1547199464,0.6453980437767114,"{""colsample_bytree"": 0.4, ""learning_rate"": 0.01, ""max_bin"": 511, ""max_depth"": 7, ""min_child_samples"": 10, ""min_split_gain"": 0.5, ""n_estimators"": 100, ""num_leaves"": 63, ""reg_alpha"": 0.5, ""reg_lambda"": 0.1, ""subsample"": 0.9}"
NONFIBROTIC ILD ADJUDICATED,3,combined,1547199464,0.7603546061055173,"{""colsample_bytree"": 0.6, ""learning_rate"": 0.03, ""max_bin"": 511, ""max_depth"": 5, ""min_child_samples"": 10, ""min_split_gain"": 0.1, ""n_estimators"": 700, ""num_leaves"": 7, ""reg_alpha"": 1.0, ""reg_lambda"": 5.0, ""subsample"": 0.75}"
NONFIBROTIC ILD ADJUDICATED,4,genomic,1321510800,0.6659920391549893,"{""colsample_bytree"": 0.6, ""learning_rate"": 0.08, ""max_bin"": 511, ""max_depth"": 14, ""min_child_samples"": 20, ""min_split_gain"": 0.5, ""n_estimators"": 700, ""num_leaves"": 7, ""reg_alpha"": 0.0, ""reg_lambda"": 0.0, ""subsample"": 0.9}"
NONFIBROTIC ILD ADJUDICATED,4,combined,1321510800,0.7309245603789619,"{""colsample_bytree"": 1.0, ""learning_rate"": 0.01, ""max_bin"": 63, ""max_depth"": 5, ""min_child_samples"": 80, ""min_split_gain"": 0.5, ""n_estimators"": 50, ""num_leaves"": 127, ""reg_alpha"": 0.01, ""reg_lambda"": 5.0, ""subsample"": 0.75}"
NONFIBROTIC ILD ADJUDICATED,5,genomic,2010571492,0.6335627883377787,"{""colsample_bytree"": 1.0, ""learning_rate"": 0.05, ""max_bin"": 63, ""max_depth"": 5, ""min_child_samples"": 80, ""min_split_gain"": 0.1, ""n_estimators"": 50, ""num_leaves"": 127, ""reg_alpha"": 0.0, ""reg_lambda"": 5.0, ""subsample"": 0.9}"
NONFIBROTIC ILD ADJUDICATED,5,combined,2010571492,0.6324387875163902,"{""colsample_bytree"": 0.8, ""learning_rate"": 0.08, ""max_bin"": 255, ""max_depth"": 5, ""min_child_samples"": 150, ""min_split_gain"": 0.1, ""n_estimators"": 400, ""num_leaves"": 15, ""reg_alpha"": 0.01, ""reg_lambda"": 0.1, ""subsample"": 0.9}"
NONFIBROTIC ILD ADJUDICATED,6,genomic,1191195299,0.7011545491638494,"{""colsample_bytree"": 0.6, ""learning_rate"": 0.01, ""max_bin"": 63, ""max_depth"": 5, ""min_child_samples"": 80, ""min_split_gain"": 0.01, ""n_estimators"": 700, ""num_leaves"": 7, ""reg_alpha"": 0.0, ""reg_lambda"": 1.0, ""subsample"": 0.9}"
NONFIBROTIC ILD ADJUDICATED,6,combined,1191195299,0.7114373867910441,"{""colsample_bytree"": 1.0, ""learning_rate"": 0.05, ""max_bin"": 127, ""max_depth"": 10, ""min_child_samples"": 10, ""min_split_gain"": 0.0, ""n_estimators"": 50, ""num_leaves"": 7, ""reg_alpha"": 0.5, ""reg_lambda"": 1.0, ""subsample"": 0.6}"
NONFIBROTIC ILD ADJUDICATED,7,genomic,700435434,0.5821142898327837,"{""colsample_bytree"": 1.0, ""learning_rate"": 0.03, ""max_bin"": 127, ""max_depth"": 3, ""min_child_samples"": 80, ""min_split_gain"": 0.0, ""n_estimators"": 50, ""num_leaves"": 15, ""reg_alpha"": 0.0, ""reg_lambda"": 1.0, ""subsample"": 0.6}"
NONFIBROTIC ILD ADJUDICATED,7,combined,700435434,0.7444298446527219,"{""colsample_bytree"": 0.6, ""learning_rate"": 0.05, ""max_bin"": 127, ""max_depth"": 14, ""min_child_samples"": 10, ""min_split_gain"": 0.0, ""n_estimators"": 700, ""num_leaves"": 127, ""reg_alpha"": 0.1, ""reg_lambda"": 5.0, ""subsample"": 0.75}"
NONFIBROTIC ILD ADJUDICATED,8,genomic,584071660,0.6392253823245341,"{""colsample_bytree"": 0.6, ""learning_rate"": 0.08, ""max_bin"": 63, ""max_depth"": 7, ""min_child_samples"": 10, ""min_split_gain"": 0.01, ""n_estimators"": 400, ""num_leaves"": 7, ""reg_alpha"": 0.0, ""reg_lambda"": 0.0, ""subsample"": 0.6}"
NONFIBROTIC ILD ADJUDICATED,8,combined,584071660,0.6871464944589469,"{""colsample_bytree"": 1.0, ""learning_rate"": 0.01, ""max_bin"": 127, ""max_depth"": 14, ""min_child_samples"": 40, ""min_split_gain"": 0.5, ""n_estimators"": 400, ""num_leaves"": 7, ""reg_alpha"": 0.1, ""reg_lambda"": 0.1, ""subsample"": 0.9}"
NONFIBROTIC ILD ADJUDICATED,9,genomic,834099608,0.648580418735686,"{""colsample_bytree"": 1.0, ""learning_rate"": 0.03, ""max_bin"": 255, ""max_depth"": 3, ""min_child_samples"": 150, ""min_split_gain"": 0.01, ""n_estimators"": 700, ""num_leaves"": 31, ""reg_alpha"": 0.1, ""reg_lambda"": 0.1, ""subsample"": 0.9}"
NONFIBROTIC ILD ADJUDICATED,9,combined,834099608,0.6947545684013119,"{""colsample_bytree"": 0.4, ""learning_rate"": 0.12, ""max_bin"": 127, ""max_depth"": 7, ""min_child_samples"": 10, ""min_split_gain"": 0.0, ""n_estimators"": 200, ""num_leaves"": 7, ""reg_alpha"": 1.0, ""reg_lambda"": 0.5, ""subsample"": 0.75}"
NONFIBROTIC ILD ADJUDICATED,10,genomic,430577567,0.6735373252174287,"{""colsample_bytree"": 0.8, ""learning_rate"": 0.05, ""max_bin"": 511, ""max_depth"": -1, ""min_child_samples"": 80, ""min_split_gain"": 0.0, ""n_estimators"": 400, ""num_leaves"": 15, ""reg_alpha"": 0.5, ""reg_lambda"": 5.0, ""subsample"": 0.9}"
NONFIBROTIC ILD ADJUDICATED,10,combined,430577567,0.6794752987854148,"{""colsample_bytree"": 0.8, ""learning_rate"": 0.01, ""max_bin"": 511, ""max_depth"": 5, ""min_child_samples"": 80, ""min_split_gain"": 0.01, ""n_estimators"": 400, ""num_leaves"": 63, ""reg_alpha"": 0.5, ""reg_lambda"": 5.0, ""subsample"": 0.75}"
NONFIBROTIC ILD ADJUDICATED,11,genomic,1421401214,0.6154856020833538,"{""colsample_bytree"": 0.4, ""learning_rate"": 0.03, ""max_bin"": 127, ""max_depth"": -1, ""min_child_samples"": 20, ""min_split_gain"": 0.1, ""n_estimators"": 700, ""num_leaves"": 63, ""reg_alpha"": 0.0, ""reg_lambda"": 0.1, ""subsample"": 1.0}"
NONFIBROTIC ILD ADJUDICATED,11,combined,1421401214,0.7592832965486496,"{""colsample_bytree"": 0.8, ""learning_rate"": 0.01, ""max_bin"": 127, ""max_depth"": 7, ""min_child_samples"": 10, ""min_split_gain"": 0.0, ""n_estimators"": 100, ""num_leaves"": 7, ""reg_alpha"": 0.0, ""reg_lambda"": 0.1, ""subsample"": 0.9}"
NONFIBROTIC ILD ADJUDICATED,12,genomic,780332407,0.6640272482897087,"{""colsample_bytree"": 0.6, ""learning_rate"": 0.03, ""max_bin"": 511, ""max_depth"": 7, ""min_child_samples"": 20, ""min_split_gain"": 0.01, ""n_estimators"": 200, ""num_leaves"": 7, ""reg_alpha"": 0.1, ""reg_lambda"": 0.5, ""subsample"": 1.0}"
NONFIBROTIC ILD ADJUDICATED,12,combined,780332407,0.7724236432609857,"{""colsample_bytree"": 1.0, ""learning_rate"": 0.01, ""max_bin"": 127, ""max_depth"": 5, ""min_child_samples"": 150, ""min_split_gain"": 0.5, ""n_estimators"": 400, ""num_leaves"": 15, ""reg_alpha"": 1.0, ""reg_lambda"": 5.0, ""subsample"": 0.75}"
NONFIBROTIC ILD ADJUDICATED,13,genomic,1099303445,0.6526290756654952,"{""colsample_bytree"": 1.0, ""learning_rate"": 0.05, ""max_bin"": 63, ""max_depth"": 5, ""min_child_samples"": 20, ""min_split_gain"": 0.1, ""n_estimators"": 100, ""num_leaves"": 7, ""reg_alpha"": 0.01, ""reg_lambda"": 0.1, ""subsample"": 1.0}"
NONFIBROTIC ILD ADJUDICATED,13,combined,1099303445,0.7877796175842767,"{""colsample_bytree"": 1.0, ""learning_rate"": 0.01, ""max_bin"": 255, ""max_depth"": 7, ""min_child_samples"": 10, ""min_split_gain"": 0.01, ""n_estimators"": 700, ""num_leaves"": 15, ""reg_alpha"": 0.0, ""reg_lambda"": 0.5, ""subsample"": 0.6}"
NONFIBROTIC ILD ADJUDICATED,14,genomic,487427686,0.6252128063199603,"{""colsample_bytree"": 0.6, ""learning_rate"": 0.01, ""max_bin"": 63, ""max_depth"": 10, ""min_child_samples"": 150, ""min_split_gain"": 0.01, ""n_estimators"": 400, ""num_leaves"": 7, ""reg_alpha"": 0.1, ""reg_lambda"": 0.1, ""subsample"": 0.6}"
NONFIBROTIC ILD ADJUDICATED,14,combined,487427686,0.6693659874949626,"{""colsample_bytree"": 1.0, ""learning_rate"": 0.01, ""max_bin"": 63, ""max_depth"": 14, ""min_child_samples"": 20, ""min_split_gain"": 0.0, ""n_estimators"": 700, ""num_leaves"": 31, ""reg_alpha"": 0.01, ""reg_lambda"": 0.5, ""subsample"": 0.75}"
NONFIBROTIC ILD ADJUDICATED,15,genomic,938557255,0.6632206350743427,"{""colsample_bytree"": 0.4, ""learning_rate"": 0.12, ""max_bin"": 255, ""max_depth"": 7, ""min_child_samples"": 10, ""min_split_gain"": 0.0, ""n_estimators"": 700, ""num_leaves"": 31, ""reg_alpha"": 0.5, ""reg_lambda"": 5.0, ""subsample"": 0.6}"
NONFIBROTIC ILD ADJUDICATED,15,combined,938557255,0.7187052138559483,"{""colsample_bytree"": 0.6, ""learning_rate"": 0.01, ""max_bin"": 511, ""max_depth"": 3, ""min_child_samples"": 20, ""min_split_gain"": 0.01, ""n_estimators"": 50, ""num_leaves"": 7, ""reg_alpha"": 0.5, ""reg_lambda"": 1.0, ""subsample"": 0.6}"
NONFIBROTIC ILD ADJUDICATED,16,genomic,597503275,0.643697510477015,"{""colsample_bytree"": 0.8, ""learning_rate"": 0.08, ""max_bin"": 63, ""max_depth"": 7, ""min_child_samples"": 80, ""min_split_gain"": 0.1, ""n_estimators"": 700, ""num_leaves"": 63, ""reg_alpha"": 0.5, ""reg_lambda"": 0.5, ""subsample"": 1.0}"
NONFIBROTIC ILD ADJUDICATED,16,combined,597503275,0.6379782857810886,"{""colsample_bytree"": 0.6, ""learning_rate"": 0.05, ""max_bin"": 255, ""max_depth"": 3, ""min_child_samples"": 150, ""min_split_gain"": 0.0, ""n_estimators"": 50, ""num_leaves"": 127, ""reg_alpha"": 0.1, ""reg_lambda"": 5.0, ""subsample"": 0.9}"
NONFIBROTIC ILD ADJUDICATED,17,genomic,914157046,0.7081339049095515,"{""colsample_bytree"": 0.6, ""learning_rate"": 0.01, ""max_bin"": 511, ""max_depth"": 3, ""min_child_samples"": 10, ""min_split_gain"": 0.01, ""n_estimators"": 50, ""num_leaves"": 127, ""reg_alpha"": 0.0, ""reg_lambda"": 5.0, ""subsample"": 1.0}"
NONFIBROTIC ILD ADJUDICATED,17,combined,914157046,0.7381848519444144,"{""colsample_bytree"": 0.8, ""learning_rate"": 0.05, ""max_bin"": 127, ""max_depth"": 7, ""min_child_samples"": 20, ""min_split_gain"": 0.0, ""n_estimators"": 100, ""num_leaves"": 63, ""reg_alpha"": 1.0, ""reg_lambda"": 0.5, ""subsample"": 0.6}"
NONFIBROTIC ILD ADJUDICATED,18,genomic,1916293077,0.7863616655140214,"{""colsample_bytree"": 1.0, ""learning_rate"": 0.01, ""max_bin"": 127, ""max_depth"": 7, ""min_child_samples"": 20, ""min_split_gain"": 0.0, ""n_estimators"": 700, ""num_leaves"": 31, ""reg_alpha"": 0.5, ""reg_lambda"": 0.0, ""subsample"": 0.6}"
NONFIBROTIC ILD ADJUDICATED,18,combined,1916293077,0.7727312537949348,"{""colsample_bytree"": 0.8, ""learning_rate"": 0.01, ""max_bin"": 255, ""max_depth"": 10, ""min_child_samples"": 20, ""min_split_gain"": 0.01, ""n_estimators"": 400, ""num_leaves"": 15, ""reg_alpha"": 0.0, ""reg_lambda"": 5.0, ""subsample"": 1.0}"
NONFIBROTIC ILD ADJUDICATED,19,genomic,344693377,0.7163986547054062,"{""colsample_bytree"": 1.0, ""learning_rate"": 0.08, ""max_bin"": 63, ""max_depth"": 5, ""min_child_samples"": 40, ""min_split_gain"": 0.5, ""n_estimators"": 100, ""num_leaves"": 127, ""reg_alpha"": 0.0, ""reg_lambda"": 1.0, ""subsample"": 1.0}"
NONFIBROTIC ILD ADJUDICATED,19,combined,344693377,0.7688654567287202,"{""colsample_bytree"": 1.0, ""learning_rate"": 0.08, ""max_bin"": 255, ""max_depth"": 3, ""min_child_samples"": 150, ""min_split_gain"": 0.1, ""n_estimators"": 700, ""num_leaves"": 15, ""reg_alpha"": 0.5, ""reg_lambda"": 5.0, ""subsample"": 1.0}"
NONFIBROTIC ILD ADJUDICATED,20,genomic,1170263853,0.6668859973937473,"{""colsample_bytree"": 0.6, ""learning_rate"": 0.05, ""max_bin"": 255, ""max_depth"": 14, ""min_child_samples"": 150, ""min_split_gain"": 0.0, ""n_estimators"": 400, ""num_leaves"": 63, ""reg_alpha"": 0.5, ""reg_lambda"": 5.0, ""subsample"": 0.9}"
NONFIBROTIC ILD ADJUDICATED,20,combined,1170263853,0.7853447927867375,"{""colsample_bytree"": 1.0, ""learning_rate"": 0.03, ""max_bin"": 511, ""max_depth"": 7, ""min_child_samples"": 150, ""min_split_gain"": 0.0, ""n_estimators"": 200, ""num_leaves"": 31, ""reg_alpha"": 0.0, ""reg_lambda"": 0.5, ""subsample"": 0.75}"
NONFIBROTIC ILD ADJUDICATED,21,genomic,1813802518,0.6824471948445128,"{""colsample_bytree"": 0.4, ""learning_rate"": 0.08, ""max_bin"": 511, ""max_depth"": 3, ""min_child_samples"": 40, ""min_split_gain"": 0.5, ""n_estimators"": 200, ""num_leaves"": 7, ""reg_alpha"": 0.01, ""reg_lambda"": 5.0, ""subsample"": 0.6}"
NONFIBROTIC ILD ADJUDICATED,21,combined,1813802518,0.6241934535548823,"{""colsample_bytree"": 1.0, ""learning_rate"": 0.08, ""max_bin"": 63, ""max_depth"": 14, ""min_child_samples"": 20, ""min_split_gain"": 0.5, ""n_estimators"": 200, ""num_leaves"": 15, ""reg_alpha"": 0.0, ""reg_lambda"": 0.5, ""subsample"": 0.6}"
NONFIBROTIC ILD ADJUDICATED,22,genomic,645834155,0.6242366109818057,"{""colsample_bytree"": 0.6, ""learning_rate"": 0.05, ""max_bin"": 255, ""max_depth"": 5, ""min_child_samples"": 150, ""min_split_gain"": 0.1, ""n_estimators"": 700, ""num_leaves"": 127, ""reg_alpha"": 0.5, ""reg_lambda"": 0.1, ""subsample"": 1.0}"
NONFIBROTIC ILD ADJUDICATED,22,combined,645834155,0.6842482459837314,"{""colsample_bytree"": 0.4, ""learning_rate"": 0.01, ""max_bin"": 511, ""max_depth"": 10, ""min_child_samples"": 40, ""min_split_gain"": 0.5, ""n_estimators"": 50, ""num_leaves"": 15, ""reg_alpha"": 0.0, ""reg_lambda"": 0.0, ""subsample"": 1.0}"
NONFIBROTIC ILD ADJUDICATED,23,genomic,732068609,0.7184441660315862,"{""colsample_bytree"": 0.4, ""learning_rate"": 0.12, ""max_bin"": 511, ""max_depth"": 10, ""min_child_samples"": 40, ""min_split_gain"": 0.5, ""n_estimators"": 50, ""num_leaves"": 31, ""reg_alpha"": 0.01, ""reg_lambda"": 0.1, ""subsample"": 0.75}"
NONFIBROTIC ILD ADJUDICATED,23,combined,732068609,0.6658713280846577,"{""colsample_bytree"": 1.0, ""learning_rate"": 0.01, ""max_bin"": 63, ""max_depth"": 10, ""min_child_samples"": 10, ""min_split_gain"": 0.01, ""n_estimators"": 100, ""num_leaves"": 15, ""reg_alpha"": 1.0, ""reg_lambda"": 1.0, ""subsample"": 1.0}"
NONFIBROTIC ILD ADJUDICATED,24,genomic,124414270,0.6262096861271799,"{""colsample_bytree"": 1.0, ""learning_rate"": 0.12, ""max_bin"": 255, ""max_depth"": -1, ""min_child_samples"": 10, ""min_split_gain"": 0.5, ""n_estimators"": 100, ""num_leaves"": 127, ""reg_alpha"": 0.0, ""reg_lambda"": 5.0, ""subsample"": 1.0}"
NONFIBROTIC ILD ADJUDICATED,24,combined,124414270,0.7051694918875674,"{""colsample_bytree"": 1.0, ""learning_rate"": 0.03, ""max_bin"": 63, ""max_depth"": 10, ""min_child_samples"": 150, ""min_split_gain"": 0.0, ""n_estimators"": 100, ""num_leaves"": 63, ""reg_alpha"": 0.1, ""reg_lambda"": 1.0, ""subsample"": 0.6}"
NONFIBROTIC ILD ADJUDICATED,25,genomic,667207485,0.6176250829954187,"{""colsample_bytree"": 0.8, ""learning_rate"": 0.08, ""max_bin"": 127, ""max_depth"": 5, ""min_child_samples"": 80, ""min_split_gain"": 0.1, ""n_estimators"": 200, ""num_leaves"": 127, ""reg_alpha"": 0.0, ""reg_lambda"": 0.0, ""subsample"": 0.75}"
NONFIBROTIC ILD ADJUDICATED,25,combined,667207485,0.6921797979326252,"{""colsample_bytree"": 0.4, ""learning_rate"": 0.08, ""max_bin"": 63, ""max_depth"": 5, ""min_child_samples"": 150, ""min_split_gain"": 0.5, ""n_estimators"": 50, ""num_leaves"": 7, ""reg_alpha"": 0.01, ""reg_lambda"": 5.0, ""subsample"": 0.6}"
NONFIBROTIC ILD ADJUDICATED,26,genomic,1267405955,0.5749507578957345,"{""colsample_bytree"": 0.6, ""learning_rate"": 0.05, ""max_bin"": 255, ""max_depth"": 14, ""min_child_samples"": 20, ""min_split_gain"": 0.0, ""n_estimators"": 400, ""num_leaves"": 127, ""reg_alpha"": 0.01, ""reg_lambda"": 0.5, ""subsample"": 1.0}"
NONFIBROTIC ILD ADJUDICATED,26,combined,1267405955,0.6526332583446213,"{""colsample_bytree"": 0.4, ""learning_rate"": 0.05, ""max_bin"": 255, ""max_depth"": 14, ""min_child_samples"": 20, ""min_split_gain"": 0.01, ""n_estimators"": 100, ""num_leaves"": 31, ""reg_alpha"": 0.01, ""reg_lambda"": 0.1, ""subsample"": 0.75}"
NONFIBROTIC ILD ADJUDICATED,27,genomic,1671181571,0.6823810302977442,"{""colsample_bytree"": 0.8, ""learning_rate"": 0.08, ""max_bin"": 63, ""max_depth"": -1, ""min_child_samples"": 10, ""min_split_gain"": 0.01, ""n_estimators"": 100, ""num_leaves"": 63, ""reg_alpha"": 0.1, ""reg_lambda"": 0.1, ""subsample"": 0.75}"
NONFIBROTIC ILD ADJUDICATED,27,combined,1671181571,0.7630887905420364,"{""colsample_bytree"": 0.6, ""learning_rate"": 0.05, ""max_bin"": 511, ""max_depth"": 5, ""min_child_samples"": 150, ""min_split_gain"": 0.01, ""n_estimators"": 200, ""num_leaves"": 63, ""reg_alpha"": 0.01, ""reg_lambda"": 5.0, ""subsample"": 0.6}"
NONFIBROTIC ILD ADJUDICATED,28,genomic,119611761,0.5975116426328112,"{""colsample_bytree"": 0.4, ""learning_rate"": 0.12, ""max_bin"": 63, ""max_depth"": 14, ""min_child_samples"": 10, ""min_split_gain"": 0.1, ""n_estimators"": 400, ""num_leaves"": 31, ""reg_alpha"": 0.0, ""reg_lambda"": 0.0, ""subsample"": 0.6}"
NONFIBROTIC ILD ADJUDICATED,28,combined,119611761,0.6619862916483239,"{""colsample_bytree"": 1.0, ""learning_rate"": 0.05, ""max_bin"": 63, ""max_depth"": 14, ""min_child_samples"": 10, ""min_split_gain"": 0.5, ""n_estimators"": 400, ""num_leaves"": 127, ""reg_alpha"": 0.0, ""reg_lambda"": 0.5, ""subsample"": 0.75}"
NONFIBROTIC ILD ADJUDICATED,29,genomic,289691439,0.6568997913639589,"{""colsample_bytree"": 1.0, ""learning_rate"": 0.03, ""max_bin"": 255, ""max_depth"": 7, ""min_child_samples"": 40, ""min_split_gain"": 0.01, ""n_estimators"": 50, ""num_leaves"": 63, ""reg_alpha"": 0.5, ""reg_lambda"": 5.0, ""subsample"": 0.75}"
NONFIBROTIC ILD ADJUDICATED,29,combined,289691439,0.6908697370450266,"{""colsample_bytree"": 0.4, ""learning_rate"": 0.03, ""max_bin"": 255, ""max_depth"": 7, ""min_child_samples"": 10, ""min_split_gain"": 0.1, ""n_estimators"": 50, ""num_leaves"": 127, ""reg_alpha"": 1.0, ""reg_lambda"": 5.0, ""subsample"": 0.75}"
NONFIBROTIC ILD ADJUDICATED,30,genomic,1738178060,0.6638431817923408,"{""colsample_bytree"": 1.0, ""learning_rate"": 0.03, ""max_bin"": 63, ""max_depth"": 5, ""min_child_samples"": 20, ""min_split_gain"": 0.5, ""n_estimators"": 200, ""num_leaves"": 15, ""reg_alpha"": 0.5, ""reg_lambda"": 5.0, ""subsample"": 0.9}"
NONFIBROTIC ILD ADJUDICATED,30,combined,1738178060,0.7637060814876321,"{""colsample_bytree"": 1.0, ""learning_rate"": 0.05, ""max_bin"": 127, ""max_depth"": 10, ""min_child_samples"": 40, ""min_split_gain"": 0.01, ""n_estimators"": 100, ""num_leaves"": 63, ""reg_alpha"": 1.0, ""reg_lambda"": 1.0, ""subsample"": 0.75}"
NON FIBROTIC ILA ADJUDICATED,1,genomic,2125423155,0.5747058823529412,"{""colsample_bytree"": 0.6, ""learning_rate"": 0.05, ""max_bin"": 63, ""max_depth"": 14, ""min_child_samples"": 80, ""min_split_gain"": 0.5, ""n_estimators"": 50, ""num_leaves"": 63, ""reg_alpha"": 0.0, ""reg_lambda"": 1.0, ""subsample"": 0.9}"
NON FIBROTIC ILA ADJUDICATED,1,combined,2125423155,0.7318235294117647,"{""colsample_bytree"": 0.8, ""learning_rate"": 0.01, ""max_bin"": 511, ""max_depth"": 10, ""min_child_samples"": 10, ""min_split_gain"": 0.5, ""n_estimators"": 200, ""num_leaves"": 31, ""reg_alpha"": 1.0, ""reg_lambda"": 0.1, ""subsample"": 0.9}"
NON FIBROTIC ILA ADJUDICATED,2,genomic,213895244,0.5535882352941176,"{""colsample_bytree"": 0.6, ""learning_rate"": 0.03, ""max_bin"": 511, ""max_depth"": 3, ""min_child_samples"": 80, ""min_split_gain"": 0.1, ""n_estimators"": 50, ""num_leaves"": 127, ""reg_alpha"": 0.0, ""reg_lambda"": 0.0, ""subsample"": 0.9}"
NON FIBROTIC ILA ADJUDICATED,2,combined,213895244,0.7885490196078431,"{""colsample_bytree"": 0.8, ""learning_rate"": 0.01, ""max_bin"": 255, ""max_depth"": 14, ""min_child_samples"": 80, ""min_split_gain"": 0.1, ""n_estimators"": 50, ""num_leaves"": 15, ""reg_alpha"": 0.5, ""reg_lambda"": 0.5, ""subsample"": 0.6}"
NON FIBROTIC ILA ADJUDICATED,3,genomic,943342257,0.5394509803921569,"{""colsample_bytree"": 0.4, ""learning_rate"": 0.03, ""max_bin"": 63, ""max_depth"": 14, ""min_child_samples"": 10, ""min_split_gain"": 0.1, ""n_estimators"": 200, ""num_leaves"": 127, ""reg_alpha"": 1.0, ""reg_lambda"": 0.5, ""subsample"": 0.75}"
NON FIBROTIC ILA ADJUDICATED,3,combined,943342257,0.6726470588235295,"{""colsample_bytree"": 0.6, ""learning_rate"": 0.01, ""max_bin"": 127, ""max_depth"": -1, ""min_child_samples"": 80, ""min_split_gain"": 0.5, ""n_estimators"": 700, ""num_leaves"": 63, ""reg_alpha"": 0.0, ""reg_lambda"": 1.0, ""subsample"": 0.75}"
NON FIBROTIC ILA ADJUDICATED,4,genomic,661059367,0.5478039215686276,"{""colsample_bytree"": 0.4, ""learning_rate"": 0.05, ""max_bin"": 511, ""max_depth"": 7, ""min_child_samples"": 80, ""min_split_gain"": 0.1, ""n_estimators"": 200, ""num_leaves"": 63, ""reg_alpha"": 1.0, ""reg_lambda"": 1.0, ""subsample"": 0.6}"
NON FIBROTIC ILA ADJUDICATED,4,combined,661059367,0.7969803921568627,"{""colsample_bytree"": 1.0, ""learning_rate"": 0.01, ""max_bin"": 63, ""max_depth"": 7, ""min_child_samples"": 40, ""min_split_gain"": 0.5, ""n_estimators"": 50, ""num_leaves"": 31, ""reg_alpha"": 0.0, ""reg_lambda"": 1.0, ""subsample"": 1.0}"
NON FIBROTIC ILA ADJUDICATED,5,genomic,1911131971,0.5080490196078432,"{""colsample_bytree"": 0.6, ""learning_rate"": 0.12, ""max_bin"": 511, ""max_depth"": 10, ""min_child_samples"": 40, ""min_split_gain"": 0.01, ""n_estimators"": 50, ""num_leaves"": 127, ""reg_alpha"": 0.01, ""reg_lambda"": 0.1, ""subsample"": 1.0}"
NON FIBROTIC ILA ADJUDICATED,5,combined,1911131971,0.7640588235294118,"{""colsample_bytree"": 0.6, ""learning_rate"": 0.01, ""max_bin"": 511, ""max_depth"": -1, ""min_child_samples"": 80, ""min_split_gain"": 0.5, ""n_estimators"": 50, ""num_leaves"": 31, ""reg_alpha"": 0.5, ""reg_lambda"": 1.0, ""subsample"": 0.6}"
NON FIBROTIC ILA ADJUDICATED,6,genomic,897680878,0.5266666666666666,"{""colsample_bytree"": 1.0, ""learning_rate"": 0.05, ""max_bin"": 127, ""max_depth"": 5, ""min_child_samples"": 10, ""min_split_gain"": 0.01, ""n_estimators"": 50, ""num_leaves"": 63, ""reg_alpha"": 0.0, ""reg_lambda"": 0.0, ""subsample"": 0.9}"
NON FIBROTIC ILA ADJUDICATED,6,combined,897680878,0.805,"{""colsample_bytree"": 0.4, ""learning_rate"": 0.05, ""max_bin"": 255, ""max_depth"": 14, ""min_child_samples"": 40, ""min_split_gain"": 0.5, ""n_estimators"": 50, ""num_leaves"": 63, ""reg_alpha"": 0.0, ""reg_lambda"": 5.0, ""subsample"": 1.0}"
NON FIBROTIC ILA ADJUDICATED,7,genomic,97308475,0.5222549019607843,"{""colsample_bytree"": 0.8, ""learning_rate"": 0.08, ""max_bin"": 63, ""max_depth"": 3, ""min_child_samples"": 150, ""min_split_gain"": 0.5, ""n_estimators"": 700, ""num_leaves"": 15, ""reg_alpha"": 1.0, ""reg_lambda"": 0.5, ""subsample"": 1.0}"
NON FIBROTIC ILA ADJUDICATED,7,combined,97308475,0.6704509803921569,"{""colsample_bytree"": 1.0, ""learning_rate"": 0.01, ""max_bin"": 255, ""max_depth"": -1, ""min_child_samples"": 40, ""min_split_gain"": 0.01, ""n_estimators"": 50, ""num_leaves"": 7, ""reg_alpha"": 0.5, ""reg_lambda"": 1.0, ""subsample"": 1.0}"
NON FIBROTIC ILA ADJUDICATED,8,genomic,1286373922,0.5392941176470588,"{""colsample_bytree"": 0.8, ""learning_rate"": 0.12, ""max_bin"": 127, ""max_depth"": 10, ""min_child_samples"": 40, ""min_split_gain"": 0.5, ""n_estimators"": 200, ""num_leaves"": 7, ""reg_alpha"": 0.1, ""reg_lambda"": 0.0, ""subsample"": 0.6}"
NON FIBROTIC ILA ADJUDICATED,8,combined,1286373922,0.6799411764705883,"{""colsample_bytree"": 0.8, ""learning_rate"": 0.12, ""max_bin"": 63, ""max_depth"": 5, ""min_child_samples"": 150, ""min_split_gain"": 0.1, ""n_estimators"": 50, ""num_leaves"": 7, ""reg_alpha"": 0.5, ""reg_lambda"": 5.0, ""subsample"": 0.9}"
NON FIBROTIC ILA ADJUDICATED,9,genomic,1192455611,0.6231274509803921,"{""colsample_bytree"": 0.8, ""learning_rate"": 0.12, ""max_bin"": 63, ""max_depth"": 5, ""min_child_samples"": 20, ""min_split_gain"": 0.5, ""n_estimators"": 200, ""num_leaves"": 31, ""reg_alpha"": 0.01, ""reg_lambda"": 1.0, ""subsample"": 1.0}"
NON FIBROTIC ILA ADJUDICATED,9,combined,1192455611,0.7007843137254902,"{""colsample_bytree"": 0.8, ""learning_rate"": 0.05, ""max_bin"": 127, ""max_depth"": 14, ""min_child_samples"": 40, ""min_split_gain"": 0.5, ""n_estimators"": 100, ""num_leaves"": 31, ""reg_alpha"": 0.5, ""reg_lambda"": 1.0, ""subsample"": 0.9}"
NON FIBROTIC ILA ADJUDICATED,10,genomic,1930227992,0.5064803921568627,"{""colsample_bytree"": 1.0, ""learning_rate"": 0.12, ""max_bin"": 63, ""max_depth"": 3, ""min_child_samples"": 10, ""min_split_gain"": 0.5, ""n_estimators"": 200, ""num_leaves"": 63, ""reg_alpha"": 0.0, ""reg_lambda"": 0.1, ""subsample"": 0.6}"
NON FIBROTIC ILA ADJUDICATED,10,combined,1930227992,0.6830588235294117,"{""colsample_bytree"": 0.4, ""learning_rate"": 0.12, ""max_bin"": 255, ""max_depth"": 10, ""min_child_samples"": 40, ""min_split_gain"": 0.0, ""n_estimators"": 700, ""num_leaves"": 7, ""reg_alpha"": 0.1, ""reg_lambda"": 5.0, ""subsample"": 0.75}"
NON FIBROTIC ILA ADJUDICATED,11,genomic,503630262,0.5347254901960784,"{""colsample_bytree"": 0.6, ""learning_rate"": 0.12, ""max_bin"": 127, ""max_depth"": 14, ""min_child_samples"": 80, ""min_split_gain"": 0.5, ""n_estimators"": 400, ""num_leaves"": 15, ""reg_alpha"": 0.5, ""reg_lambda"": 1.0, ""subsample"": 0.75}"
NON FIBROTIC ILA ADJUDICATED,11,combined,503630262,0.7119607843137254,"{""colsample_bytree"": 0.6, ""learning_rate"": 0.03, ""max_bin"": 63, ""max_depth"": 7, ""min_child_samples"": 40, ""min_split_gain"": 0.1, ""n_estimators"": 100, ""num_leaves"": 31, ""reg_alpha"": 0.0, ""reg_lambda"": 5.0, ""subsample"": 0.6}"
NON FIBROTIC ILA ADJUDICATED,12,genomic,64492860,0.5316274509803921,"{""colsample_bytree"": 0.6, ""learning_rate"": 0.08, ""max_bin"": 63, ""max_depth"": 10, ""min_child_samples"": 80, ""min_split_gain"": 0.5, ""n_estimators"": 100, ""num_leaves"": 15, ""reg_alpha"": 0.0, ""reg_lambda"": 0.0, ""subsample"": 0.9}"
NON FIBROTIC ILA ADJUDICATED,12,combined,64492860,0.7268823529411765,"{""colsample_bytree"": 0.6, ""learning_rate"": 0.05, ""max_bin"": 127, ""max_depth"": 14, ""min_child_samples"": 150, ""min_split_gain"": 0.5, ""n_estimators"": 100, ""num_leaves"": 63, ""reg_alpha"": 0.0, ""reg_lambda"": 5.0, ""subsample"": 0.6}"
NON FIBROTIC ILA ADJUDICATED,13,genomic,1149444520,0.4571568627450981,"{""colsample_bytree"": 0.8, ""learning_rate"": 0.03, ""max_bin"": 63, ""max_depth"": 3, ""min_child_samples"": 20, ""min_split_gain"": 0.1, ""n_estimators"": 50, ""num_leaves"": 15, ""reg_alpha"": 0.01, ""reg_lambda"": 0.0, ""subsample"": 1.0}"
NON FIBROTIC ILA ADJUDICATED,13,combined,1149444520,0.8039019607843138,"{""colsample_bytree"": 0.8, ""learning_rate"": 0.01, ""max_bin"": 255, ""max_depth"": -1, ""min_child_samples"": 40, ""min_split_gain"": 0.1, ""n_estimators"": 100, ""num_leaves"": 63, ""reg_alpha"": 0.0, ""reg_lambda"": 1.0, ""subsample"": 0.9}"
NON FIBROTIC ILA ADJUDICATED,14,genomic,1560081488,0.5388235294117647,"{""colsample_bytree"": 0.8, ""learning_rate"": 0.01, ""max_bin"": 511, ""max_depth"": 14, ""min_child_samples"": 10, ""min_split_gain"": 0.0, ""n_estimators"": 400, ""num_leaves"": 15, ""reg_alpha"": 0.01, ""reg_lambda"": 0.1, ""subsample"": 1.0}"
NON FIBROTIC ILA ADJUDICATED,14,combined,1560081488,0.7196470588235293,"{""colsample_bytree"": 1.0, ""learning_rate"": 0.05, ""max_bin"": 63, ""max_depth"": 7, ""min_child_samples"": 40, ""min_split_gain"": 0.1, ""n_estimators"": 50, ""num_leaves"": 15, ""reg_alpha"": 1.0, ""reg_lambda"": 5.0, ""subsample"": 0.6}"
NON FIBROTIC ILA ADJUDICATED,15,genomic,1582292174,0.6242745098039215,"{""colsample_bytree"": 0.6, ""learning_rate"": 0.01, ""max_bin"": 255, ""max_depth"": 10, ""min_child_samples"": 20, ""min_split_gain"": 0.5, ""n_estimators"": 50, ""num_leaves"": 63, ""reg_alpha"": 1.0, ""reg_lambda"": 1.0, ""subsample"": 0.75}"
NON FIBROTIC ILA ADJUDICATED,15,combined,1582292174,0.7403725490196078,"{""colsample_bytree"": 0.8, ""learning_rate"": 0.01, ""max_bin"": 127, ""max_depth"": 5, ""min_child_samples"": 80, ""min_split_gain"": 0.5, ""n_estimators"": 100, ""num_leaves"": 31, ""reg_alpha"": 0.1, ""reg_lambda"": 5.0, ""subsample"": 1.0}"
NON FIBROTIC ILA ADJUDICATED,16,genomic,726279661,0.4757450980392157,"{""colsample_bytree"": 1.0, ""learning_rate"": 0.12, ""max_bin"": 127, ""max_depth"": 10, ""min_child_samples"": 40, ""min_split_gain"": 0.5, ""n_estimators"": 700, ""num_leaves"": 15, ""reg_alpha"": 0.1, ""reg_lambda"": 0.0, ""subsample"": 1.0}"
NON FIBROTIC ILA ADJUDICATED,16,combined,726279661,0.6521764705882354,"{""colsample_bytree"": 0.8, ""learning_rate"": 0.01, ""max_bin"": 511, ""max_depth"": 7, ""min_child_samples"": 10, ""min_split_gain"": 0.5, ""n_estimators"": 400, ""num_leaves"": 15, ""reg_alpha"": 0.1, ""reg_lambda"": 0.0, ""subsample"": 1.0}"
NON FIBROTIC ILA ADJUDICATED,17,genomic,815708309,0.53,"{""colsample_bytree"": 0.4, ""learning_rate"": 0.05, ""max_bin"": 127, ""max_depth"": 7, ""min_child_samples"": 80, ""min_split_gain"": 0.5, ""n_estimators"": 50, ""num_leaves"": 63, ""reg_alpha"": 0.1, ""reg_lambda"": 5.0, ""subsample"": 0.6}"
NON FIBROTIC ILA ADJUDICATED,17,combined,815708309,0.6296862745098039,"{""colsample_bytree"": 1.0, ""learning_rate"": 0.01, ""max_bin"": 255, ""max_depth"": 14, ""min_child_samples"": 40, ""min_split_gain"": 0.01, ""n_estimators"": 400, ""num_leaves"": 15, ""reg_alpha"": 0.0, ""reg_lambda"": 0.0, ""subsample"": 0.75}"
NON FIBROTIC ILA ADJUDICATED,18,genomic,338735430,0.47774509803921567,"{""colsample_bytree"": 0.6, ""learning_rate"": 0.01, ""max_bin"": 511, ""max_depth"": 14, ""min_child_samples"": 80, ""min_split_gain"": 0.01, ""n_estimators"": 50, ""num_leaves"": 15, ""reg_alpha"": 1.0, ""reg_lambda"": 0.0, ""subsample"": 1.0}"
NON FIBROTIC ILA ADJUDICATED,18,combined,338735430,0.7390392156862745,"{""colsample_bytree"": 0.6, ""learning_rate"": 0.01, ""max_bin"": 511, ""max_depth"": 3, ""min_child_samples"": 150, ""min_split_gain"": 0.1, ""n_estimators"": 400, ""num_leaves"": 63, ""reg_alpha"": 0.0, ""reg_lambda"": 0.1, ""subsample"": 0.75}"
NON FIBROTIC ILA ADJUDICATED,19,genomic,1365751577,0.4985882352941176,"{""colsample_bytree"": 1.0, ""learning_rate"": 0.12, ""max_bin"": 255, ""max_depth"": 10, ""min_child_samples"": 40, ""min_split_gain"": 0.5, ""n_estimators"": 100, ""num_leaves"": 63, ""reg_alpha"": 0.0, ""reg_lambda"": 0.1, ""subsample"": 0.9}"
NON FIBROTIC ILA ADJUDICATED,19,combined,1365751577,0.6548039215686274,"{""colsample_bytree"": 0.8, ""learning_rate"": 0.01, ""max_bin"": 127, ""max_depth"": 10, ""min_child_samples"": 20, ""min_split_gain"": 0.5, ""n_estimators"": 50, ""num_leaves"": 31, ""reg_alpha"": 1.0, ""reg_lambda"": 0.0, ""subsample"": 0.6}"
NON FIBROTIC ILA ADJUDICATED,20,genomic,406122596,0.6835098039215687,"{""colsample_bytree"": 0.4, ""learning_rate"": 0.08, ""max_bin"": 127, ""max_depth"": 5, ""min_child_samples"": 150, ""min_split_gain"": 0.01, ""n_estimators"": 400, ""num_leaves"": 7, ""reg_alpha"": 0.1, ""reg_lambda"": 0.5, ""subsample"": 0.9}"
NON FIBROTIC ILA ADJUDICATED,20,combined,406122596,0.7809019607843138,"{""colsample_bytree"": 0.4, ""learning_rate"": 0.03, ""max_bin"": 511, ""max_depth"": 14, ""min_child_samples"": 80, ""min_split_gain"": 0.01, ""n_estimators"": 700, ""num_leaves"": 63, ""reg_alpha"": 0.5, ""reg_lambda"": 0.1, ""subsample"": 0.9}"
NON FIBROTIC ILA ADJUDICATED,21,genomic,630633997,0.5810196078431372,"{""colsample_bytree"": 0.4, ""learning_rate"": 0.01, ""max_bin"": 127, ""max_depth"": 10, ""min_child_samples"": 40, ""min_split_gain"": 0.1, ""n_estimators"": 700, ""num_leaves"": 15, ""reg_alpha"": 0.1, ""reg_lambda"": 0.0, ""subsample"": 0.75}"
NON FIBROTIC ILA ADJUDICATED,21,combined,630633997,0.6969803921568628,"{""colsample_bytree"": 0.6, ""learning_rate"": 0.01, ""max_bin"": 511, ""max_depth"": -1, ""min_child_samples"": 80, ""min_split_gain"": 0.0, ""n_estimators"": 200, ""num_leaves"": 63, ""reg_alpha"": 0.01, ""reg_lambda"": 0.1, ""subsample"": 1.0}"
NON FIBROTIC ILA ADJUDICATED,22,genomic,2023588537,0.5623921568627451,"{""colsample_bytree"": 0.6, ""learning_rate"": 0.08, ""max_bin"": 511, ""max_depth"": 5, ""min_child_samples"": 80, ""min_split_gain"": 0.5, ""n_estimators"": 200, ""num_leaves"": 63, ""reg_alpha"": 0.5, ""reg_lambda"": 0.5, ""subsample"": 0.75}"
NON FIBROTIC ILA ADJUDICATED,22,combined,2023588537,0.6680196078431372,"{""colsample_bytree"": 0.6, ""learning_rate"": 0.01, ""max_bin"": 127, ""max_depth"": 7, ""min_child_samples"": 40, ""min_split_gain"": 0.01, ""n_estimators"": 200, ""num_leaves"": 15, ""reg_alpha"": 0.5, ""reg_lambda"": 0.0, ""subsample"": 0.75}"
NON FIBROTIC ILA ADJUDICATED,23,genomic,324670859,0.5424313725490196,"{""colsample_bytree"": 0.6, ""learning_rate"": 0.08, ""max_bin"": 127, ""max_depth"": 14, ""min_child_samples"": 80, ""min_split_gain"": 0.0, ""n_estimators"": 100, ""num_leaves"": 127, ""reg_alpha"": 0.0, ""reg_lambda"": 0.1, ""subsample"": 1.0}"
NON FIBROTIC ILA ADJUDICATED,23,combined,324670859,0.7328431372549019,"{""colsample_bytree"": 0.6, ""learning_rate"": 0.05, ""max_bin"": 63, ""max_depth"": 5, ""min_child_samples"": 20, ""min_split_gain"": 0.0, ""n_estimators"": 200, ""num_leaves"": 31, ""reg_alpha"": 0.0, ""reg_lambda"": 5.0, ""subsample"": 1.0}"
NON FIBROTIC ILA ADJUDICATED,24,genomic,939142854,0.5976764705882353,"{""colsample_bytree"": 0.4, ""learning_rate"": 0.12, ""max_bin"": 511, ""max_depth"": 10, ""min_child_samples"": 80, ""min_split_gain"": 0.01, ""n_estimators"": 400, ""num_leaves"": 15, ""reg_alpha"": 0.0, ""reg_lambda"": 0.0, ""subsample"": 1.0}"
NON FIBROTIC ILA ADJUDICATED,24,combined,939142854,0.7214117647058823,"{""colsample_bytree"": 0.8, ""learning_rate"": 0.01, ""max_bin"": 511, ""max_depth"": 5, ""min_child_samples"": 10, ""min_split_gain"": 0.0, ""n_estimators"": 50, ""num_leaves"": 15, ""reg_alpha"": 0.1, ""reg_lambda"": 0.5, ""subsample"": 0.75}"
NON FIBROTIC ILA ADJUDICATED,25,genomic,750149971,0.5184901960784313,"{""colsample_bytree"": 0.8, ""learning_rate"": 0.05, ""max_bin"": 511, ""max_depth"": 7, ""min_child_samples"": 10, ""min_split_gain"": 0.0, ""n_estimators"": 200, ""num_leaves"": 15, ""reg_alpha"": 0.01, ""reg_lambda"": 0.5, ""subsample"": 0.75}"
NON FIBROTIC ILA ADJUDICATED,25,combined,750149971,0.7767843137254902,"{""colsample_bytree"": 0.6, ""learning_rate"": 0.01, ""max_bin"": 63, ""max_depth"": -1, ""min_child_samples"": 10, ""min_split_gain"": 0.1, ""n_estimators"": 700, ""num_leaves"": 31, ""reg_alpha"": 0.0, ""reg_lambda"": 1.0, ""subsample"": 1.0}"
NON FIBROTIC ILA ADJUDICATED,26,genomic,2135904865,0.5442549019607843,"{""colsample_bytree"": 0.4, ""learning_rate"": 0.12, ""max_bin"": 63, ""max_depth"": 3, ""min_child_samples"": 80, ""min_split_gain"": 0.1, ""n_estimators"": 50, ""num_leaves"": 31, ""reg_alpha"": 0.01, ""reg_lambda"": 5.0, ""subsample"": 0.75}"
NON FIBROTIC ILA ADJUDICATED,26,combined,2135904865,0.8213725490196078,"{""colsample_bytree"": 0.4, ""learning_rate"": 0.01, ""max_bin"": 255, ""max_depth"": 3, ""min_child_samples"": 10, ""min_split_gain"": 0.5, ""n_estimators"": 700, ""num_leaves"": 15, ""reg_alpha"": 0.01, ""reg_lambda"": 5.0, ""subsample"": 0.75}"
NON FIBROTIC ILA ADJUDICATED,27,genomic,1566613695,0.4918823529411765,"{""colsample_bytree"": 0.8, ""learning_rate"": 0.08, ""max_bin"": 255, ""max_depth"": -1, ""min_child_samples"": 10, ""min_split_gain"": 0.5, ""n_estimators"": 50, ""num_leaves"": 63, ""reg_alpha"": 0.1, ""reg_lambda"": 0.5, ""subsample"": 0.9}"
NON FIBROTIC ILA ADJUDICATED,27,combined,1566613695,0.6623529411764707,"{""colsample_bytree"": 0.6, ""learning_rate"": 0.08, ""max_bin"": 63, ""max_depth"": 10, ""min_child_samples"": 20, ""min_split_gain"": 0.01, ""n_estimators"": 50, ""num_leaves"": 15, ""reg_alpha"": 0.0, ""reg_lambda"": 0.5, ""subsample"": 1.0}"
NON FIBROTIC ILA ADJUDICATED,28,genomic,243672353,0.6229019607843137,"{""colsample_bytree"": 0.6, ""learning_rate"": 0.05, ""max_bin"": 63, ""max_depth"": 5, ""min_child_samples"": 20, ""min_split_gain"": 0.1, ""n_estimators"": 50, ""num_leaves"": 7, ""reg_alpha"": 0.5, ""reg_lambda"": 0.1, ""subsample"": 1.0}"
NON FIBROTIC ILA ADJUDICATED,28,combined,243672353,0.6924509803921568,"{""colsample_bytree"": 0.8, ""learning_rate"": 0.01, ""max_bin"": 63, ""max_depth"": -1, ""min_child_samples"": 40, ""min_split_gain"": 0.1, ""n_estimators"": 100, ""num_leaves"": 31, ""reg_alpha"": 0.5, ""reg_lambda"": 1.0, ""subsample"": 0.75}"
NON FIBROTIC ILA ADJUDICATED,29,genomic,1911963976,0.4580588235294118,"{""colsample_bytree"": 0.8, ""learning_rate"": 0.12, ""max_bin"": 63, ""max_depth"": 14, ""min_child_samples"": 40, ""min_split_gain"": 0.01, ""n_estimators"": 200, ""num_leaves"": 63, ""reg_alpha"": 0.1, ""reg_lambda"": 0.5, ""subsample"": 0.9}"
NON FIBROTIC ILA ADJUDICATED,29,combined,1911963976,0.6722745098039216,"{""colsample_bytree"": 1.0, ""learning_rate"": 0.01, ""max_bin"": 511, ""max_depth"": 7, ""min_child_samples"": 150, ""min_split_gain"": 0.5, ""n_estimators"": 400, ""num_leaves"": 15, ""reg_alpha"": 1.0, ""reg_lambda"": 1.0, ""subsample"": 0.75}"
NON FIBROTIC ILA ADJUDICATED,30,genomic,349271345,0.5933529411764705,"{""colsample_bytree"": 1.0, ""learning_rate"": 0.08, ""max_bin"": 511, ""max_depth"": 10, ""min_child_samples"": 10, ""min_split_gain"": 0.01, ""n_estimators"": 200, ""num_leaves"": 63, ""reg_alpha"": 0.5, ""reg_lambda"": 0.1, ""subsample"": 0.6}"
NON FIBROTIC ILA ADJUDICATED,30,combined,349271345,0.7694117647058825,"{""colsample_bytree"": 0.6, ""learning_rate"": 0.12, ""max_bin"": 255, ""max_depth"": 3, ""min_child_samples"": 80, ""min_split_gain"": 0.01, ""n_estimators"": 400, ""num_leaves"": 15, ""reg_alpha"": 0.01, ""reg_lambda"": 5.0, ""subsample"": 1.0}"
