target_name,feature,n_splits,nonzero_fraction,mean_coef,median_coef,mean_abs_coef,max_abs_coef,positive_fraction,negative_fraction,sign_consistency
FILD or FILA ADJUDICATED,predicted_risk,30,1.0,0.366414517876232,0.3685884699810447,0.366414517876232,0.4476611908695869,1.0,0.0,1.0
FILD or FILA ADJUDICATED,rs35705950.1_G_2,30,0.4,-0.015134314710801105,0.0,0.015134314710801105,0.0776617949462981,0.0,0.4,0.4
FILD or FILA ADJUDICATED,rs35705950.1_G_1,30,0.1,0.0021052650357991543,0.0,0.0021052650357991543,0.03878348583761034,0.1,0.0,0.1
FILD or FILA ADJUDICATED,rs117750427_A_0,30,0.06666666666666667,0.0022315852290203317,0.0,0.0022315852290203317,0.03386437002209351,0.06666666666666667,0.0,0.06666666666666667
FILD or FILA ADJUDICATED,rs325093_T_0,30,0.03333333333333333,0.000853891536098801,0.0,0.000853891536098801,0.02561674608296403,0.03333333333333333,0.0,0.03333333333333333
FILD or FILA ADJUDICATED,rs1015097_A_0,30,0.0,0.0,0.0,0.0,0.0,0.0,0.0,0.0
FILD or FILA ADJUDICATED,rs1015097_A_1,30,0.0,0.0,0.0,0.0,0.0,0.0,0.0,0.0
FILD or FILA ADJUDICATED,rs1015097_A_2,30,0.0,0.0,0.0,0.0,0.0,0.0,0.0,0.0
FILD or FILA ADJUDICATED,rs10422762_A_0,30,0.0,0.0,0.0,0.0,0.0,0.0,0.0,0.0
FILD or FILA ADJUDICATED,rs10422762_A_1,30,0.0,0.0,0.0,0.0,0.0,0.0,0.0,0.0
FILD or FILA ADJUDICATED,rs10422762_A_2,30,0.0,0.0,0.0,0.0,0.0,0.0,0.0,0.0
FILD or FILA ADJUDICATED,rs10484326_T_0,30,0.0,0.0,0.0,0.0,0.0,0.0,0.0,0.0
FILD or FILA ADJUDICATED,rs10484326_T_1,30,0.0,0.0,0.0,0.0,0.0,0.0,0.0,0.0
FILD or FILA ADJUDICATED,rs10484326_T_2,30,0.0,0.0,0.0,0.0,0.0,0.0,0.0,0.0
FILD or FILA ADJUDICATED,rs10518693_C_0,30,0.0,0.0,0.0,0.0,0.0,0.0,0.0,0.0
FILD or FILA ADJUDICATED,rs10518693_C_1,30,0.0,0.0,0.0,0.0,0.0,0.0,0.0,0.0
FILD or FILA ADJUDICATED,rs10518693_C_2,30,0.0,0.0,0.0,0.0,0.0,0.0,0.0,0.0
FILD or FILA ADJUDICATED,rs10748858_T_0,30,0.0,0.0,0.0,0.0,0.0,0.0,0.0,0.0
FILD or FILA ADJUDICATED,rs10748858_T_1,30,0.0,0.0,0.0,0.0,0.0,0.0,0.0,0.0
FILD or FILA ADJUDICATED,rs10748858_T_2,30,0.0,0.0,0.0,0.0,0.0,0.0,0.0,0.0
FILD or FILA ADJUDICATED,rs10776482_A_0,30,0.0,0.0,0.0,0.0,0.0,0.0,0.0,0.0
FILD or FILA ADJUDICATED,rs10776482_A_1,30,0.0,0.0,0.0,0.0,0.0,0.0,0.0,0.0
FILD or FILA ADJUDICATED,rs10776482_A_2,30,0.0,0.0,0.0,0.0,0.0,0.0,0.0,0.0
FILD or FILA ADJUDICATED,rs10783497_A_0,30,0.0,0.0,0.0,0.0,0.0,0.0,0.0,0.0
FILD or FILA ADJUDICATED,rs10783497_A_1,30,0.0,0.0,0.0,0.0,0.0,0.0,0.0,0.0
FILD or FILA ADJUDICATED,rs10783497_A_2,30,0.0,0.0,0.0,0.0,0.0,0.0,0.0,0.0
FILD or FILA ADJUDICATED,rs10842996_T_0,30,0.0,0.0,0.0,0.0,0.0,0.0,0.0,0.0
FILD or FILA ADJUDICATED,rs10842996_T_1,30,0.0,0.0,0.0,0.0,0.0,0.0,0.0,0.0
FILD or FILA ADJUDICATED,rs10842996_T_2,30,0.0,0.0,0.0,0.0,0.0,0.0,0.0,0.0
FILD or FILA ADJUDICATED,rs10869195_A_0,30,0.0,0.0,0.0,0.0,0.0,0.0,0.0,0.0
FILD or FILA ADJUDICATED,rs10869195_A_1,30,0.0,0.0,0.0,0.0,0.0,0.0,0.0,0.0
FILD or FILA ADJUDICATED,rs10869195_A_2,30,0.0,0.0,0.0,0.0,0.0,0.0,0.0,0.0
FILD or FILA ADJUDICATED,rs10881263_G_0,30,0.0,0.0,0.0,0.0,0.0,0.0,0.0,0.0
FILD or FILA ADJUDICATED,rs10881263_G_1,30,0.0,0.0,0.0,0.0,0.0,0.0,0.0,0.0
FILD or FILA ADJUDICATED,rs10881263_G_2,30,0.0,0.0,0.0,0.0,0.0,0.0,0.0,0.0
FILD or FILA ADJUDICATED,rs10886437_C_0,30,0.0,0.0,0.0,0.0,0.0,0.0,0.0,0.0
FILD or FILA ADJUDICATED,rs10886437_C_1,30,0.0,0.0,0.0,0.0,0.0,0.0,0.0,0.0
FILD or FILA ADJUDICATED,rs10886437_C_2,30,0.0,0.0,0.0,0.0,0.0,0.0,0.0,0.0
FILD or FILA ADJUDICATED,rs10976897_G_0,30,0.0,0.0,0.0,0.0,0.0,0.0,0.0,0.0
FILD or FILA ADJUDICATED,rs10976897_G_1,30,0.0,0.0,0.0,0.0,0.0,0.0,0.0,0.0
FILD or FILA ADJUDICATED,rs10976897_G_2,30,0.0,0.0,0.0,0.0,0.0,0.0,0.0,0.0
FILD or FILA ADJUDICATED,rs11083093_G_0,30,0.0,0.0,0.0,0.0,0.0,0.0,0.0,0.0
FILD or FILA ADJUDICATED,rs11083093_G_1,30,0.0,0.0,0.0,0.0,0.0,0.0,0.0,0.0
FILD or FILA ADJUDICATED,rs11083093_G_2,30,0.0,0.0,0.0,0.0,0.0,0.0,0.0,0.0
FILD or FILA ADJUDICATED,rs11102362_G_0,30,0.0,0.0,0.0,0.0,0.0,0.0,0.0,0.0
FILD or FILA ADJUDICATED,rs11102362_G_1,30,0.0,0.0,0.0,0.0,0.0,0.0,0.0,0.0
FILD or FILA ADJUDICATED,rs11102362_G_2,30,0.0,0.0,0.0,0.0,0.0,0.0,0.0,0.0
FILD or FILA ADJUDICATED,rs11154034_T_0,30,0.0,0.0,0.0,0.0,0.0,0.0,0.0,0.0
FILD or FILA ADJUDICATED,rs11154034_T_1,30,0.0,0.0,0.0,0.0,0.0,0.0,0.0,0.0
FILD or FILA ADJUDICATED,rs11154034_T_2,30,0.0,0.0,0.0,0.0,0.0,0.0,0.0,0.0
FILD or FILA ADJUDICATED,rs11191865_G_0,30,0.0,0.0,0.0,0.0,0.0,0.0,0.0,0.0
FILD or FILA ADJUDICATED,rs11191865_G_1,30,0.0,0.0,0.0,0.0,0.0,0.0,0.0,0.0
FILD or FILA ADJUDICATED,rs11191865_G_2,30,0.0,0.0,0.0,0.0,0.0,0.0,0.0,0.0
FILD or FILA ADJUDICATED,rs1123573_A_0,30,0.0,0.0,0.0,0.0,0.0,0.0,0.0,0.0
FILD or FILA ADJUDICATED,rs1123573_A_1,30,0.0,0.0,0.0,0.0,0.0,0.0,0.0,0.0
FILD or FILA ADJUDICATED,rs1123573_A_2,30,0.0,0.0,0.0,0.0,0.0,0.0,0.0,0.0
FILD or FILA ADJUDICATED,rs11264306_A_0,30,0.0,0.0,0.0,0.0,0.0,0.0,0.0,0.0
FILD or FILA ADJUDICATED,rs11264306_A_1,30,0.0,0.0,0.0,0.0,0.0,0.0,0.0,0.0
FILD or FILA ADJUDICATED,rs11264306_A_2,30,0.0,0.0,0.0,0.0,0.0,0.0,0.0,0.0
FILD or FILA ADJUDICATED,rs114064385_G_0,30,0.0,0.0,0.0,0.0,0.0,0.0,0.0,0.0
FILD or FILA ADJUDICATED,rs114064385_G_1,30,0.0,0.0,0.0,0.0,0.0,0.0,0.0,0.0
FILD or FILA ADJUDICATED,rs114064385_G_2,30,0.0,0.0,0.0,0.0,0.0,0.0,0.0,0.0
FILD or FILA ADJUDICATED,rs116575227_A_0,30,0.0,0.0,0.0,0.0,0.0,0.0,0.0,0.0
FILD or FILA ADJUDICATED,rs116575227_A_1,30,0.0,0.0,0.0,0.0,0.0,0.0,0.0,0.0
FILD or FILA ADJUDICATED,rs116575227_A_2,30,0.0,0.0,0.0,0.0,0.0,0.0,0.0,0.0
FILD or FILA ADJUDICATED,rs11680126_C_0,30,0.0,0.0,0.0,0.0,0.0,0.0,0.0,0.0
FILD or FILA ADJUDICATED,rs11680126_C_1,30,0.0,0.0,0.0,0.0,0.0,0.0,0.0,0.0
FILD or FILA ADJUDICATED,rs11680126_C_2,30,0.0,0.0,0.0,0.0,0.0,0.0,0.0,0.0
FILD or FILA ADJUDICATED,rs117427783_T_0,30,0.0,0.0,0.0,0.0,0.0,0.0,0.0,0.0
FILD or FILA ADJUDICATED,rs117427783_T_1,30,0.0,0.0,0.0,0.0,0.0,0.0,0.0,0.0
FILD or FILA ADJUDICATED,rs117427783_T_2,30,0.0,0.0,0.0,0.0,0.0,0.0,0.0,0.0
FILD or FILA ADJUDICATED,rs117750427_A_1,30,0.0,0.0,0.0,0.0,0.0,0.0,0.0,0.0
FILD or FILA ADJUDICATED,rs117750427_A_2,30,0.0,0.0,0.0,0.0,0.0,0.0,0.0,0.0
FILD or FILA ADJUDICATED,rs1189320_G_0,30,0.0,0.0,0.0,0.0,0.0,0.0,0.0,0.0
FILD or FILA ADJUDICATED,rs1189320_G_1,30,0.0,0.0,0.0,0.0,0.0,0.0,0.0,0.0
FILD or FILA ADJUDICATED,rs1189320_G_2,30,0.0,0.0,0.0,0.0,0.0,0.0,0.0,0.0
FILD or FILA ADJUDICATED,rs12275748_C_0,30,0.0,0.0,0.0,0.0,0.0,0.0,0.0,0.0
FILD or FILA ADJUDICATED,rs12275748_C_1,30,0.0,0.0,0.0,0.0,0.0,0.0,0.0,0.0
FILD or FILA ADJUDICATED,rs12275748_C_2,30,0.0,0.0,0.0,0.0,0.0,0.0,0.0,0.0
FILD or FILA ADJUDICATED,rs12422371_C_0,30,0.0,0.0,0.0,0.0,0.0,0.0,0.0,0.0
FILD or FILA ADJUDICATED,rs12422371_C_1,30,0.0,0.0,0.0,0.0,0.0,0.0,0.0,0.0
FILD or FILA ADJUDICATED,rs12422371_C_2,30,0.0,0.0,0.0,0.0,0.0,0.0,0.0,0.0
FILD or FILA ADJUDICATED,rs12446021_G_0,30,0.0,0.0,0.0,0.0,0.0,0.0,0.0,0.0
FILD or FILA ADJUDICATED,rs12446021_G_1,30,0.0,0.0,0.0,0.0,0.0,0.0,0.0,0.0
FILD or FILA ADJUDICATED,rs12446021_G_2,30,0.0,0.0,0.0,0.0,0.0,0.0,0.0,0.0
FILD or FILA ADJUDICATED,rs12610495_A_0,30,0.0,0.0,0.0,0.0,0.0,0.0,0.0,0.0
FILD or FILA ADJUDICATED,rs12610495_A_1,30,0.0,0.0,0.0,0.0,0.0,0.0,0.0,0.0
FILD or FILA ADJUDICATED,rs12610495_A_2,30,0.0,0.0,0.0,0.0,0.0,0.0,0.0,0.0
FILD or FILA ADJUDICATED,rs12626788_C_0,30,0.0,0.0,0.0,0.0,0.0,0.0,0.0,0.0
FILD or FILA ADJUDICATED,rs12626788_C_1,30,0.0,0.0,0.0,0.0,0.0,0.0,0.0,0.0
FILD or FILA ADJUDICATED,rs12626788_C_2,30,0.0,0.0,0.0,0.0,0.0,0.0,0.0,0.0
FILD or FILA ADJUDICATED,rs12658068_G_0,30,0.0,0.0,0.0,0.0,0.0,0.0,0.0,0.0
FILD or FILA ADJUDICATED,rs12658068_G_1,30,0.0,0.0,0.0,0.0,0.0,0.0,0.0,0.0
FILD or FILA ADJUDICATED,rs12658068_G_2,30,0.0,0.0,0.0,0.0,0.0,0.0,0.0,0.0
FILD or FILA ADJUDICATED,rs12665063_A_0,30,0.0,0.0,0.0,0.0,0.0,0.0,0.0,0.0
FILD or FILA ADJUDICATED,rs12665063_A_1,30,0.0,0.0,0.0,0.0,0.0,0.0,0.0,0.0
FILD or FILA ADJUDICATED,rs12665063_A_2,30,0.0,0.0,0.0,0.0,0.0,0.0,0.0,0.0
FILD or FILA ADJUDICATED,rs12710674_C_0,30,0.0,0.0,0.0,0.0,0.0,0.0,0.0,0.0
FILD or FILA ADJUDICATED,rs12710674_C_1,30,0.0,0.0,0.0,0.0,0.0,0.0,0.0,0.0
FILD or FILA ADJUDICATED,rs12710674_C_2,30,0.0,0.0,0.0,0.0,0.0,0.0,0.0,0.0
FILD or FILA ADJUDICATED,rs12713927_G_0,30,0.0,0.0,0.0,0.0,0.0,0.0,0.0,0.0
FILD or FILA ADJUDICATED,rs12713927_G_1,30,0.0,0.0,0.0,0.0,0.0,0.0,0.0,0.0
FILD or FILA ADJUDICATED,rs12713927_G_2,30,0.0,0.0,0.0,0.0,0.0,0.0,0.0,0.0
FILD or FILA ADJUDICATED,rs1273431_A_0,30,0.0,0.0,0.0,0.0,0.0,0.0,0.0,0.0
FILD or FILA ADJUDICATED,rs1273431_A_1,30,0.0,0.0,0.0,0.0,0.0,0.0,0.0,0.0
FILD or FILA ADJUDICATED,rs1273431_A_2,30,0.0,0.0,0.0,0.0,0.0,0.0,0.0,0.0
FILD or FILA ADJUDICATED,rs1278769_G_0,30,0.0,0.0,0.0,0.0,0.0,0.0,0.0,0.0
FILD or FILA ADJUDICATED,rs1278769_G_1,30,0.0,0.0,0.0,0.0,0.0,0.0,0.0,0.0
FILD or FILA ADJUDICATED,rs1278769_G_2,30,0.0,0.0,0.0,0.0,0.0,0.0,0.0,0.0
FILD or FILA ADJUDICATED,rs12928193_G_0,30,0.0,0.0,0.0,0.0,0.0,0.0,0.0,0.0
FILD or FILA ADJUDICATED,rs12928193_G_1,30,0.0,0.0,0.0,0.0,0.0,0.0,0.0,0.0
FILD or FILA ADJUDICATED,rs12928193_G_2,30,0.0,0.0,0.0,0.0,0.0,0.0,0.0,0.0
FILD or FILA ADJUDICATED,rs12975986_C_0,30,0.0,0.0,0.0,0.0,0.0,0.0,0.0,0.0
FILD or FILA ADJUDICATED,rs12975986_C_1,30,0.0,0.0,0.0,0.0,0.0,0.0,0.0,0.0
FILD or FILA ADJUDICATED,rs12975986_C_2,30,0.0,0.0,0.0,0.0,0.0,0.0,0.0,0.0
FILD or FILA ADJUDICATED,rs13183751_G_0,30,0.0,0.0,0.0,0.0,0.0,0.0,0.0,0.0
FILD or FILA ADJUDICATED,rs13183751_G_1,30,0.0,0.0,0.0,0.0,0.0,0.0,0.0,0.0
FILD or FILA ADJUDICATED,rs13183751_G_2,30,0.0,0.0,0.0,0.0,0.0,0.0,0.0,0.0
FILD or FILA ADJUDICATED,rs13299670_C_0,30,0.0,0.0,0.0,0.0,0.0,0.0,0.0,0.0
FILD or FILA ADJUDICATED,rs13299670_C_1,30,0.0,0.0,0.0,0.0,0.0,0.0,0.0,0.0
FILD or FILA ADJUDICATED,rs13299670_C_2,30,0.0,0.0,0.0,0.0,0.0,0.0,0.0,0.0
FILD or FILA ADJUDICATED,rs1422506_G_0,30,0.0,0.0,0.0,0.0,0.0,0.0,0.0,0.0
FILD or FILA ADJUDICATED,rs1422506_G_1,30,0.0,0.0,0.0,0.0,0.0,0.0,0.0,0.0
FILD or FILA ADJUDICATED,rs1422506_G_2,30,0.0,0.0,0.0,0.0,0.0,0.0,0.0,0.0
FILD or FILA ADJUDICATED,rs1423029_A_0,30,0.0,0.0,0.0,0.0,0.0,0.0,0.0,0.0
FILD or FILA ADJUDICATED,rs1423029_A_1,30,0.0,0.0,0.0,0.0,0.0,0.0,0.0,0.0
FILD or FILA ADJUDICATED,rs1423029_A_2,30,0.0,0.0,0.0,0.0,0.0,0.0,0.0,0.0
FILD or FILA ADJUDICATED,rs144128391_T_0,30,0.0,0.0,0.0,0.0,0.0,0.0,0.0,0.0
FILD or FILA ADJUDICATED,rs144128391_T_1,30,0.0,0.0,0.0,0.0,0.0,0.0,0.0,0.0
FILD or FILA ADJUDICATED,rs144128391_T_2,30,0.0,0.0,0.0,0.0,0.0,0.0,0.0,0.0
FILD or FILA ADJUDICATED,rs144948432_A_0,30,0.0,0.0,0.0,0.0,0.0,0.0,0.0,0.0
FILD or FILA ADJUDICATED,rs144948432_A_1,30,0.0,0.0,0.0,0.0,0.0,0.0,0.0,0.0
FILD or FILA ADJUDICATED,rs144948432_A_2,30,0.0,0.0,0.0,0.0,0.0,0.0,0.0,0.0
FILD or FILA ADJUDICATED,rs145802912_A_0,30,0.0,0.0,0.0,0.0,0.0,0.0,0.0,0.0
FILD or FILA ADJUDICATED,rs145802912_A_1,30,0.0,0.0,0.0,0.0,0.0,0.0,0.0,0.0
FILD or FILA ADJUDICATED,rs145802912_A_2,30,0.0,0.0,0.0,0.0,0.0,0.0,0.0,0.0
FILD or FILA ADJUDICATED,rs146764446_A_0,30,0.0,0.0,0.0,0.0,0.0,0.0,0.0,0.0
FILD or FILA ADJUDICATED,rs146764446_A_1,30,0.0,0.0,0.0,0.0,0.0,0.0,0.0,0.0
FILD or FILA ADJUDICATED,rs146764446_A_2,30,0.0,0.0,0.0,0.0,0.0,0.0,0.0,0.0
FILD or FILA ADJUDICATED,rs1479945_C_0,30,0.0,0.0,0.0,0.0,0.0,0.0,0.0,0.0
FILD or FILA ADJUDICATED,rs1479945_C_1,30,0.0,0.0,0.0,0.0,0.0,0.0,0.0,0.0
FILD or FILA ADJUDICATED,rs1479945_C_2,30,0.0,0.0,0.0,0.0,0.0,0.0,0.0,0.0
FILD or FILA ADJUDICATED,rs148106529_G_0,30,0.0,0.0,0.0,0.0,0.0,0.0,0.0,0.0
FILD or FILA ADJUDICATED,rs148106529_G_1,30,0.0,0.0,0.0,0.0,0.0,0.0,0.0,0.0
FILD or FILA ADJUDICATED,rs148106529_G_2,30,0.0,0.0,0.0,0.0,0.0,0.0,0.0,0.0
FILD or FILA ADJUDICATED,rs1488496_C_0,30,0.0,0.0,0.0,0.0,0.0,0.0,0.0,0.0
FILD or FILA ADJUDICATED,rs1488496_C_1,30,0.0,0.0,0.0,0.0,0.0,0.0,0.0,0.0
FILD or FILA ADJUDICATED,rs1488496_C_2,30,0.0,0.0,0.0,0.0,0.0,0.0,0.0,0.0
FILD or FILA ADJUDICATED,rs148877274_T_0,30,0.0,0.0,0.0,0.0,0.0,0.0,0.0,0.0
FILD or FILA ADJUDICATED,rs148877274_T_1,30,0.0,0.0,0.0,0.0,0.0,0.0,0.0,0.0
FILD or FILA ADJUDICATED,rs148877274_T_2,30,0.0,0.0,0.0,0.0,0.0,0.0,0.0,0.0
FILD or FILA ADJUDICATED,rs1496725_A_0,30,0.0,0.0,0.0,0.0,0.0,0.0,0.0,0.0
FILD or FILA ADJUDICATED,rs1496725_A_1,30,0.0,0.0,0.0,0.0,0.0,0.0,0.0,0.0
FILD or FILA ADJUDICATED,rs1496725_A_2,30,0.0,0.0,0.0,0.0,0.0,0.0,0.0,0.0
FILD or FILA ADJUDICATED,rs151036604_T_0,30,0.0,0.0,0.0,0.0,0.0,0.0,0.0,0.0
FILD or FILA ADJUDICATED,rs151036604_T_1,30,0.0,0.0,0.0,0.0,0.0,0.0,0.0,0.0
FILD or FILA ADJUDICATED,rs151036604_T_2,30,0.0,0.0,0.0,0.0,0.0,0.0,0.0,0.0
FILD or FILA ADJUDICATED,rs1669778_T_0,30,0.0,0.0,0.0,0.0,0.0,0.0,0.0,0.0
FILD or FILA ADJUDICATED,rs1669778_T_1,30,0.0,0.0,0.0,0.0,0.0,0.0,0.0,0.0
FILD or FILA ADJUDICATED,rs1669778_T_2,30,0.0,0.0,0.0,0.0,0.0,0.0,0.0,0.0
FILD or FILA ADJUDICATED,rs16837903_G_0,30,0.0,0.0,0.0,0.0,0.0,0.0,0.0,0.0
FILD or FILA ADJUDICATED,rs16837903_G_1,30,0.0,0.0,0.0,0.0,0.0,0.0,0.0,0.0
FILD or FILA ADJUDICATED,rs16837903_G_2,30,0.0,0.0,0.0,0.0,0.0,0.0,0.0,0.0
FILD or FILA ADJUDICATED,rs169889_A_0,30,0.0,0.0,0.0,0.0,0.0,0.0,0.0,0.0
FILD or FILA ADJUDICATED,rs169889_A_1,30,0.0,0.0,0.0,0.0,0.0,0.0,0.0,0.0
FILD or FILA ADJUDICATED,rs169889_A_2,30,0.0,0.0,0.0,0.0,0.0,0.0,0.0,0.0
FILD or FILA ADJUDICATED,rs17007563_C_0,30,0.0,0.0,0.0,0.0,0.0,0.0,0.0,0.0
FILD or FILA ADJUDICATED,rs17007563_C_1,30,0.0,0.0,0.0,0.0,0.0,0.0,0.0,0.0
FILD or FILA ADJUDICATED,rs17007563_C_2,30,0.0,0.0,0.0,0.0,0.0,0.0,0.0,0.0
FILD or FILA ADJUDICATED,rs17019820_A_0,30,0.0,0.0,0.0,0.0,0.0,0.0,0.0,0.0
FILD or FILA ADJUDICATED,rs17019820_A_1,30,0.0,0.0,0.0,0.0,0.0,0.0,0.0,0.0
FILD or FILA ADJUDICATED,rs17019820_A_2,30,0.0,0.0,0.0,0.0,0.0,0.0,0.0,0.0
FILD or FILA ADJUDICATED,rs17372089_A_0,30,0.0,0.0,0.0,0.0,0.0,0.0,0.0,0.0
FILD or FILA ADJUDICATED,rs17372089_A_1,30,0.0,0.0,0.0,0.0,0.0,0.0,0.0,0.0
FILD or FILA ADJUDICATED,rs17372089_A_2,30,0.0,0.0,0.0,0.0,0.0,0.0,0.0,0.0
FILD or FILA ADJUDICATED,rs17616659_G_0,30,0.0,0.0,0.0,0.0,0.0,0.0,0.0,0.0
FILD or FILA ADJUDICATED,rs17616659_G_1,30,0.0,0.0,0.0,0.0,0.0,0.0,0.0,0.0
FILD or FILA ADJUDICATED,rs17616659_G_2,30,0.0,0.0,0.0,0.0,0.0,0.0,0.0,0.0
FILD or FILA ADJUDICATED,rs17690703_C_0,30,0.0,0.0,0.0,0.0,0.0,0.0,0.0,0.0
FILD or FILA ADJUDICATED,rs17690703_C_1,30,0.0,0.0,0.0,0.0,0.0,0.0,0.0,0.0
FILD or FILA ADJUDICATED,rs17690703_C_2,30,0.0,0.0,0.0,0.0,0.0,0.0,0.0,0.0
FILD or FILA ADJUDICATED,rs1851741_G_0,30,0.0,0.0,0.0,0.0,0.0,0.0,0.0,0.0
FILD or FILA ADJUDICATED,rs1851741_G_1,30,0.0,0.0,0.0,0.0,0.0,0.0,0.0,0.0
FILD or FILA ADJUDICATED,rs1851741_G_2,30,0.0,0.0,0.0,0.0,0.0,0.0,0.0,0.0
FILD or FILA ADJUDICATED,rs1923802_T_0,30,0.0,0.0,0.0,0.0,0.0,0.0,0.0,0.0
FILD or FILA ADJUDICATED,rs1923802_T_1,30,0.0,0.0,0.0,0.0,0.0,0.0,0.0,0.0
FILD or FILA ADJUDICATED,rs1923802_T_2,30,0.0,0.0,0.0,0.0,0.0,0.0,0.0,0.0
FILD or FILA ADJUDICATED,rs1981997_G_0,30,0.0,0.0,0.0,0.0,0.0,0.0,0.0,0.0
FILD or FILA ADJUDICATED,rs1981997_G_1,30,0.0,0.0,0.0,0.0,0.0,0.0,0.0,0.0
FILD or FILA ADJUDICATED,rs1981997_G_2,30,0.0,0.0,0.0,0.0,0.0,0.0,0.0,0.0
FILD or FILA ADJUDICATED,rs2034650_A_0,30,0.0,0.0,0.0,0.0,0.0,0.0,0.0,0.0
FILD or FILA ADJUDICATED,rs2034650_A_1,30,0.0,0.0,0.0,0.0,0.0,0.0,0.0,0.0
FILD or FILA ADJUDICATED,rs2034650_A_2,30,0.0,0.0,0.0,0.0,0.0,0.0,0.0,0.0
FILD or FILA ADJUDICATED,rs2067832_G_0,30,0.0,0.0,0.0,0.0,0.0,0.0,0.0,0.0
FILD or FILA ADJUDICATED,rs2067832_G_1,30,0.0,0.0,0.0,0.0,0.0,0.0,0.0,0.0
FILD or FILA ADJUDICATED,rs2067832_G_2,30,0.0,0.0,0.0,0.0,0.0,0.0,0.0,0.0
FILD or FILA ADJUDICATED,rs2071627_C_0,30,0.0,0.0,0.0,0.0,0.0,0.0,0.0,0.0
FILD or FILA ADJUDICATED,rs2071627_C_1,30,0.0,0.0,0.0,0.0,0.0,0.0,0.0,0.0
FILD or FILA ADJUDICATED,rs2071627_C_2,30,0.0,0.0,0.0,0.0,0.0,0.0,0.0,0.0
FILD or FILA ADJUDICATED,rs2076295_T_0,30,0.0,0.0,0.0,0.0,0.0,0.0,0.0,0.0
FILD or FILA ADJUDICATED,rs2076295_T_1,30,0.0,0.0,0.0,0.0,0.0,0.0,0.0,0.0
FILD or FILA ADJUDICATED,rs2076295_T_2,30,0.0,0.0,0.0,0.0,0.0,0.0,0.0,0.0
FILD or FILA ADJUDICATED,rs2109069_G_0,30,0.0,0.0,0.0,0.0,0.0,0.0,0.0,0.0
FILD or FILA ADJUDICATED,rs2109069_G_1,30,0.0,0.0,0.0,0.0,0.0,0.0,0.0,0.0
FILD or FILA ADJUDICATED,rs2109069_G_2,30,0.0,0.0,0.0,0.0,0.0,0.0,0.0,0.0
FILD or FILA ADJUDICATED,rs2228972_G_0,30,0.0,0.0,0.0,0.0,0.0,0.0,0.0,0.0
FILD or FILA ADJUDICATED,rs2228972_G_1,30,0.0,0.0,0.0,0.0,0.0,0.0,0.0,0.0
FILD or FILA ADJUDICATED,rs2228972_G_2,30,0.0,0.0,0.0,0.0,0.0,0.0,0.0,0.0
FILD or FILA ADJUDICATED,rs2353082_C_0,30,0.0,0.0,0.0,0.0,0.0,0.0,0.0,0.0
FILD or FILA ADJUDICATED,rs2353082_C_1,30,0.0,0.0,0.0,0.0,0.0,0.0,0.0,0.0
FILD or FILA ADJUDICATED,rs2353082_C_2,30,0.0,0.0,0.0,0.0,0.0,0.0,0.0,0.0
FILD or FILA ADJUDICATED,rs2361278_T_0,30,0.0,0.0,0.0,0.0,0.0,0.0,0.0,0.0
FILD or FILA ADJUDICATED,rs2361278_T_1,30,0.0,0.0,0.0,0.0,0.0,0.0,0.0,0.0
FILD or FILA ADJUDICATED,rs2361278_T_2,30,0.0,0.0,0.0,0.0,0.0,0.0,0.0,0.0
FILD or FILA ADJUDICATED,rs2375892_T_0,30,0.0,0.0,0.0,0.0,0.0,0.0,0.0,0.0
FILD or FILA ADJUDICATED,rs2375892_T_1,30,0.0,0.0,0.0,0.0,0.0,0.0,0.0,0.0
FILD or FILA ADJUDICATED,rs2375892_T_2,30,0.0,0.0,0.0,0.0,0.0,0.0,0.0,0.0
FILD or FILA ADJUDICATED,rs2577254_T_0,30,0.0,0.0,0.0,0.0,0.0,0.0,0.0,0.0
FILD or FILA ADJUDICATED,rs2577254_T_1,30,0.0,0.0,0.0,0.0,0.0,0.0,0.0,0.0
FILD or FILA ADJUDICATED,rs2577254_T_2,30,0.0,0.0,0.0,0.0,0.0,0.0,0.0,0.0
FILD or FILA ADJUDICATED,rs2609255_T_0,30,0.0,0.0,0.0,0.0,0.0,0.0,0.0,0.0
FILD or FILA ADJUDICATED,rs2609255_T_1,30,0.0,0.0,0.0,0.0,0.0,0.0,0.0,0.0
FILD or FILA ADJUDICATED,rs2609255_T_2,30,0.0,0.0,0.0,0.0,0.0,0.0,0.0,0.0
FILD or FILA ADJUDICATED,rs2609260_T_0,30,0.0,0.0,0.0,0.0,0.0,0.0,0.0,0.0
FILD or FILA ADJUDICATED,rs2609260_T_1,30,0.0,0.0,0.0,0.0,0.0,0.0,0.0,0.0
FILD or FILA ADJUDICATED,rs2609260_T_2,30,0.0,0.0,0.0,0.0,0.0,0.0,0.0,0.0
FILD or FILA ADJUDICATED,rs2726049_A_0,30,0.0,0.0,0.0,0.0,0.0,0.0,0.0,0.0
FILD or FILA ADJUDICATED,rs2726049_A_1,30,0.0,0.0,0.0,0.0,0.0,0.0,0.0,0.0
FILD or FILA ADJUDICATED,rs2726049_A_2,30,0.0,0.0,0.0,0.0,0.0,0.0,0.0,0.0
FILD or FILA ADJUDICATED,rs2736100_A_0,30,0.0,0.0,0.0,0.0,0.0,0.0,0.0,0.0
FILD or FILA ADJUDICATED,rs2736100_A_1,30,0.0,0.0,0.0,0.0,0.0,0.0,0.0,0.0
FILD or FILA ADJUDICATED,rs2736100_A_2,30,0.0,0.0,0.0,0.0,0.0,0.0,0.0,0.0
FILD or FILA ADJUDICATED,rs2857476_C_0,30,0.0,0.0,0.0,0.0,0.0,0.0,0.0,0.0
FILD or FILA ADJUDICATED,rs2857476_C_1,30,0.0,0.0,0.0,0.0,0.0,0.0,0.0,0.0
FILD or FILA ADJUDICATED,rs2857476_C_2,30,0.0,0.0,0.0,0.0,0.0,0.0,0.0,0.0
FILD or FILA ADJUDICATED,rs28703652_G_0,30,0.0,0.0,0.0,0.0,0.0,0.0,0.0,0.0
FILD or FILA ADJUDICATED,rs28703652_G_1,30,0.0,0.0,0.0,0.0,0.0,0.0,0.0,0.0
FILD or FILA ADJUDICATED,rs28703652_G_2,30,0.0,0.0,0.0,0.0,0.0,0.0,0.0,0.0
FILD or FILA ADJUDICATED,rs302837_A_0,30,0.0,0.0,0.0,0.0,0.0,0.0,0.0,0.0
FILD or FILA ADJUDICATED,rs302837_A_1,30,0.0,0.0,0.0,0.0,0.0,0.0,0.0,0.0
FILD or FILA ADJUDICATED,rs302837_A_2,30,0.0,0.0,0.0,0.0,0.0,0.0,0.0,0.0
FILD or FILA ADJUDICATED,rs3130157_G_0,30,0.0,0.0,0.0,0.0,0.0,0.0,0.0,0.0
FILD or FILA ADJUDICATED,rs3130157_G_1,30,0.0,0.0,0.0,0.0,0.0,0.0,0.0,0.0
FILD or FILA ADJUDICATED,rs3130157_G_2,30,0.0,0.0,0.0,0.0,0.0,0.0,0.0,0.0
FILD or FILA ADJUDICATED,rs3131520_C_0,30,0.0,0.0,0.0,0.0,0.0,0.0,0.0,0.0
FILD or FILA ADJUDICATED,rs3131520_C_1,30,0.0,0.0,0.0,0.0,0.0,0.0,0.0,0.0
FILD or FILA ADJUDICATED,rs3131520_C_2,30,0.0,0.0,0.0,0.0,0.0,0.0,0.0,0.0
FILD or FILA ADJUDICATED,rs325093_T_1,30,0.0,0.0,0.0,0.0,0.0,0.0,0.0,0.0
FILD or FILA ADJUDICATED,rs325093_T_2,30,0.0,0.0,0.0,0.0,0.0,0.0,0.0,0.0
FILD or FILA ADJUDICATED,rs34262641_A_0,30,0.0,0.0,0.0,0.0,0.0,0.0,0.0,0.0
FILD or FILA ADJUDICATED,rs34262641_A_1,30,0.0,0.0,0.0,0.0,0.0,0.0,0.0,0.0
FILD or FILA ADJUDICATED,rs34262641_A_2,30,0.0,0.0,0.0,0.0,0.0,0.0,0.0,0.0
FILD or FILA ADJUDICATED,rs34425120_G_0,30,0.0,0.0,0.0,0.0,0.0,0.0,0.0,0.0
FILD or FILA ADJUDICATED,rs34425120_G_1,30,0.0,0.0,0.0,0.0,0.0,0.0,0.0,0.0
FILD or FILA ADJUDICATED,rs34425120_G_2,30,0.0,0.0,0.0,0.0,0.0,0.0,0.0,0.0
FILD or FILA ADJUDICATED,rs34547036_C_0,30,0.0,0.0,0.0,0.0,0.0,0.0,0.0,0.0
FILD or FILA ADJUDICATED,rs34547036_C_1,30,0.0,0.0,0.0,0.0,0.0,0.0,0.0,0.0
FILD or FILA ADJUDICATED,rs34547036_C_2,30,0.0,0.0,0.0,0.0,0.0,0.0,0.0,0.0
FILD or FILA ADJUDICATED,rs34625679_T_0,30,0.0,0.0,0.0,0.0,0.0,0.0,0.0,0.0
FILD or FILA ADJUDICATED,rs34625679_T_1,30,0.0,0.0,0.0,0.0,0.0,0.0,0.0,0.0
FILD or FILA ADJUDICATED,rs34625679_T_2,30,0.0,0.0,0.0,0.0,0.0,0.0,0.0,0.0
FILD or FILA ADJUDICATED,rs34825924_G_0,30,0.0,0.0,0.0,0.0,0.0,0.0,0.0,0.0
FILD or FILA ADJUDICATED,rs34825924_G_1,30,0.0,0.0,0.0,0.0,0.0,0.0,0.0,0.0
FILD or FILA ADJUDICATED,rs34825924_G_2,30,0.0,0.0,0.0,0.0,0.0,0.0,0.0,0.0
FILD or FILA ADJUDICATED,rs35677769_G_0,30,0.0,0.0,0.0,0.0,0.0,0.0,0.0,0.0
FILD or FILA ADJUDICATED,rs35677769_G_1,30,0.0,0.0,0.0,0.0,0.0,0.0,0.0,0.0
FILD or FILA ADJUDICATED,rs35677769_G_2,30,0.0,0.0,0.0,0.0,0.0,0.0,0.0,0.0
FILD or FILA ADJUDICATED,rs35705950.1_G_0,30,0.0,0.0,0.0,0.0,0.0,0.0,0.0,0.0
FILD or FILA ADJUDICATED,rs3744761_C_0,30,0.0,0.0,0.0,0.0,0.0,0.0,0.0,0.0
FILD or FILA ADJUDICATED,rs3744761_C_1,30,0.0,0.0,0.0,0.0,0.0,0.0,0.0,0.0
FILD or FILA ADJUDICATED,rs3744761_C_2,30,0.0,0.0,0.0,0.0,0.0,0.0,0.0,0.0
FILD or FILA ADJUDICATED,rs3750920_C_0,30,0.0,0.0,0.0,0.0,0.0,0.0,0.0,0.0
FILD or FILA ADJUDICATED,rs3750920_C_1,30,0.0,0.0,0.0,0.0,0.0,0.0,0.0,0.0
FILD or FILA ADJUDICATED,rs3750920_C_2,30,0.0,0.0,0.0,0.0,0.0,0.0,0.0,0.0
FILD or FILA ADJUDICATED,rs3778337_G_0,30,0.0,0.0,0.0,0.0,0.0,0.0,0.0,0.0
FILD or FILA ADJUDICATED,rs3778337_G_1,30,0.0,0.0,0.0,0.0,0.0,0.0,0.0,0.0
FILD or FILA ADJUDICATED,rs3778337_G_2,30,0.0,0.0,0.0,0.0,0.0,0.0,0.0,0.0
FILD or FILA ADJUDICATED,rs3829223_C_0,30,0.0,0.0,0.0,0.0,0.0,0.0,0.0,0.0
FILD or FILA ADJUDICATED,rs3829223_C_1,30,0.0,0.0,0.0,0.0,0.0,0.0,0.0,0.0
FILD or FILA ADJUDICATED,rs3829223_C_2,30,0.0,0.0,0.0,0.0,0.0,0.0,0.0,0.0
FILD or FILA ADJUDICATED,rs3887876_C_0,30,0.0,0.0,0.0,0.0,0.0,0.0,0.0,0.0
FILD or FILA ADJUDICATED,rs3887876_C_1,30,0.0,0.0,0.0,0.0,0.0,0.0,0.0,0.0
FILD or FILA ADJUDICATED,rs3887876_C_2,30,0.0,0.0,0.0,0.0,0.0,0.0,0.0,0.0
FILD or FILA ADJUDICATED,rs4077759_T_0,30,0.0,0.0,0.0,0.0,0.0,0.0,0.0,0.0
FILD or FILA ADJUDICATED,rs4077759_T_1,30,0.0,0.0,0.0,0.0,0.0,0.0,0.0,0.0
FILD or FILA ADJUDICATED,rs4077759_T_2,30,0.0,0.0,0.0,0.0,0.0,0.0,0.0,0.0
FILD or FILA ADJUDICATED,rs41482151_C_0,30,0.0,0.0,0.0,0.0,0.0,0.0,0.0,0.0
FILD or FILA ADJUDICATED,rs41482151_C_1,30,0.0,0.0,0.0,0.0,0.0,0.0,0.0,0.0
FILD or FILA ADJUDICATED,rs41482151_C_2,30,0.0,0.0,0.0,0.0,0.0,0.0,0.0,0.0
FILD or FILA ADJUDICATED,rs415430_T_0,30,0.0,0.0,0.0,0.0,0.0,0.0,0.0,0.0
FILD or FILA ADJUDICATED,rs415430_T_1,30,0.0,0.0,0.0,0.0,0.0,0.0,0.0,0.0
FILD or FILA ADJUDICATED,rs415430_T_2,30,0.0,0.0,0.0,0.0,0.0,0.0,0.0,0.0
FILD or FILA ADJUDICATED,rs45619034_G_0,30,0.0,0.0,0.0,0.0,0.0,0.0,0.0,0.0
FILD or FILA ADJUDICATED,rs45619034_G_1,30,0.0,0.0,0.0,0.0,0.0,0.0,0.0,0.0
FILD or FILA ADJUDICATED,rs45619034_G_2,30,0.0,0.0,0.0,0.0,0.0,0.0,0.0,0.0
FILD or FILA ADJUDICATED,rs4672388_T_0,30,0.0,0.0,0.0,0.0,0.0,0.0,0.0,0.0
FILD or FILA ADJUDICATED,rs4672388_T_1,30,0.0,0.0,0.0,0.0,0.0,0.0,0.0,0.0
FILD or FILA ADJUDICATED,rs4672388_T_2,30,0.0,0.0,0.0,0.0,0.0,0.0,0.0,0.0
FILD or FILA ADJUDICATED,rs4680134_C_0,30,0.0,0.0,0.0,0.0,0.0,0.0,0.0,0.0
FILD or FILA ADJUDICATED,rs4680134_C_1,30,0.0,0.0,0.0,0.0,0.0,0.0,0.0,0.0
FILD or FILA ADJUDICATED,rs4680134_C_2,30,0.0,0.0,0.0,0.0,0.0,0.0,0.0,0.0
FILD or FILA ADJUDICATED,rs469942_C_0,30,0.0,0.0,0.0,0.0,0.0,0.0,0.0,0.0
FILD or FILA ADJUDICATED,rs469942_C_1,30,0.0,0.0,0.0,0.0,0.0,0.0,0.0,0.0
FILD or FILA ADJUDICATED,rs469942_C_2,30,0.0,0.0,0.0,0.0,0.0,0.0,0.0,0.0
FILD or FILA ADJUDICATED,rs4727443_C_0,30,0.0,0.0,0.0,0.0,0.0,0.0,0.0,0.0
FILD or FILA ADJUDICATED,rs4727443_C_1,30,0.0,0.0,0.0,0.0,0.0,0.0,0.0,0.0
FILD or FILA ADJUDICATED,rs4727443_C_2,30,0.0,0.0,0.0,0.0,0.0,0.0,0.0,0.0
FILD or FILA ADJUDICATED,rs4811028_G_0,30,0.0,0.0,0.0,0.0,0.0,0.0,0.0,0.0
FILD or FILA ADJUDICATED,rs4811028_G_1,30,0.0,0.0,0.0,0.0,0.0,0.0,0.0,0.0
FILD or FILA ADJUDICATED,rs4811028_G_2,30,0.0,0.0,0.0,0.0,0.0,0.0,0.0,0.0
FILD or FILA ADJUDICATED,rs4918072_G_0,30,0.0,0.0,0.0,0.0,0.0,0.0,0.0,0.0
FILD or FILA ADJUDICATED,rs4918072_G_1,30,0.0,0.0,0.0,0.0,0.0,0.0,0.0,0.0
FILD or FILA ADJUDICATED,rs4918072_G_2,30,0.0,0.0,0.0,0.0,0.0,0.0,0.0,0.0
FILD or FILA ADJUDICATED,rs4960330_T_0,30,0.0,0.0,0.0,0.0,0.0,0.0,0.0,0.0
FILD or FILA ADJUDICATED,rs4960330_T_1,30,0.0,0.0,0.0,0.0,0.0,0.0,0.0,0.0
FILD or FILA ADJUDICATED,rs4960330_T_2,30,0.0,0.0,0.0,0.0,0.0,0.0,0.0,0.0
FILD or FILA ADJUDICATED,rs55672765_C_0,30,0.0,0.0,0.0,0.0,0.0,0.0,0.0,0.0
FILD or FILA ADJUDICATED,rs55672765_C_1,30,0.0,0.0,0.0,0.0,0.0,0.0,0.0,0.0
FILD or FILA ADJUDICATED,rs55672765_C_2,30,0.0,0.0,0.0,0.0,0.0,0.0,0.0,0.0
FILD or FILA ADJUDICATED,rs55682827_C_0,30,0.0,0.0,0.0,0.0,0.0,0.0,0.0,0.0
FILD or FILA ADJUDICATED,rs55682827_C_1,30,0.0,0.0,0.0,0.0,0.0,0.0,0.0,0.0
FILD or FILA ADJUDICATED,rs55682827_C_2,30,0.0,0.0,0.0,0.0,0.0,0.0,0.0,0.0
FILD or FILA ADJUDICATED,rs55993474_A_0,30,0.0,0.0,0.0,0.0,0.0,0.0,0.0,0.0
FILD or FILA ADJUDICATED,rs55993474_A_1,30,0.0,0.0,0.0,0.0,0.0,0.0,0.0,0.0
FILD or FILA ADJUDICATED,rs55993474_A_2,30,0.0,0.0,0.0,0.0,0.0,0.0,0.0,0.0
FILD or FILA ADJUDICATED,rs56111559_G_0,30,0.0,0.0,0.0,0.0,0.0,0.0,0.0,0.0
FILD or FILA ADJUDICATED,rs56111559_G_1,30,0.0,0.0,0.0,0.0,0.0,0.0,0.0,0.0
FILD or FILA ADJUDICATED,rs56111559_G_2,30,0.0,0.0,0.0,0.0,0.0,0.0,0.0,0.0
FILD or FILA ADJUDICATED,rs56184452_G_0,30,0.0,0.0,0.0,0.0,0.0,0.0,0.0,0.0
FILD or FILA ADJUDICATED,rs56184452_G_1,30,0.0,0.0,0.0,0.0,0.0,0.0,0.0,0.0
FILD or FILA ADJUDICATED,rs56184452_G_2,30,0.0,0.0,0.0,0.0,0.0,0.0,0.0,0.0
FILD or FILA ADJUDICATED,rs56387623_T_0,30,0.0,0.0,0.0,0.0,0.0,0.0,0.0,0.0
FILD or FILA ADJUDICATED,rs56387623_T_1,30,0.0,0.0,0.0,0.0,0.0,0.0,0.0,0.0
FILD or FILA ADJUDICATED,rs56387623_T_2,30,0.0,0.0,0.0,0.0,0.0,0.0,0.0,0.0
FILD or FILA ADJUDICATED,rs56744128_A_0,30,0.0,0.0,0.0,0.0,0.0,0.0,0.0,0.0
FILD or FILA ADJUDICATED,rs56744128_A_1,30,0.0,0.0,0.0,0.0,0.0,0.0,0.0,0.0
FILD or FILA ADJUDICATED,rs56744128_A_2,30,0.0,0.0,0.0,0.0,0.0,0.0,0.0,0.0
FILD or FILA ADJUDICATED,rs5743890_T_0,30,0.0,0.0,0.0,0.0,0.0,0.0,0.0,0.0
FILD or FILA ADJUDICATED,rs5743890_T_1,30,0.0,0.0,0.0,0.0,0.0,0.0,0.0,0.0
FILD or FILA ADJUDICATED,rs5743890_T_2,30,0.0,0.0,0.0,0.0,0.0,0.0,0.0,0.0
FILD or FILA ADJUDICATED,rs5743894_T_0,30,0.0,0.0,0.0,0.0,0.0,0.0,0.0,0.0
FILD or FILA ADJUDICATED,rs5743894_T_1,30,0.0,0.0,0.0,0.0,0.0,0.0,0.0,0.0
FILD or FILA ADJUDICATED,rs5743894_T_2,30,0.0,0.0,0.0,0.0,0.0,0.0,0.0,0.0
FILD or FILA ADJUDICATED,rs57625989_A_0,30,0.0,0.0,0.0,0.0,0.0,0.0,0.0,0.0
FILD or FILA ADJUDICATED,rs57625989_A_1,30,0.0,0.0,0.0,0.0,0.0,0.0,0.0,0.0
FILD or FILA ADJUDICATED,rs57625989_A_2,30,0.0,0.0,0.0,0.0,0.0,0.0,0.0,0.0
FILD or FILA ADJUDICATED,rs601878_C_0,30,0.0,0.0,0.0,0.0,0.0,0.0,0.0,0.0
FILD or FILA ADJUDICATED,rs601878_C_1,30,0.0,0.0,0.0,0.0,0.0,0.0,0.0,0.0
FILD or FILA ADJUDICATED,rs601878_C_2,30,0.0,0.0,0.0,0.0,0.0,0.0,0.0,0.0
FILD or FILA ADJUDICATED,rs616768_G_0,30,0.0,0.0,0.0,0.0,0.0,0.0,0.0,0.0
FILD or FILA ADJUDICATED,rs616768_G_1,30,0.0,0.0,0.0,0.0,0.0,0.0,0.0,0.0
FILD or FILA ADJUDICATED,rs616768_G_2,30,0.0,0.0,0.0,0.0,0.0,0.0,0.0,0.0
FILD or FILA ADJUDICATED,rs61829240_G_0,30,0.0,0.0,0.0,0.0,0.0,0.0,0.0,0.0
FILD or FILA ADJUDICATED,rs61829240_G_1,30,0.0,0.0,0.0,0.0,0.0,0.0,0.0,0.0
FILD or FILA ADJUDICATED,rs61829240_G_2,30,0.0,0.0,0.0,0.0,0.0,0.0,0.0,0.0
FILD or FILA ADJUDICATED,rs61867586_C_0,30,0.0,0.0,0.0,0.0,0.0,0.0,0.0,0.0
FILD or FILA ADJUDICATED,rs61867586_C_1,30,0.0,0.0,0.0,0.0,0.0,0.0,0.0,0.0
FILD or FILA ADJUDICATED,rs61867586_C_2,30,0.0,0.0,0.0,0.0,0.0,0.0,0.0,0.0
FILD or FILA ADJUDICATED,rs62112917_C_0,30,0.0,0.0,0.0,0.0,0.0,0.0,0.0,0.0
FILD or FILA ADJUDICATED,rs62112917_C_1,30,0.0,0.0,0.0,0.0,0.0,0.0,0.0,0.0
FILD or FILA ADJUDICATED,rs62112917_C_2,30,0.0,0.0,0.0,0.0,0.0,0.0,0.0,0.0
FILD or FILA ADJUDICATED,rs62354543_A_0,30,0.0,0.0,0.0,0.0,0.0,0.0,0.0,0.0
FILD or FILA ADJUDICATED,rs62354543_A_1,30,0.0,0.0,0.0,0.0,0.0,0.0,0.0,0.0
FILD or FILA ADJUDICATED,rs62354543_A_2,30,0.0,0.0,0.0,0.0,0.0,0.0,0.0,0.0
FILD or FILA ADJUDICATED,rs62505367_T_0,30,0.0,0.0,0.0,0.0,0.0,0.0,0.0,0.0
FILD or FILA ADJUDICATED,rs62505367_T_1,30,0.0,0.0,0.0,0.0,0.0,0.0,0.0,0.0
FILD or FILA ADJUDICATED,rs62505367_T_2,30,0.0,0.0,0.0,0.0,0.0,0.0,0.0,0.0
FILD or FILA ADJUDICATED,rs62530710_G_0,30,0.0,0.0,0.0,0.0,0.0,0.0,0.0,0.0
FILD or FILA ADJUDICATED,rs62530710_G_1,30,0.0,0.0,0.0,0.0,0.0,0.0,0.0,0.0
FILD or FILA ADJUDICATED,rs62530710_G_2,30,0.0,0.0,0.0,0.0,0.0,0.0,0.0,0.0
FILD or FILA ADJUDICATED,rs6491201_C_0,30,0.0,0.0,0.0,0.0,0.0,0.0,0.0,0.0
FILD or FILA ADJUDICATED,rs6491201_C_1,30,0.0,0.0,0.0,0.0,0.0,0.0,0.0,0.0
FILD or FILA ADJUDICATED,rs6491201_C_2,30,0.0,0.0,0.0,0.0,0.0,0.0,0.0,0.0
FILD or FILA ADJUDICATED,rs6499642_C_0,30,0.0,0.0,0.0,0.0,0.0,0.0,0.0,0.0
FILD or FILA ADJUDICATED,rs6499642_C_1,30,0.0,0.0,0.0,0.0,0.0,0.0,0.0,0.0
FILD or FILA ADJUDICATED,rs6499642_C_2,30,0.0,0.0,0.0,0.0,0.0,0.0,0.0,0.0
FILD or FILA ADJUDICATED,rs6532150_G_0,30,0.0,0.0,0.0,0.0,0.0,0.0,0.0,0.0
FILD or FILA ADJUDICATED,rs6532150_G_1,30,0.0,0.0,0.0,0.0,0.0,0.0,0.0,0.0
FILD or FILA ADJUDICATED,rs6532150_G_2,30,0.0,0.0,0.0,0.0,0.0,0.0,0.0,0.0
FILD or FILA ADJUDICATED,rs664034_T_0,30,0.0,0.0,0.0,0.0,0.0,0.0,0.0,0.0
FILD or FILA ADJUDICATED,rs664034_T_1,30,0.0,0.0,0.0,0.0,0.0,0.0,0.0,0.0
FILD or FILA ADJUDICATED,rs664034_T_2,30,0.0,0.0,0.0,0.0,0.0,0.0,0.0,0.0
FILD or FILA ADJUDICATED,rs66884960_C_0,30,0.0,0.0,0.0,0.0,0.0,0.0,0.0,0.0
FILD or FILA ADJUDICATED,rs66884960_C_1,30,0.0,0.0,0.0,0.0,0.0,0.0,0.0,0.0
FILD or FILA ADJUDICATED,rs66884960_C_2,30,0.0,0.0,0.0,0.0,0.0,0.0,0.0,0.0
FILD or FILA ADJUDICATED,rs6736148_C_0,30,0.0,0.0,0.0,0.0,0.0,0.0,0.0,0.0
FILD or FILA ADJUDICATED,rs6736148_C_1,30,0.0,0.0,0.0,0.0,0.0,0.0,0.0,0.0
FILD or FILA ADJUDICATED,rs6736148_C_2,30,0.0,0.0,0.0,0.0,0.0,0.0,0.0,0.0
FILD or FILA ADJUDICATED,rs68170294_G_0,30,0.0,0.0,0.0,0.0,0.0,0.0,0.0,0.0
FILD or FILA ADJUDICATED,rs68170294_G_1,30,0.0,0.0,0.0,0.0,0.0,0.0,0.0,0.0
FILD or FILA ADJUDICATED,rs68170294_G_2,30,0.0,0.0,0.0,0.0,0.0,0.0,0.0,0.0
FILD or FILA ADJUDICATED,rs6899532_G_0,30,0.0,0.0,0.0,0.0,0.0,0.0,0.0,0.0
FILD or FILA ADJUDICATED,rs6899532_G_1,30,0.0,0.0,0.0,0.0,0.0,0.0,0.0,0.0
FILD or FILA ADJUDICATED,rs6899532_G_2,30,0.0,0.0,0.0,0.0,0.0,0.0,0.0,0.0
FILD or FILA ADJUDICATED,rs6970647_T_0,30,0.0,0.0,0.0,0.0,0.0,0.0,0.0,0.0
FILD or FILA ADJUDICATED,rs6970647_T_1,30,0.0,0.0,0.0,0.0,0.0,0.0,0.0,0.0
FILD or FILA ADJUDICATED,rs6970647_T_2,30,0.0,0.0,0.0,0.0,0.0,0.0,0.0,0.0
FILD or FILA ADJUDICATED,rs699240_T_0,30,0.0,0.0,0.0,0.0,0.0,0.0,0.0,0.0
FILD or FILA ADJUDICATED,rs699240_T_1,30,0.0,0.0,0.0,0.0,0.0,0.0,0.0,0.0
FILD or FILA ADJUDICATED,rs699240_T_2,30,0.0,0.0,0.0,0.0,0.0,0.0,0.0,0.0
FILD or FILA ADJUDICATED,rs7041597_T_0,30,0.0,0.0,0.0,0.0,0.0,0.0,0.0,0.0
FILD or FILA ADJUDICATED,rs7041597_T_1,30,0.0,0.0,0.0,0.0,0.0,0.0,0.0,0.0
FILD or FILA ADJUDICATED,rs7041597_T_2,30,0.0,0.0,0.0,0.0,0.0,0.0,0.0,0.0
FILD or FILA ADJUDICATED,rs708686_C_0,30,0.0,0.0,0.0,0.0,0.0,0.0,0.0,0.0
FILD or FILA ADJUDICATED,rs708686_C_1,30,0.0,0.0,0.0,0.0,0.0,0.0,0.0,0.0
FILD or FILA ADJUDICATED,rs708686_C_2,30,0.0,0.0,0.0,0.0,0.0,0.0,0.0,0.0
FILD or FILA ADJUDICATED,rs7122936_A_0,30,0.0,0.0,0.0,0.0,0.0,0.0,0.0,0.0
FILD or FILA ADJUDICATED,rs7122936_A_1,30,0.0,0.0,0.0,0.0,0.0,0.0,0.0,0.0
FILD or FILA ADJUDICATED,rs7122936_A_2,30,0.0,0.0,0.0,0.0,0.0,0.0,0.0,0.0
FILD or FILA ADJUDICATED,rs71389435_C_0,30,0.0,0.0,0.0,0.0,0.0,0.0,0.0,0.0
FILD or FILA ADJUDICATED,rs71389435_C_1,30,0.0,0.0,0.0,0.0,0.0,0.0,0.0,0.0
FILD or FILA ADJUDICATED,rs71389435_C_2,30,0.0,0.0,0.0,0.0,0.0,0.0,0.0,0.0
FILD or FILA ADJUDICATED,rs72722911_G_0,30,0.0,0.0,0.0,0.0,0.0,0.0,0.0,0.0
FILD or FILA ADJUDICATED,rs72722911_G_1,30,0.0,0.0,0.0,0.0,0.0,0.0,0.0,0.0
FILD or FILA ADJUDICATED,rs72722911_G_2,30,0.0,0.0,0.0,0.0,0.0,0.0,0.0,0.0
FILD or FILA ADJUDICATED,rs72755986_C_0,30,0.0,0.0,0.0,0.0,0.0,0.0,0.0,0.0
FILD or FILA ADJUDICATED,rs72755986_C_1,30,0.0,0.0,0.0,0.0,0.0,0.0,0.0,0.0
FILD or FILA ADJUDICATED,rs72755986_C_2,30,0.0,0.0,0.0,0.0,0.0,0.0,0.0,0.0
FILD or FILA ADJUDICATED,rs72762052_C_0,30,0.0,0.0,0.0,0.0,0.0,0.0,0.0,0.0
FILD or FILA ADJUDICATED,rs72762052_C_1,30,0.0,0.0,0.0,0.0,0.0,0.0,0.0,0.0
FILD or FILA ADJUDICATED,rs72762052_C_2,30,0.0,0.0,0.0,0.0,0.0,0.0,0.0,0.0
FILD or FILA ADJUDICATED,rs73008477_C_0,30,0.0,0.0,0.0,0.0,0.0,0.0,0.0,0.0
FILD or FILA ADJUDICATED,rs73008477_C_1,30,0.0,0.0,0.0,0.0,0.0,0.0,0.0,0.0
FILD or FILA ADJUDICATED,rs73008477_C_2,30,0.0,0.0,0.0,0.0,0.0,0.0,0.0,0.0
FILD or FILA ADJUDICATED,rs73409602_C_0,30,0.0,0.0,0.0,0.0,0.0,0.0,0.0,0.0
FILD or FILA ADJUDICATED,rs73409602_C_1,30,0.0,0.0,0.0,0.0,0.0,0.0,0.0,0.0
FILD or FILA ADJUDICATED,rs73409602_C_2,30,0.0,0.0,0.0,0.0,0.0,0.0,0.0,0.0
FILD or FILA ADJUDICATED,rs73997403_C_0,30,0.0,0.0,0.0,0.0,0.0,0.0,0.0,0.0
FILD or FILA ADJUDICATED,rs73997403_C_1,30,0.0,0.0,0.0,0.0,0.0,0.0,0.0,0.0
FILD or FILA ADJUDICATED,rs73997403_C_2,30,0.0,0.0,0.0,0.0,0.0,0.0,0.0,0.0
FILD or FILA ADJUDICATED,rs74490361_T_0,30,0.0,0.0,0.0,0.0,0.0,0.0,0.0,0.0
FILD or FILA ADJUDICATED,rs74490361_T_1,30,0.0,0.0,0.0,0.0,0.0,0.0,0.0,0.0
FILD or FILA ADJUDICATED,rs74490361_T_2,30,0.0,0.0,0.0,0.0,0.0,0.0,0.0,0.0
FILD or FILA ADJUDICATED,rs74760554_C_0,30,0.0,0.0,0.0,0.0,0.0,0.0,0.0,0.0
FILD or FILA ADJUDICATED,rs74760554_C_1,30,0.0,0.0,0.0,0.0,0.0,0.0,0.0,0.0
FILD or FILA ADJUDICATED,rs74760554_C_2,30,0.0,0.0,0.0,0.0,0.0,0.0,0.0,0.0
FILD or FILA ADJUDICATED,rs74987898_C_0,30,0.0,0.0,0.0,0.0,0.0,0.0,0.0,0.0
FILD or FILA ADJUDICATED,rs74987898_C_1,30,0.0,0.0,0.0,0.0,0.0,0.0,0.0,0.0
FILD or FILA ADJUDICATED,rs74987898_C_2,30,0.0,0.0,0.0,0.0,0.0,0.0,0.0,0.0
FILD or FILA ADJUDICATED,rs75291377_G_0,30,0.0,0.0,0.0,0.0,0.0,0.0,0.0,0.0
FILD or FILA ADJUDICATED,rs75291377_G_1,30,0.0,0.0,0.0,0.0,0.0,0.0,0.0,0.0
FILD or FILA ADJUDICATED,rs75291377_G_2,30,0.0,0.0,0.0,0.0,0.0,0.0,0.0,0.0
FILD or FILA ADJUDICATED,rs7547997_G_0,30,0.0,0.0,0.0,0.0,0.0,0.0,0.0,0.0
FILD or FILA ADJUDICATED,rs7547997_G_1,30,0.0,0.0,0.0,0.0,0.0,0.0,0.0,0.0
FILD or FILA ADJUDICATED,rs7547997_G_2,30,0.0,0.0,0.0,0.0,0.0,0.0,0.0,0.0
FILD or FILA ADJUDICATED,rs756345_G_0,30,0.0,0.0,0.0,0.0,0.0,0.0,0.0,0.0
FILD or FILA ADJUDICATED,rs756345_G_1,30,0.0,0.0,0.0,0.0,0.0,0.0,0.0,0.0
FILD or FILA ADJUDICATED,rs756345_G_2,30,0.0,0.0,0.0,0.0,0.0,0.0,0.0,0.0
FILD or FILA ADJUDICATED,rs75714781_G_0,30,0.0,0.0,0.0,0.0,0.0,0.0,0.0,0.0
FILD or FILA ADJUDICATED,rs75714781_G_1,30,0.0,0.0,0.0,0.0,0.0,0.0,0.0,0.0
FILD or FILA ADJUDICATED,rs75714781_G_2,30,0.0,0.0,0.0,0.0,0.0,0.0,0.0,0.0
FILD or FILA ADJUDICATED,rs75764565_C_0,30,0.0,0.0,0.0,0.0,0.0,0.0,0.0,0.0
FILD or FILA ADJUDICATED,rs75764565_C_1,30,0.0,0.0,0.0,0.0,0.0,0.0,0.0,0.0
FILD or FILA ADJUDICATED,rs75764565_C_2,30,0.0,0.0,0.0,0.0,0.0,0.0,0.0,0.0
FILD or FILA ADJUDICATED,rs76160568_A_0,30,0.0,0.0,0.0,0.0,0.0,0.0,0.0,0.0
FILD or FILA ADJUDICATED,rs76160568_A_1,30,0.0,0.0,0.0,0.0,0.0,0.0,0.0,0.0
FILD or FILA ADJUDICATED,rs76160568_A_2,30,0.0,0.0,0.0,0.0,0.0,0.0,0.0,0.0
FILD or FILA ADJUDICATED,rs76475316_T_0,30,0.0,0.0,0.0,0.0,0.0,0.0,0.0,0.0
FILD or FILA ADJUDICATED,rs76475316_T_1,30,0.0,0.0,0.0,0.0,0.0,0.0,0.0,0.0
FILD or FILA ADJUDICATED,rs76475316_T_2,30,0.0,0.0,0.0,0.0,0.0,0.0,0.0,0.0
FILD or FILA ADJUDICATED,rs76739551_C_0,30,0.0,0.0,0.0,0.0,0.0,0.0,0.0,0.0
FILD or FILA ADJUDICATED,rs76739551_C_1,30,0.0,0.0,0.0,0.0,0.0,0.0,0.0,0.0
FILD or FILA ADJUDICATED,rs76739551_C_2,30,0.0,0.0,0.0,0.0,0.0,0.0,0.0,0.0
FILD or FILA ADJUDICATED,rs76931164_T_0,30,0.0,0.0,0.0,0.0,0.0,0.0,0.0,0.0
FILD or FILA ADJUDICATED,rs76931164_T_1,30,0.0,0.0,0.0,0.0,0.0,0.0,0.0,0.0
FILD or FILA ADJUDICATED,rs76931164_T_2,30,0.0,0.0,0.0,0.0,0.0,0.0,0.0,0.0
FILD or FILA ADJUDICATED,rs77144736_C_0,30,0.0,0.0,0.0,0.0,0.0,0.0,0.0,0.0
FILD or FILA ADJUDICATED,rs77144736_C_1,30,0.0,0.0,0.0,0.0,0.0,0.0,0.0,0.0
FILD or FILA ADJUDICATED,rs77144736_C_2,30,0.0,0.0,0.0,0.0,0.0,0.0,0.0,0.0
FILD or FILA ADJUDICATED,rs7725218_G_0,30,0.0,0.0,0.0,0.0,0.0,0.0,0.0,0.0
FILD or FILA ADJUDICATED,rs7725218_G_1,30,0.0,0.0,0.0,0.0,0.0,0.0,0.0,0.0
FILD or FILA ADJUDICATED,rs7725218_G_2,30,0.0,0.0,0.0,0.0,0.0,0.0,0.0,0.0
FILD or FILA ADJUDICATED,rs7730878_A_0,30,0.0,0.0,0.0,0.0,0.0,0.0,0.0,0.0
FILD or FILA ADJUDICATED,rs7730878_A_1,30,0.0,0.0,0.0,0.0,0.0,0.0,0.0,0.0
FILD or FILA ADJUDICATED,rs7730878_A_2,30,0.0,0.0,0.0,0.0,0.0,0.0,0.0,0.0
FILD or FILA ADJUDICATED,rs77998999_A_0,30,0.0,0.0,0.0,0.0,0.0,0.0,0.0,0.0
FILD or FILA ADJUDICATED,rs77998999_A_1,30,0.0,0.0,0.0,0.0,0.0,0.0,0.0,0.0
FILD or FILA ADJUDICATED,rs77998999_A_2,30,0.0,0.0,0.0,0.0,0.0,0.0,0.0,0.0
FILD or FILA ADJUDICATED,rs78288787_C_0,30,0.0,0.0,0.0,0.0,0.0,0.0,0.0,0.0
FILD or FILA ADJUDICATED,rs78288787_C_1,30,0.0,0.0,0.0,0.0,0.0,0.0,0.0,0.0
FILD or FILA ADJUDICATED,rs78288787_C_2,30,0.0,0.0,0.0,0.0,0.0,0.0,0.0,0.0
FILD or FILA ADJUDICATED,rs79242376_G_0,30,0.0,0.0,0.0,0.0,0.0,0.0,0.0,0.0
FILD or FILA ADJUDICATED,rs79242376_G_1,30,0.0,0.0,0.0,0.0,0.0,0.0,0.0,0.0
FILD or FILA ADJUDICATED,rs79242376_G_2,30,0.0,0.0,0.0,0.0,0.0,0.0,0.0,0.0
FILD or FILA ADJUDICATED,rs79252367_G_0,30,0.0,0.0,0.0,0.0,0.0,0.0,0.0,0.0
FILD or FILA ADJUDICATED,rs79252367_G_1,30,0.0,0.0,0.0,0.0,0.0,0.0,0.0,0.0
FILD or FILA ADJUDICATED,rs79252367_G_2,30,0.0,0.0,0.0,0.0,0.0,0.0,0.0,0.0
FILD or FILA ADJUDICATED,rs7934606_C_0,30,0.0,0.0,0.0,0.0,0.0,0.0,0.0,0.0
FILD or FILA ADJUDICATED,rs7934606_C_1,30,0.0,0.0,0.0,0.0,0.0,0.0,0.0,0.0
FILD or FILA ADJUDICATED,rs7934606_C_2,30,0.0,0.0,0.0,0.0,0.0,0.0,0.0,0.0
FILD or FILA ADJUDICATED,rs7942850_T_0,30,0.0,0.0,0.0,0.0,0.0,0.0,0.0,0.0
FILD or FILA ADJUDICATED,rs7942850_T_1,30,0.0,0.0,0.0,0.0,0.0,0.0,0.0,0.0
FILD or FILA ADJUDICATED,rs7942850_T_2,30,0.0,0.0,0.0,0.0,0.0,0.0,0.0,0.0
FILD or FILA ADJUDICATED,rs7952154_C_0,30,0.0,0.0,0.0,0.0,0.0,0.0,0.0,0.0
FILD or FILA ADJUDICATED,rs7952154_C_1,30,0.0,0.0,0.0,0.0,0.0,0.0,0.0,0.0
FILD or FILA ADJUDICATED,rs7952154_C_2,30,0.0,0.0,0.0,0.0,0.0,0.0,0.0,0.0
FILD or FILA ADJUDICATED,rs893889_G_0,30,0.0,0.0,0.0,0.0,0.0,0.0,0.0,0.0
FILD or FILA ADJUDICATED,rs893889_G_1,30,0.0,0.0,0.0,0.0,0.0,0.0,0.0,0.0
FILD or FILA ADJUDICATED,rs893889_G_2,30,0.0,0.0,0.0,0.0,0.0,0.0,0.0,0.0
FILD or FILA ADJUDICATED,rs918174_T_0,30,0.0,0.0,0.0,0.0,0.0,0.0,0.0,0.0
FILD or FILA ADJUDICATED,rs918174_T_1,30,0.0,0.0,0.0,0.0,0.0,0.0,0.0,0.0
FILD or FILA ADJUDICATED,rs918174_T_2,30,0.0,0.0,0.0,0.0,0.0,0.0,0.0,0.0
FILD or FILA ADJUDICATED,rs923077_A_0,30,0.0,0.0,0.0,0.0,0.0,0.0,0.0,0.0
FILD or FILA ADJUDICATED,rs923077_A_1,30,0.0,0.0,0.0,0.0,0.0,0.0,0.0,0.0
FILD or FILA ADJUDICATED,rs923077_A_2,30,0.0,0.0,0.0,0.0,0.0,0.0,0.0,0.0
FILD or FILA ADJUDICATED,rs9397724_G_0,30,0.0,0.0,0.0,0.0,0.0,0.0,0.0,0.0
FILD or FILA ADJUDICATED,rs9397724_G_1,30,0.0,0.0,0.0,0.0,0.0,0.0,0.0,0.0
FILD or FILA ADJUDICATED,rs9397724_G_2,30,0.0,0.0,0.0,0.0,0.0,0.0,0.0,0.0
FILD or FILA ADJUDICATED,rs9577395_C_0,30,0.0,0.0,0.0,0.0,0.0,0.0,0.0,0.0
FILD or FILA ADJUDICATED,rs9577395_C_1,30,0.0,0.0,0.0,0.0,0.0,0.0,0.0,0.0
FILD or FILA ADJUDICATED,rs9577395_C_2,30,0.0,0.0,0.0,0.0,0.0,0.0,0.0,0.0
FILD or FILA ADJUDICATED,rs9931202_G_0,30,0.0,0.0,0.0,0.0,0.0,0.0,0.0,0.0
FILD or FILA ADJUDICATED,rs9931202_G_1,30,0.0,0.0,0.0,0.0,0.0,0.0,0.0,0.0
FILD or FILA ADJUDICATED,rs9931202_G_2,30,0.0,0.0,0.0,0.0,0.0,0.0,0.0,0.0
