target_name,model,feature,top20_split_count,mean_rank_when_top20,max_mean_abs_shap,fraction_splits_top20
FILD or FILA ADJUDICATED,combined,16-67856240-A-G_A_2,1,5.0,0.0825669004991377,0.1
FILD or FILA ADJUDICATED,combined,JHU_1.15427933_C_0,1,2.0,0.1640140943215677,0.1
FILD or FILA ADJUDICATED,combined,JHU_1.158818206_T_2,1,11.0,0.08817399141824521,0.1
FILD or FILA ADJUDICATED,combined,JHU_1.22343297_C_2,2,16.0,0.13895715645998938,0.2
FILD or FILA ADJUDICATED,combined,JHU_1.223720252_T_1,1,14.0,0.04614810258807094,0.1
FILD or FILA ADJUDICATED,combined,JHU_1.223720252_T_2,1,4.0,0.11211692113599363,0.1
FILD or FILA ADJUDICATED,combined,JHU_10.72702459_G_1,1,9.0,0.07481414922658099,0.1
FILD or FILA ADJUDICATED,combined,JHU_10.72702459_G_2,1,14.0,0.05542484459728561,0.1
FILD or FILA ADJUDICATED,combined,JHU_10.8302601_T_2,2,11.0,0.05480353139363123,0.2
FILD or FILA ADJUDICATED,combined,JHU_10.994752_A_0,1,12.0,0.0857871542179495,0.1
FILD or FILA ADJUDICATED,combined,JHU_11.1242226_C_1,1,7.0,0.12367038208048707,0.1
FILD or FILA ADJUDICATED,combined,JHU_11.1242507_A_2,1,20.0,0.025699994262713986,0.1
FILD or FILA ADJUDICATED,combined,JHU_11.1641030_A_1,2,12.5,0.05750888642353552,0.2
FILD or FILA ADJUDICATED,combined,JHU_11.1641030_A_2,1,6.0,0.0451339657172652,0.1
FILD or FILA ADJUDICATED,combined,JHU_12.97817786_T_1,1,2.0,0.17562594187819985,0.1
FILD or FILA ADJUDICATED,combined,JHU_13.23606390_T_2,1,20.0,0.11658717188960616,0.1
FILD or FILA ADJUDICATED,combined,JHU_14.73705696_T_1,1,15.0,0.029571821432261957,0.1
FILD or FILA ADJUDICATED,combined,JHU_14.73705696_T_2,1,5.0,0.08257998755164064,0.1
FILD or FILA ADJUDICATED,combined,JHU_15.41057506_C_1,1,8.0,0.15907233770744725,0.1
FILD or FILA ADJUDICATED,combined,JHU_15.41486989_G_2,1,10.0,0.0660834463104795,0.1
FILD or FILA ADJUDICATED,combined,JHU_15.63436970_A_2,1,5.0,0.09764241634807892,0.1
FILD or FILA ADJUDICATED,combined,JHU_15.80539621_A_1,1,8.0,0.07228389902334817,0.1
FILD or FILA ADJUDICATED,combined,JHU_15.94663430_A_2,1,7.0,0.06709859614042749,0.1
FILD or FILA ADJUDICATED,combined,JHU_16.50287078_T_2,1,9.0,0.03592844602108259,0.1
FILD or FILA ADJUDICATED,combined,JHU_16.79024090_A_1,1,13.0,0.04849877805441067,0.1
FILD or FILA ADJUDICATED,combined,JHU_16.79119977_A_1,2,11.5,0.036273629927992934,0.2
FILD or FILA ADJUDICATED,combined,JHU_17.43758381_T_1,1,8.0,0.07535943776867685,0.1
FILD or FILA ADJUDICATED,combined,JHU_17.43758381_T_2,1,13.0,0.03108026030187989,0.1
FILD or FILA ADJUDICATED,combined,JHU_17.43809843_C_1,1,17.0,0.05022010433935425,0.1
FILD or FILA ADJUDICATED,combined,JHU_17.44907250_T_2,3,12.666666666666666,0.06964925233494132,0.3
FILD or FILA ADJUDICATED,combined,JHU_17.55471556_G_2,1,4.0,0.055796613764912344,0.1
FILD or FILA ADJUDICATED,combined,JHU_18.40231832_G_2,1,19.0,0.04633626032480818,0.1
FILD or FILA ADJUDICATED,combined,JHU_18.45588245_C_2,1,6.0,0.06907530421360356,0.1
FILD or FILA ADJUDICATED,combined,JHU_19.53696810_A_0,1,14.0,0.06598594604051435,0.1
FILD or FILA ADJUDICATED,combined,JHU_2.11015806_C_2,1,12.0,0.06694622707095892,0.1
FILD or FILA ADJUDICATED,combined,JHU_2.113776689_T_2,1,15.0,0.13497306277592966,0.1
FILD or FILA ADJUDICATED,combined,JHU_2.11739414_G_2,2,8.0,0.11611182346927613,0.2
FILD or FILA ADJUDICATED,combined,JHU_2.130660199_C_0,1,17.0,0.02742593314551553,0.1
FILD or FILA ADJUDICATED,combined,JHU_2.175197825_A_0,1,7.0,0.10173940066047152,0.1
FILD or FILA ADJUDICATED,combined,JHU_2.175197825_A_1,1,9.0,0.1550788988261407,0.1
FILD or FILA ADJUDICATED,combined,JHU_2.175197825_A_2,1,15.0,0.07940295683234362,0.1
FILD or FILA ADJUDICATED,combined,JHU_2.230081608_T_2,1,10.0,0.08840469698852835,0.1
FILD or FILA ADJUDICATED,combined,JHU_2.30986644_C_2,3,16.666666666666668,0.07397280403424192,0.3
FILD or FILA ADJUDICATED,combined,JHU_20.62251795_C_2,1,18.0,0.0263449157960426,0.1
FILD or FILA ADJUDICATED,combined,JHU_21.19723007_A_1,1,11.0,0.07432954626803841,0.1
FILD or FILA ADJUDICATED,combined,JHU_21.19723007_A_2,3,8.0,0.19217917782572744,0.3
FILD or FILA ADJUDICATED,combined,JHU_21.34864390_G_1,1,7.0,0.04446528920613052,0.1
FILD or FILA ADJUDICATED,combined,JHU_21.34864390_G_2,4,13.5,0.09004401840067261,0.4
FILD or FILA ADJUDICATED,combined,JHU_3.10518914_T_0,1,17.0,0.07721524720375102,0.1
FILD or FILA ADJUDICATED,combined,JHU_3.10518914_T_2,3,8.666666666666666,0.09190978802829439,0.3
FILD or FILA ADJUDICATED,combined,JHU_3.154822878_G_2,2,12.5,0.14949625078132295,0.2
FILD or FILA ADJUDICATED,combined,JHU_3.43776742_C_1,1,16.0,0.05315213824674842,0.1
FILD or FILA ADJUDICATED,combined,JHU_3.43776742_C_2,1,16.0,0.12992228183714086,0.1
FILD or FILA ADJUDICATED,combined,JHU_3.44224552_G_2,1,20.0,0.047993431661065164,0.1
FILD or FILA ADJUDICATED,combined,JHU_3.77509291_C_2,1,4.0,0.2353981215793609,0.1
FILD or FILA ADJUDICATED,combined,JHU_4.71205476_A_1,1,15.0,0.06079287818001339,0.1
FILD or FILA ADJUDICATED,combined,JHU_4.88516116_T_0,3,12.0,0.15093763458725065,0.3
FILD or FILA ADJUDICATED,combined,JHU_5.111900862_C_2,1,6.0,0.10187630738645301,0.1
FILD or FILA ADJUDICATED,combined,JHU_5.122423649_G_1,1,16.0,0.056793497481402194,0.1
FILD or FILA ADJUDICATED,combined,JHU_6.38173439_G_2,1,12.0,0.05111643962480393,0.1
FILD or FILA ADJUDICATED,combined,JHU_6.7555853_G_2,2,7.5,0.10796069985460417,0.2
FILD or FILA ADJUDICATED,combined,JHU_6.88954767_C_1,2,12.0,0.06476007963965685,0.2
FILD or FILA ADJUDICATED,combined,JHU_7.24339007_G_0,1,12.0,0.051240877371921165,0.1
FILD or FILA ADJUDICATED,combined,JHU_7.38202969_G_1,2,9.0,0.09197903640711737,0.2
FILD or FILA ADJUDICATED,combined,JHU_9.116415594_A_2,1,8.0,0.04387603705285268,0.1
FILD or FILA ADJUDICATED,combined,predicted_risk,10,1.0,1.3081312745980753,1.0
FILD or FILA ADJUDICATED,combined,rs10422762_A_1,1,5.0,0.09171467308292135,0.1
FILD or FILA ADJUDICATED,combined,rs10518693_C_2,1,3.0,0.3100506869357957,0.1
FILD or FILA ADJUDICATED,combined,rs10776482_A_0,3,5.0,0.1355330332989326,0.3
FILD or FILA ADJUDICATED,combined,rs10783497_A_2,2,3.0,0.16184753150317102,0.2
FILD or FILA ADJUDICATED,combined,rs10881263_G_0,1,17.0,0.053043559345556525,0.1
FILD or FILA ADJUDICATED,combined,rs11083093_G_1,1,20.0,0.029537299686103267,0.1
FILD or FILA ADJUDICATED,combined,rs11154034_T_1,1,18.0,0.04769385022147065,0.1
FILD or FILA ADJUDICATED,combined,rs1123573_A_0,2,8.0,0.16112036901747756,0.2
FILD or FILA ADJUDICATED,combined,rs1189320_G_2,1,3.0,0.12013622469991317,0.1
FILD or FILA ADJUDICATED,combined,rs12446021_G_1,1,15.0,0.054405008048740204,0.1
FILD or FILA ADJUDICATED,combined,rs12446021_G_2,1,18.0,0.02847191685361564,0.1
FILD or FILA ADJUDICATED,combined,rs12610495_A_2,1,14.0,0.03094861962054417,0.1
FILD or FILA ADJUDICATED,combined,rs13183751_G_1,1,3.0,0.11649269536787224,0.1
FILD or FILA ADJUDICATED,combined,rs1422506_G_1,2,13.5,0.0695982363573788,0.2
FILD or FILA ADJUDICATED,combined,rs1422506_G_2,4,9.25,0.10409268364849086,0.4
FILD or FILA ADJUDICATED,combined,rs1423029_A_0,1,13.0,0.14301767068739965,0.1
FILD or FILA ADJUDICATED,combined,rs144128391_T_1,1,19.0,0.048417541281893975,0.1
FILD or FILA ADJUDICATED,combined,rs1496725_A_2,1,20.0,0.06837017751106285,0.1
FILD or FILA ADJUDICATED,combined,rs16837903_G_1,1,11.0,0.03269705938376126,0.1
FILD or FILA ADJUDICATED,combined,rs16837903_G_2,1,14.0,0.05795519591584119,0.1
FILD or FILA ADJUDICATED,combined,rs17019820_A_2,1,18.0,0.07422675629338346,0.1
FILD or FILA ADJUDICATED,combined,rs1981997_G_2,1,18.0,0.05429435875891298,0.1
FILD or FILA ADJUDICATED,combined,rs2071627_C_1,1,20.0,0.04468704535361499,0.1
FILD or FILA ADJUDICATED,combined,rs2076295_T_2,1,3.0,0.14265285614287052,0.1
FILD or FILA ADJUDICATED,combined,rs2109069_G_2,1,9.0,0.04104325393615764,0.1
FILD or FILA ADJUDICATED,combined,rs2228972_G_1,1,8.0,0.06662225860118126,0.1
FILD or FILA ADJUDICATED,combined,rs2228972_G_2,1,3.0,0.15459023616167855,0.1
FILD or FILA ADJUDICATED,combined,rs2353082_C_1,1,6.0,0.16725992505864606,0.1
FILD or FILA ADJUDICATED,combined,rs2375892_T_2,1,18.0,0.053699951053782884,0.1
FILD or FILA ADJUDICATED,combined,rs2609255_T_2,1,18.0,0.043015075491445245,0.1
FILD or FILA ADJUDICATED,combined,rs2609260_T_1,1,19.0,0.02588251183222568,0.1
FILD or FILA ADJUDICATED,combined,rs2726049_A_1,4,14.0,0.12663204084772037,0.4
FILD or FILA ADJUDICATED,combined,rs2726049_A_2,2,4.5,0.1272854828287386,0.2
FILD or FILA ADJUDICATED,combined,rs2736100_A_1,4,12.0,0.08552185952548497,0.4
FILD or FILA ADJUDICATED,combined,rs2736100_A_2,1,13.0,0.08359497876795392,0.1
FILD or FILA ADJUDICATED,combined,rs28703652_G_2,1,8.0,0.0907888079947531,0.1
FILD or FILA ADJUDICATED,combined,rs302837_A_1,7,10.571428571428571,0.17002554635706435,0.7
FILD or FILA ADJUDICATED,combined,rs3131520_C_2,2,20.0,0.039112226903045604,0.2
FILD or FILA ADJUDICATED,combined,rs34425120_G_2,1,20.0,0.04902222473235797,0.1
FILD or FILA ADJUDICATED,combined,rs34547036_C_1,2,11.0,0.11408853946026394,0.2
FILD or FILA ADJUDICATED,combined,rs34547036_C_2,1,12.0,0.06048442320522963,0.1
FILD or FILA ADJUDICATED,combined,rs35705950.1_G_1,3,8.333333333333334,0.09246949303890427,0.3
FILD or FILA ADJUDICATED,combined,rs35705950.1_G_2,9,3.5555555555555554,0.34602849675847186,0.9
FILD or FILA ADJUDICATED,combined,rs3750920_C_2,1,16.0,0.027801458888048906,0.1
FILD or FILA ADJUDICATED,combined,rs3778337_G_1,1,5.0,0.05097316271596208,0.1
FILD or FILA ADJUDICATED,combined,rs4077759_T_2,2,15.5,0.1207132570863762,0.2
FILD or FILA ADJUDICATED,combined,rs41482151_C_1,1,11.0,0.06249447138189347,0.1
FILD or FILA ADJUDICATED,combined,rs4680134_C_1,1,17.0,0.04020410493025682,0.1
FILD or FILA ADJUDICATED,combined,rs4960330_T_2,1,16.0,0.07770241115678478,0.1
FILD or FILA ADJUDICATED,combined,rs55672765_C_1,1,3.0,0.0556036346629911,0.1
FILD or FILA ADJUDICATED,combined,rs5743890_T_2,1,8.0,0.0721025295094818,0.1
FILD or FILA ADJUDICATED,combined,rs616768_G_1,1,19.0,0.04852612360236106,0.1
FILD or FILA ADJUDICATED,combined,rs62354543_A_1,1,10.0,0.05793850387177046,0.1
FILD or FILA ADJUDICATED,combined,rs664034_T_1,1,4.0,0.10178882665844441,0.1
FILD or FILA ADJUDICATED,combined,rs68170294_G_1,2,10.0,0.12779499988007229,0.2
FILD or FILA ADJUDICATED,combined,rs68170294_G_2,1,19.0,0.035261390547751834,0.1
FILD or FILA ADJUDICATED,combined,rs6899532_G_1,1,13.0,0.031988564084979895,0.1
FILD or FILA ADJUDICATED,combined,rs699240_T_0,1,15.0,0.043896827312931465,0.1
FILD or FILA ADJUDICATED,combined,rs699240_T_1,1,10.0,0.1524384710325071,0.1
FILD or FILA ADJUDICATED,combined,rs73409602_C_2,1,19.0,0.028405595273891564,0.1
FILD or FILA ADJUDICATED,combined,rs7547997_G_2,2,3.5,0.13428611396823242,0.2
FILD or FILA ADJUDICATED,combined,rs76160568_A_2,1,16.0,0.040544490847428644,0.1
FILD or FILA ADJUDICATED,combined,rs7934606_C_2,1,12.0,0.08559615395964175,0.1
FILD or FILA ADJUDICATED,combined,rs7942850_T_0,1,6.0,0.09033862487468163,0.1
FILD or FILA ADJUDICATED,combined,rs918174_T_1,1,6.0,0.08380355495128829,0.1
FILD or FILA ADJUDICATED,combined,rs923077_A_1,1,19.0,0.049241168140322526,0.1
FILD or FILA ADJUDICATED,combined,rs9931202_G_2,1,17.0,0.12819233137226582,0.1
FILD or FILA ADJUDICATED,genomic,1-78956432-T-C_C_2,1,16.0,0.17499897083766,0.1
FILD or FILA ADJUDICATED,genomic,JHU_1.114173409_G_1,1,12.0,0.22142039470300032,0.1
FILD or FILA ADJUDICATED,genomic,JHU_1.14589126_C_1,2,10.0,0.1275487975306726,0.2
FILD or FILA ADJUDICATED,genomic,JHU_1.150870628_G_0,1,10.0,0.04059466588682974,0.1
FILD or FILA ADJUDICATED,genomic,JHU_1.150870628_G_1,1,10.0,0.053753401397059385,0.1
FILD or FILA ADJUDICATED,genomic,JHU_1.15427933_C_0,1,2.0,0.23268906456186098,0.1
FILD or FILA ADJUDICATED,genomic,JHU_1.158818206_T_2,1,20.0,0.16509792064959344,0.1
FILD or FILA ADJUDICATED,genomic,JHU_1.205615946_A_2,1,18.0,0.0382227929961833,0.1
FILD or FILA ADJUDICATED,genomic,JHU_1.22343297_C_1,1,16.0,0.027514501712931863,0.1
FILD or FILA ADJUDICATED,genomic,JHU_1.22343297_C_2,1,10.0,0.13159106091565076,0.1
FILD or FILA ADJUDICATED,genomic,JHU_10.72702459_G_1,1,10.0,0.04663446320780147,0.1
FILD or FILA ADJUDICATED,genomic,JHU_10.8302601_T_1,1,19.0,0.05489929467062832,0.1
FILD or FILA ADJUDICATED,genomic,JHU_10.8302601_T_2,2,9.5,0.10653416792886516,0.2
FILD or FILA ADJUDICATED,genomic,JHU_10.994752_A_0,1,18.0,0.043661222026045166,0.1
FILD or FILA ADJUDICATED,genomic,JHU_11.1489135_C_2,1,9.0,0.04949178498613057,0.1
FILD or FILA ADJUDICATED,genomic,JHU_11.1641030_A_1,1,20.0,0.03471133720879226,0.1
FILD or FILA ADJUDICATED,genomic,JHU_15.41486989_G_2,1,15.0,0.04584164290619992,0.1
FILD or FILA ADJUDICATED,genomic,JHU_15.49242623_A_1,1,15.0,0.04033377388029012,0.1
FILD or FILA ADJUDICATED,genomic,JHU_15.63436970_A_2,2,8.0,0.16630584220598352,0.2
FILD or FILA ADJUDICATED,genomic,JHU_15.85827144_A_2,1,14.0,0.047053004140503195,0.1
FILD or FILA ADJUDICATED,genomic,JHU_15.94663430_A_2,1,18.0,0.10460745732888456,0.1
FILD or FILA ADJUDICATED,genomic,JHU_16.25273230_T_2,1,16.0,0.06147132751617176,0.1
FILD or FILA ADJUDICATED,genomic,JHU_16.50287078_T_2,1,20.0,0.11198748965029964,0.1
FILD or FILA ADJUDICATED,genomic,JHU_16.50375840_A_2,1,17.0,0.1013302045210814,0.1
FILD or FILA ADJUDICATED,genomic,JHU_16.79024090_A_2,1,14.0,0.03203027479225014,0.1
FILD or FILA ADJUDICATED,genomic,JHU_17.31952151_G_1,1,11.0,0.05375106052810711,0.1
FILD or FILA ADJUDICATED,genomic,JHU_17.43783759_C_1,1,2.0,0.47359751056804045,0.1
FILD or FILA ADJUDICATED,genomic,JHU_17.43809843_C_0,1,3.0,0.11234445702627399,0.1
FILD or FILA ADJUDICATED,genomic,JHU_17.44907250_T_2,1,5.0,0.1975966854025543,0.1
FILD or FILA ADJUDICATED,genomic,JHU_17.55471556_G_2,2,9.0,0.0970267927952351,0.2
FILD or FILA ADJUDICATED,genomic,JHU_18.40231832_G_2,2,13.0,0.06402254979312082,0.2
FILD or FILA ADJUDICATED,genomic,JHU_18.45588245_C_2,2,15.0,0.10467079201575294,0.2
FILD or FILA ADJUDICATED,genomic,JHU_2.113776689_T_1,1,18.0,0.09638730401135809,0.1
FILD or FILA ADJUDICATED,genomic,JHU_2.113852747_C_1,2,11.0,0.054050754113951466,0.2
FILD or FILA ADJUDICATED,genomic,JHU_2.11739414_G_1,1,18.0,0.06219311451680661,0.1
FILD or FILA ADJUDICATED,genomic,JHU_2.11739414_G_2,4,4.5,0.1787876076497068,0.4
FILD or FILA ADJUDICATED,genomic,JHU_2.130660199_C_0,1,11.0,0.06788657351043478,0.1
FILD or FILA ADJUDICATED,genomic,JHU_2.175197825_A_2,1,4.0,0.3184309121752179,0.1
FILD or FILA ADJUDICATED,genomic,JHU_2.230081608_T_2,3,12.333333333333334,0.2109005250451405,0.3
FILD or FILA ADJUDICATED,genomic,JHU_20.59746371_C_1,1,6.0,0.14311984216637377,0.1
FILD or FILA ADJUDICATED,genomic,JHU_20.62251795_C_2,1,18.0,0.02560754555342188,0.1
FILD or FILA ADJUDICATED,genomic,JHU_21.19723007_A_0,1,20.0,0.04244874504762624,0.1
FILD or FILA ADJUDICATED,genomic,JHU_21.19723007_A_2,6,5.166666666666667,0.4769359814171449,0.6
FILD or FILA ADJUDICATED,genomic,JHU_21.34864390_G_1,1,15.0,0.18407560427722838,0.1
FILD or FILA ADJUDICATED,genomic,JHU_22.34969109_T_2,1,9.0,0.0471159821903124,0.1
FILD or FILA ADJUDICATED,genomic,JHU_3.10518914_T_2,2,5.5,0.19166768360790565,0.2
FILD or FILA ADJUDICATED,genomic,JHU_3.189442765_G_1,1,19.0,0.16527254131891136,0.1
FILD or FILA ADJUDICATED,genomic,JHU_3.43776742_C_1,1,20.0,0.051872883564458835,0.1
FILD or FILA ADJUDICATED,genomic,JHU_3.77509291_C_2,2,9.5,0.06939844716481253,0.2
FILD or FILA ADJUDICATED,genomic,JHU_4.187564366_C_0,1,12.0,0.06598981256723446,0.1
FILD or FILA ADJUDICATED,genomic,JHU_4.88516116_T_0,1,6.0,0.1579238514254008,0.1
FILD or FILA ADJUDICATED,genomic,JHU_4.88516116_T_1,1,16.0,0.12385025803586515,0.1
FILD or FILA ADJUDICATED,genomic,JHU_5.122423649_G_1,1,12.0,0.13030064586339915,0.1
FILD or FILA ADJUDICATED,genomic,JHU_5.159931180_G_1,1,17.0,0.1056277003364961,0.1
FILD or FILA ADJUDICATED,genomic,JHU_6.35534370_G_1,1,13.0,0.0954717106321605,0.1
FILD or FILA ADJUDICATED,genomic,JHU_6.38173439_G_2,1,15.0,0.10978047035422735,0.1
FILD or FILA ADJUDICATED,genomic,JHU_6.7555853_G_2,3,11.666666666666666,0.1380612299117887,0.3
FILD or FILA ADJUDICATED,genomic,JHU_6.93825173_A_2,1,16.0,0.1094695325231149,0.1
FILD or FILA ADJUDICATED,genomic,JHU_7.24339007_G_0,1,8.0,0.11858796111650946,0.1
FILD or FILA ADJUDICATED,genomic,JHU_7.24339007_G_1,1,11.0,0.04561088115216569,0.1
FILD or FILA ADJUDICATED,genomic,JHU_7.2562205_G_1,2,7.0,0.28628408980018016,0.2
FILD or FILA ADJUDICATED,genomic,JHU_7.38202969_G_1,3,8.333333333333334,0.23380592224900903,0.3
FILD or FILA ADJUDICATED,genomic,JHU_8.17939193_G_2,1,13.0,0.048734816996547387,0.1
FILD or FILA ADJUDICATED,genomic,JHU_9.116415594_A_2,1,8.0,0.04968369183032196,0.1
FILD or FILA ADJUDICATED,genomic,rs1015097_A_1,1,15.0,0.06355899437969872,0.1
FILD or FILA ADJUDICATED,genomic,rs10422762_A_1,1,5.0,0.06984834191925611,0.1
FILD or FILA ADJUDICATED,genomic,rs10484326_T_0,1,1.0,0.1395637131106828,0.1
FILD or FILA ADJUDICATED,genomic,rs10484326_T_1,1,17.0,0.17233599766321997,0.1
FILD or FILA ADJUDICATED,genomic,rs10776482_A_0,2,5.0,0.13149436818331867,0.2
FILD or FILA ADJUDICATED,genomic,rs10776482_A_1,1,1.0,0.274337664501193,0.1
FILD or FILA ADJUDICATED,genomic,rs10783497_A_2,1,5.0,0.05861608889917938,0.1
FILD or FILA ADJUDICATED,genomic,rs10886437_C_1,1,11.0,0.06738541632521203,0.1
FILD or FILA ADJUDICATED,genomic,rs11154034_T_0,1,6.0,0.05329257859300285,0.1
FILD or FILA ADJUDICATED,genomic,rs11154034_T_1,1,17.0,0.08348739982004282,0.1
FILD or FILA ADJUDICATED,genomic,rs1123573_A_0,1,3.0,0.25035740542169715,0.1
FILD or FILA ADJUDICATED,genomic,rs12610495_A_1,1,16.0,0.1035398440740353,0.1
FILD or FILA ADJUDICATED,genomic,rs12626788_C_1,1,15.0,0.12462240465193573,0.1
FILD or FILA ADJUDICATED,genomic,rs12658068_G_2,1,19.0,0.10437258049525136,0.1
FILD or FILA ADJUDICATED,genomic,rs12665063_A_2,1,10.0,0.06892976546990898,0.1
FILD or FILA ADJUDICATED,genomic,rs13183751_G_1,4,4.0,0.21188082219998192,0.4
FILD or FILA ADJUDICATED,genomic,rs1422506_G_1,1,11.0,0.13196742208399717,0.1
FILD or FILA ADJUDICATED,genomic,rs1422506_G_2,1,19.0,0.02459897389544189,0.1
FILD or FILA ADJUDICATED,genomic,rs1423029_A_1,1,18.0,0.16549566010787484,0.1
FILD or FILA ADJUDICATED,genomic,rs1496725_A_1,1,18.0,0.08061003242097349,0.1
FILD or FILA ADJUDICATED,genomic,rs16837903_G_1,2,13.0,0.10500921998909542,0.2
FILD or FILA ADJUDICATED,genomic,rs16837903_G_2,2,18.0,0.11989213019630134,0.2
FILD or FILA ADJUDICATED,genomic,rs17019820_A_2,1,4.0,0.13545793505237533,0.1
FILD or FILA ADJUDICATED,genomic,rs17616659_G_1,2,13.5,0.11500429549531205,0.2
FILD or FILA ADJUDICATED,genomic,rs17690703_C_0,1,6.0,0.0648374246206713,0.1
FILD or FILA ADJUDICATED,genomic,rs17690703_C_2,1,20.0,0.07947077713522227,0.1
FILD or FILA ADJUDICATED,genomic,rs1851741_G_0,1,16.0,0.08686444579708365,0.1
FILD or FILA ADJUDICATED,genomic,rs1851741_G_1,1,12.0,0.11557916904942793,0.1
FILD or FILA ADJUDICATED,genomic,rs1851741_G_2,2,8.0,0.18732119326149765,0.2
FILD or FILA ADJUDICATED,genomic,rs1981997_G_2,1,1.0,0.34988559100069083,0.1
FILD or FILA ADJUDICATED,genomic,rs2034650_A_0,1,15.0,0.08774963555363323,0.1
FILD or FILA ADJUDICATED,genomic,rs2034650_A_2,1,13.0,0.11011434281889615,0.1
FILD or FILA ADJUDICATED,genomic,rs2071627_C_0,2,17.5,0.10358585688937397,0.2
FILD or FILA ADJUDICATED,genomic,rs2071627_C_1,1,3.0,0.09273083816967875,0.1
FILD or FILA ADJUDICATED,genomic,rs2071627_C_2,1,18.0,0.05897471570713042,0.1
FILD or FILA ADJUDICATED,genomic,rs2076295_T_0,1,17.0,0.0264381234349362,0.1
FILD or FILA ADJUDICATED,genomic,rs2228972_G_2,1,3.0,0.23649184225525938,0.1
FILD or FILA ADJUDICATED,genomic,rs2375892_T_2,1,13.0,0.042198807853903564,0.1
FILD or FILA ADJUDICATED,genomic,rs2609260_T_1,1,11.0,0.12611405795446975,0.1
FILD or FILA ADJUDICATED,genomic,rs2726049_A_1,6,6.166666666666667,0.27719984755499116,0.6
FILD or FILA ADJUDICATED,genomic,rs2726049_A_2,3,7.666666666666667,0.137529702480553,0.3
FILD or FILA ADJUDICATED,genomic,rs2736100_A_1,1,7.0,0.07825763100689702,0.1
FILD or FILA ADJUDICATED,genomic,rs2736100_A_2,2,14.0,0.21381812669646574,0.2
FILD or FILA ADJUDICATED,genomic,rs302837_A_1,4,7.0,0.1531783473809762,0.4
FILD or FILA ADJUDICATED,genomic,rs3131520_C_1,1,7.0,0.11920896492055807,0.1
FILD or FILA ADJUDICATED,genomic,rs3131520_C_2,1,12.0,0.09980082194330522,0.1
FILD or FILA ADJUDICATED,genomic,rs34547036_C_1,1,19.0,0.05852024502894033,0.1
FILD or FILA ADJUDICATED,genomic,rs34547036_C_2,2,4.5,0.14697728754059425,0.2
FILD or FILA ADJUDICATED,genomic,rs35705950.1_G_1,2,8.5,0.07305088017123818,0.2
FILD or FILA ADJUDICATED,genomic,rs35705950.1_G_2,9,3.3333333333333335,0.6130719130476423,0.9
FILD or FILA ADJUDICATED,genomic,rs4077759_T_2,3,10.666666666666666,0.12167393686743636,0.3
FILD or FILA ADJUDICATED,genomic,rs41482151_C_1,1,19.0,0.043581362635218786,0.1
FILD or FILA ADJUDICATED,genomic,rs4672388_T_1,1,13.0,0.1263065369810862,0.1
FILD or FILA ADJUDICATED,genomic,rs4727443_C_0,1,6.0,0.12092768966444806,0.1
FILD or FILA ADJUDICATED,genomic,rs4918072_G_1,2,17.0,0.1253694247260185,0.2
FILD or FILA ADJUDICATED,genomic,rs4960330_T_2,1,7.0,0.24973181817459209,0.1
FILD or FILA ADJUDICATED,genomic,rs55672765_C_1,1,4.0,0.05881752356377595,0.1
FILD or FILA ADJUDICATED,genomic,rs5743890_T_2,1,17.0,0.06115575870297683,0.1
FILD or FILA ADJUDICATED,genomic,rs601878_C_1,2,7.5,0.24524787985523586,0.2
FILD or FILA ADJUDICATED,genomic,rs616768_G_0,1,8.0,0.05143945805043974,0.1
FILD or FILA ADJUDICATED,genomic,rs616768_G_2,1,18.0,0.11932699823423912,0.1
FILD or FILA ADJUDICATED,genomic,rs62354543_A_1,2,11.0,0.11156386973335801,0.2
FILD or FILA ADJUDICATED,genomic,rs6491201_C_1,1,13.0,0.06707303155822027,0.1
FILD or FILA ADJUDICATED,genomic,rs664034_T_1,2,9.0,0.23996539914363804,0.2
FILD or FILA ADJUDICATED,genomic,rs699240_T_0,1,12.0,0.044272711352888454,0.1
FILD or FILA ADJUDICATED,genomic,rs699240_T_1,1,19.0,0.037666390484895756,0.1
FILD or FILA ADJUDICATED,genomic,rs7122936_A_1,1,14.0,0.10892502597628032,0.1
FILD or FILA ADJUDICATED,genomic,rs73409602_C_1,2,12.5,0.16875838235667742,0.2
FILD or FILA ADJUDICATED,genomic,rs7547997_G_2,2,9.5,0.11097963010567789,0.2
FILD or FILA ADJUDICATED,genomic,rs79252367_G_1,2,13.5,0.1422119999531926,0.2
FILD or FILA ADJUDICATED,genomic,rs7934606_C_2,1,11.0,0.22662540164894274,0.1
FILD or FILA ADJUDICATED,genomic,rs9931202_G_1,2,9.5,0.29065364911246344,0.2
NON FIBROTIC ILA ADJUDICATED,combined,1-78956432-T-C_C_1,1,7.0,0.09529961888947572,0.1
NON FIBROTIC ILA ADJUDICATED,combined,1-78956432-T-C_C_2,2,7.5,0.19480723474212747,0.2
NON FIBROTIC ILA ADJUDICATED,combined,11-840034-C-A_C_2,1,13.0,0.10810499244447795,0.1
NON FIBROTIC ILA ADJUDICATED,combined,JHU_1.14589126_C_2,1,17.0,0.09642791695156429,0.1
NON FIBROTIC ILA ADJUDICATED,combined,JHU_1.150870628_G_1,1,15.0,0.1356534754067751,0.1
NON FIBROTIC ILA ADJUDICATED,combined,JHU_1.15427933_C_2,1,7.0,0.1954739424680899,0.1
NON FIBROTIC ILA ADJUDICATED,combined,JHU_1.158818206_T_2,1,2.0,0.20312534096274218,0.1
NON FIBROTIC ILA ADJUDICATED,combined,JHU_1.182178160_C_1,1,17.0,0.09806407001833445,0.1
NON FIBROTIC ILA ADJUDICATED,combined,JHU_1.205615946_A_2,1,18.0,0.08046703674558267,0.1
NON FIBROTIC ILA ADJUDICATED,combined,JHU_1.3296950_C_2,2,11.5,0.32244976255797286,0.2
NON FIBROTIC ILA ADJUDICATED,combined,JHU_1.59392955_C_1,1,5.0,0.43697229589496817,0.1
NON FIBROTIC ILA ADJUDICATED,combined,JHU_1.63381740_A_2,2,12.0,0.20014240965168004,0.2
NON FIBROTIC ILA ADJUDICATED,combined,JHU_1.8017528_C_2,1,17.0,0.06806264267921461,0.1
NON FIBROTIC ILA ADJUDICATED,combined,JHU_10.72702459_G_2,3,9.0,0.11635601738077898,0.3
NON FIBROTIC ILA ADJUDICATED,combined,JHU_10.8302601_T_2,4,11.5,0.17569364596186804,0.4
NON FIBROTIC ILA ADJUDICATED,combined,JHU_11.1242507_A_1,1,6.0,0.09443099927571268,0.1
NON FIBROTIC ILA ADJUDICATED,combined,JHU_11.1489135_C_0,1,9.0,0.12149770336179957,0.1
NON FIBROTIC ILA ADJUDICATED,combined,JHU_11.1489135_C_2,1,18.0,0.04463128331307855,0.1
NON FIBROTIC ILA ADJUDICATED,combined,JHU_11.1641030_A_0,1,2.0,0.4884751875427494,0.1
NON FIBROTIC ILA ADJUDICATED,combined,JHU_11.870466_C_1,1,14.0,0.16411444416144677,0.1
NON FIBROTIC ILA ADJUDICATED,combined,JHU_14.89605816_T_2,1,17.0,0.13006650765290578,0.1
NON FIBROTIC ILA ADJUDICATED,combined,JHU_15.63436970_A_2,1,18.0,0.08494964394917892,0.1
NON FIBROTIC ILA ADJUDICATED,combined,JHU_15.81524612_A_1,1,19.0,0.0833341866322026,0.1
NON FIBROTIC ILA ADJUDICATED,combined,JHU_15.81524612_A_2,1,20.0,0.08282494996616196,0.1
NON FIBROTIC ILA ADJUDICATED,combined,JHU_15.85827144_A_1,1,16.0,0.07040534017355389,0.1
NON FIBROTIC ILA ADJUDICATED,combined,JHU_15.94663430_A_1,6,7.833333333333333,0.6073425803065284,0.6
NON FIBROTIC ILA ADJUDICATED,combined,JHU_15.94663430_A_2,1,5.0,0.09474984807736327,0.1
NON FIBROTIC ILA ADJUDICATED,combined,JHU_16.50287078_T_1,1,8.0,0.3396177080451614,0.1
NON FIBROTIC ILA ADJUDICATED,combined,JHU_16.50287078_T_2,1,4.0,0.43991421573848,0.1
NON FIBROTIC ILA ADJUDICATED,combined,JHU_16.50375840_A_1,1,6.0,0.14617351860133201,0.1
NON FIBROTIC ILA ADJUDICATED,combined,JHU_16.67831919_G_2,1,4.0,0.10639145166594359,0.1
NON FIBROTIC ILA ADJUDICATED,combined,JHU_16.79024090_A_1,1,6.0,0.10885641687227289,0.1
NON FIBROTIC ILA ADJUDICATED,combined,JHU_16.79024090_A_2,1,6.0,0.14277490517696836,0.1
NON FIBROTIC ILA ADJUDICATED,combined,JHU_17.17325862_T_2,2,14.0,0.10967456033852795,0.2
NON FIBROTIC ILA ADJUDICATED,combined,JHU_17.31952151_G_2,1,5.0,0.21612737154900946,0.1
NON FIBROTIC ILA ADJUDICATED,combined,JHU_17.43783759_C_2,1,19.0,0.1496330472752494,0.1
NON FIBROTIC ILA ADJUDICATED,combined,JHU_17.43926986_T_2,1,6.0,0.43889762469844884,0.1
NON FIBROTIC ILA ADJUDICATED,combined,JHU_19.15193270_G_0,1,18.0,0.1498952283307564,0.1
NON FIBROTIC ILA ADJUDICATED,combined,JHU_19.15193270_G_1,1,17.0,0.15045818723410753,0.1
NON FIBROTIC ILA ADJUDICATED,combined,JHU_19.15193270_G_2,1,12.0,0.07430792895855365,0.1
NON FIBROTIC ILA ADJUDICATED,combined,JHU_19.53696810_A_0,1,7.0,0.089271177837696,0.1
NON FIBROTIC ILA ADJUDICATED,combined,JHU_2.100895161_T_1,1,11.0,0.14014037233764276,0.1
NON FIBROTIC ILA ADJUDICATED,combined,JHU_2.11015806_C_0,1,7.0,0.15710103516392973,0.1
NON FIBROTIC ILA ADJUDICATED,combined,JHU_2.11015806_C_2,1,13.0,0.3279802631947635,0.1
NON FIBROTIC ILA ADJUDICATED,combined,JHU_2.113776689_T_1,1,16.0,0.154518283172432,0.1
NON FIBROTIC ILA ADJUDICATED,combined,JHU_2.130660199_C_2,1,11.0,0.11224679236666739,0.1
NON FIBROTIC ILA ADJUDICATED,combined,JHU_2.175197825_A_0,1,7.0,0.12992361186265466,0.1
NON FIBROTIC ILA ADJUDICATED,combined,JHU_2.175197825_A_1,1,16.0,0.04627811318882728,0.1
NON FIBROTIC ILA ADJUDICATED,combined,JHU_20.62251795_C_1,1,5.0,0.14839919070095775,0.1
NON FIBROTIC ILA ADJUDICATED,combined,JHU_20.62284983_G_0,1,20.0,0.08014409622634511,0.1
NON FIBROTIC ILA ADJUDICATED,combined,JHU_21.19723007_A_2,1,5.0,0.12500875691122587,0.1
NON FIBROTIC ILA ADJUDICATED,combined,JHU_21.34864390_G_1,1,19.0,0.08380750790587493,0.1
NON FIBROTIC ILA ADJUDICATED,combined,JHU_22.44499088_G_2,3,8.333333333333334,0.42422107751860544,0.3
NON FIBROTIC ILA ADJUDICATED,combined,JHU_3.10518914_T_0,1,12.0,0.3292684208580188,0.1
NON FIBROTIC ILA ADJUDICATED,combined,JHU_3.10518914_T_2,1,11.0,0.11946770054529118,0.1
NON FIBROTIC ILA ADJUDICATED,combined,JHU_3.107235709_T_2,1,2.0,0.3399364397045842,0.1
NON FIBROTIC ILA ADJUDICATED,combined,JHU_3.189442765_G_2,1,17.0,0.29320820933266556,0.1
NON FIBROTIC ILA ADJUDICATED,combined,JHU_3.44224552_G_2,2,3.0,0.5715346616390964,0.2
NON FIBROTIC ILA ADJUDICATED,combined,JHU_3.5344245_A_2,1,15.0,0.15466266344811988,0.1
NON FIBROTIC ILA ADJUDICATED,combined,JHU_3.77509291_C_2,1,16.0,0.09440451667969271,0.1
NON FIBROTIC ILA ADJUDICATED,combined,JHU_4.187564366_C_0,1,10.0,0.14802682900926153,0.1
NON FIBROTIC ILA ADJUDICATED,combined,JHU_4.31783881_A_2,2,13.5,0.26060437066728026,0.2
NON FIBROTIC ILA ADJUDICATED,combined,JHU_5.1415628_A_1,1,20.0,0.0770389496530855,0.1
NON FIBROTIC ILA ADJUDICATED,combined,JHU_5.1462719_A_1,1,12.0,0.13933133482109705,0.1
NON FIBROTIC ILA ADJUDICATED,combined,JHU_5.169542102_C_0,1,10.0,0.08109129991523423,0.1
NON FIBROTIC ILA ADJUDICATED,combined,JHU_5.169542102_C_2,1,19.0,0.04439242216602725,0.1
NON FIBROTIC ILA ADJUDICATED,combined,JHU_6.156028054_G_2,1,19.0,0.06589220721130483,0.1
NON FIBROTIC ILA ADJUDICATED,combined,JHU_6.32113570_A_1,1,12.0,0.0738102927311401,0.1
NON FIBROTIC ILA ADJUDICATED,combined,JHU_6.32392980_T_1,1,20.0,0.04145892692372215,0.1
NON FIBROTIC ILA ADJUDICATED,combined,JHU_6.35534370_G_1,1,15.0,0.10268528841900537,0.1
NON FIBROTIC ILA ADJUDICATED,combined,JHU_6.3579664_C_1,1,3.0,0.2955380440574109,0.1
NON FIBROTIC ILA ADJUDICATED,combined,JHU_6.3579664_C_2,1,4.0,0.17273109173462634,0.1
NON FIBROTIC ILA ADJUDICATED,combined,JHU_7.13758119_G_2,1,3.0,0.47875403852320486,0.1
NON FIBROTIC ILA ADJUDICATED,combined,JHU_7.147488544_C_1,1,18.0,0.08218087427286852,0.1
NON FIBROTIC ILA ADJUDICATED,combined,JHU_7.156397435_C_1,1,10.0,0.22719838326239192,0.1
NON FIBROTIC ILA ADJUDICATED,combined,JHU_7.158046568_A_1,3,7.333333333333333,0.17041687465786873,0.3
NON FIBROTIC ILA ADJUDICATED,combined,JHU_7.71892998_C_2,3,8.0,0.21543519451625817,0.3
NON FIBROTIC ILA ADJUDICATED,combined,JHU_7.78912470_C_2,1,20.0,0.06516620823159903,0.1
NON FIBROTIC ILA ADJUDICATED,combined,JHU_7.98955550_G_2,1,14.0,0.0728527664599838,0.1
NON FIBROTIC ILA ADJUDICATED,combined,JHU_8.116244104_A_1,1,4.0,0.1580774264117894,0.1
NON FIBROTIC ILA ADJUDICATED,combined,JHU_8.126765880_A_1,1,12.0,0.11587398235098638,0.1
NON FIBROTIC ILA ADJUDICATED,combined,JHU_9.111486689_A_1,1,14.0,0.1029433182406237,0.1
NON FIBROTIC ILA ADJUDICATED,combined,JHU_9.116415594_A_2,1,14.0,0.04769526725196599,0.1
NON FIBROTIC ILA ADJUDICATED,combined,predicted_risk,10,1.0,1.7770734723131116,1.0
NON FIBROTIC ILA ADJUDICATED,combined,rs1015097_A_0,1,4.0,0.14767369593224475,0.1
NON FIBROTIC ILA ADJUDICATED,combined,rs1015097_A_2,1,17.0,0.09324659754235883,0.1
NON FIBROTIC ILA ADJUDICATED,combined,rs10422762_A_0,1,16.0,0.13164143815523846,0.1
NON FIBROTIC ILA ADJUDICATED,combined,rs10422762_A_1,3,12.0,0.3099373739267312,0.3
NON FIBROTIC ILA ADJUDICATED,combined,rs10484326_T_2,2,13.5,0.11618314486824621,0.2
NON FIBROTIC ILA ADJUDICATED,combined,rs10518693_C_0,2,12.5,0.38568776010507594,0.2
NON FIBROTIC ILA ADJUDICATED,combined,rs10776482_A_1,1,16.0,0.04434876034965771,0.1
NON FIBROTIC ILA ADJUDICATED,combined,rs10776482_A_2,2,10.5,0.19989651299146194,0.2
NON FIBROTIC ILA ADJUDICATED,combined,rs11154034_T_1,2,7.0,0.22252156462437025,0.2
NON FIBROTIC ILA ADJUDICATED,combined,rs1123573_A_0,1,2.0,0.17967630385706032,0.1
NON FIBROTIC ILA ADJUDICATED,combined,rs1123573_A_2,1,16.0,0.0920157803910238,0.1
NON FIBROTIC ILA ADJUDICATED,combined,rs11264306_A_2,1,13.0,0.10385403465026471,0.1
NON FIBROTIC ILA ADJUDICATED,combined,rs11680126_C_1,1,8.0,0.13196502368759533,0.1
NON FIBROTIC ILA ADJUDICATED,combined,rs12275748_C_1,1,8.0,0.08496705755624982,0.1
NON FIBROTIC ILA ADJUDICATED,combined,rs12610495_A_2,1,17.0,0.045471901062718485,0.1
NON FIBROTIC ILA ADJUDICATED,combined,rs1278769_G_1,2,9.0,0.1769641140532396,0.2
NON FIBROTIC ILA ADJUDICATED,combined,rs1422506_G_1,1,14.0,0.32532398316936484,0.1
NON FIBROTIC ILA ADJUDICATED,combined,rs1479945_C_2,2,10.0,0.16267724787094578,0.2
NON FIBROTIC ILA ADJUDICATED,combined,rs1669778_T_1,1,2.0,0.24780420623663013,0.1
NON FIBROTIC ILA ADJUDICATED,combined,rs1669778_T_2,1,9.0,0.12661630938538196,0.1
NON FIBROTIC ILA ADJUDICATED,combined,rs17690703_C_2,1,15.0,0.07117229810306971,0.1
NON FIBROTIC ILA ADJUDICATED,combined,rs1851741_G_0,1,20.0,0.1118543493587566,0.1
NON FIBROTIC ILA ADJUDICATED,combined,rs1851741_G_2,1,15.0,0.09979537934504464,0.1
NON FIBROTIC ILA ADJUDICATED,combined,rs2067832_G_1,2,11.5,0.3623762317770108,0.2
NON FIBROTIC ILA ADJUDICATED,combined,rs2076295_T_2,1,9.0,0.0885880451124898,0.1
NON FIBROTIC ILA ADJUDICATED,combined,rs2109069_G_2,1,20.0,0.14571747468125457,0.1
NON FIBROTIC ILA ADJUDICATED,combined,rs2228972_G_1,1,19.0,0.27510956522815694,0.1
NON FIBROTIC ILA ADJUDICATED,combined,rs2353082_C_2,1,18.0,0.11539067245779323,0.1
NON FIBROTIC ILA ADJUDICATED,combined,rs2361278_T_1,2,6.0,0.46045044479067443,0.2
NON FIBROTIC ILA ADJUDICATED,combined,rs2375892_T_2,1,8.0,0.11872646517530377,0.1
NON FIBROTIC ILA ADJUDICATED,combined,rs2577254_T_2,1,14.0,0.10445863992205096,0.1
NON FIBROTIC ILA ADJUDICATED,combined,rs2609260_T_2,1,5.0,0.4472128312964177,0.1
NON FIBROTIC ILA ADJUDICATED,combined,rs3130157_G_1,1,15.0,0.09536827407504674,0.1
NON FIBROTIC ILA ADJUDICATED,combined,rs3131520_C_0,1,3.0,0.1518210800793467,0.1
NON FIBROTIC ILA ADJUDICATED,combined,rs34425120_G_1,1,10.0,0.0856343666356072,0.1
NON FIBROTIC ILA ADJUDICATED,combined,rs34425120_G_2,1,15.0,0.10363760650069627,0.1
NON FIBROTIC ILA ADJUDICATED,combined,rs34547036_C_2,2,11.0,0.10300939202622444,0.2
NON FIBROTIC ILA ADJUDICATED,combined,rs35705950.1_G_1,3,8.333333333333334,0.3747878980424414,0.3
NON FIBROTIC ILA ADJUDICATED,combined,rs3744761_C_2,1,3.0,0.4761524164727271,0.1
NON FIBROTIC ILA ADJUDICATED,combined,rs3829223_C_2,1,20.0,0.07390899131844782,0.1
NON FIBROTIC ILA ADJUDICATED,combined,rs469942_C_1,1,18.0,0.040660983362118625,0.1
NON FIBROTIC ILA ADJUDICATED,combined,rs4960330_T_2,1,8.0,0.1520607100843062,0.1
NON FIBROTIC ILA ADJUDICATED,combined,rs55672765_C_1,1,16.0,0.3012179763684996,0.1
NON FIBROTIC ILA ADJUDICATED,combined,rs55672765_C_2,1,9.0,0.07798214597233462,0.1
NON FIBROTIC ILA ADJUDICATED,combined,rs56387623_T_2,1,19.0,0.03707718560420018,0.1
NON FIBROTIC ILA ADJUDICATED,combined,rs5743894_T_1,2,12.0,0.277434215041982,0.2
NON FIBROTIC ILA ADJUDICATED,combined,rs664034_T_1,1,13.0,0.052495353518609525,0.1
NON FIBROTIC ILA ADJUDICATED,combined,rs6899532_G_2,2,8.0,0.13309851266328174,0.2
NON FIBROTIC ILA ADJUDICATED,combined,rs7041597_T_0,1,6.0,0.19381981717868574,0.1
NON FIBROTIC ILA ADJUDICATED,combined,rs708686_C_1,2,13.0,0.09361964028660545,0.2
NON FIBROTIC ILA ADJUDICATED,combined,rs72762052_C_2,1,4.0,0.2329860154334172,0.1
NON FIBROTIC ILA ADJUDICATED,combined,rs73409602_C_2,1,20.0,0.03670095359202174,0.1
NON FIBROTIC ILA ADJUDICATED,combined,rs74490361_T_2,1,6.0,0.41388086991723066,0.1
NON FIBROTIC ILA ADJUDICATED,combined,rs7547997_G_1,2,5.0,1.2567668111163883,0.2
NON FIBROTIC ILA ADJUDICATED,combined,rs7547997_G_2,3,15.666666666666666,0.10357862151297585,0.3
NON FIBROTIC ILA ADJUDICATED,combined,rs7725218_G_1,2,14.0,0.13735917058030822,0.2
NON FIBROTIC ILA ADJUDICATED,combined,rs79242376_G_1,1,5.0,0.1485061254030303,0.1
NON FIBROTIC ILA ADJUDICATED,combined,rs79242376_G_2,1,14.0,0.05071105048437296,0.1
NON FIBROTIC ILA ADJUDICATED,combined,rs7934606_C_0,1,11.0,0.3534528389682696,0.1
NON FIBROTIC ILA ADJUDICATED,combined,rs893889_G_1,1,7.0,0.3399196434260656,0.1
NON FIBROTIC ILA ADJUDICATED,combined,rs9577395_C_1,2,12.0,0.13414399493495327,0.2
NON FIBROTIC ILA ADJUDICATED,combined,rs9931202_G_1,3,5.0,0.5813281655779533,0.3
NON FIBROTIC ILA ADJUDICATED,genomic,1-78956432-T-C_C_1,1,19.0,0.12591678637215553,0.1
NON FIBROTIC ILA ADJUDICATED,genomic,JHU_1.150870628_G_0,1,7.0,0.09496662246487511,0.1
NON FIBROTIC ILA ADJUDICATED,genomic,JHU_1.150870628_G_1,2,11.0,0.33114192947845245,0.2
NON FIBROTIC ILA ADJUDICATED,genomic,JHU_1.150999078_T_1,2,12.0,0.24274969304053085,0.2
NON FIBROTIC ILA ADJUDICATED,genomic,JHU_1.15427933_C_2,1,19.0,0.1947295237086569,0.1
NON FIBROTIC ILA ADJUDICATED,genomic,JHU_1.158818206_T_2,1,18.0,0.12986088817148808,0.1
NON FIBROTIC ILA ADJUDICATED,genomic,JHU_1.182178160_C_1,1,5.0,0.3101013985324536,0.1
NON FIBROTIC ILA ADJUDICATED,genomic,JHU_1.205615946_A_1,1,14.0,0.18167893769507376,0.1
NON FIBROTIC ILA ADJUDICATED,genomic,JHU_1.205615946_A_2,1,8.0,0.2911553747891199,0.1
NON FIBROTIC ILA ADJUDICATED,genomic,JHU_1.3296950_C_0,3,3.3333333333333335,0.7016470133148446,0.3
NON FIBROTIC ILA ADJUDICATED,genomic,JHU_1.3296950_C_2,2,1.5,6790.1364782184955,0.2
NON FIBROTIC ILA ADJUDICATED,genomic,JHU_1.63381740_A_0,1,13.0,0.22303084932038203,0.1
NON FIBROTIC ILA ADJUDICATED,genomic,JHU_1.63381740_A_2,2,6.5,6.0914394125786995,0.2
NON FIBROTIC ILA ADJUDICATED,genomic,JHU_10.27434228_A_1,1,12.0,0.07961969312280054,0.1
NON FIBROTIC ILA ADJUDICATED,genomic,JHU_10.72702459_G_1,2,9.5,2190.3137328086327,0.2
NON FIBROTIC ILA ADJUDICATED,genomic,JHU_10.72702459_G_2,1,12.0,0.1789294482389641,0.1
NON FIBROTIC ILA ADJUDICATED,genomic,JHU_10.8302601_T_1,1,11.0,4.164875891205049,0.1
NON FIBROTIC ILA ADJUDICATED,genomic,JHU_10.8302601_T_2,5,8.6,2.712218922963324,0.5
NON FIBROTIC ILA ADJUDICATED,genomic,JHU_10.994752_A_1,1,13.0,0.19794700252041744,0.1
NON FIBROTIC ILA ADJUDICATED,genomic,JHU_11.112651769_T_2,1,10.0,0.246293863073922,0.1
NON FIBROTIC ILA ADJUDICATED,genomic,JHU_11.1489135_C_0,1,6.0,0.2892756941806337,0.1
NON FIBROTIC ILA ADJUDICATED,genomic,JHU_11.1489135_C_2,1,18.0,0.15518180688108837,0.1
NON FIBROTIC ILA ADJUDICATED,genomic,JHU_11.1657986_C_2,1,18.0,0.06515554017899011,0.1
NON FIBROTIC ILA ADJUDICATED,genomic,JHU_11.40299938_C_2,1,14.0,0.07414282100277335,0.1
NON FIBROTIC ILA ADJUDICATED,genomic,JHU_11.870466_C_1,1,5.0,0.14981640850408434,0.1
NON FIBROTIC ILA ADJUDICATED,genomic,JHU_12.13539765_C_1,1,5.0,0.3532862976673031,0.1
NON FIBROTIC ILA ADJUDICATED,genomic,JHU_14.54355546_A_1,1,13.0,3.7846798666562265,0.1
NON FIBROTIC ILA ADJUDICATED,genomic,JHU_14.54355546_A_2,1,15.0,3.386037421802585,0.1
NON FIBROTIC ILA ADJUDICATED,genomic,JHU_15.40716407_C_2,1,2.0,0.7875264038440454,0.1
NON FIBROTIC ILA ADJUDICATED,genomic,JHU_15.85827144_A_2,1,4.0,4555.41947678214,0.1
NON FIBROTIC ILA ADJUDICATED,genomic,JHU_15.94663430_A_1,3,11.333333333333334,0.3295480849516143,0.3
NON FIBROTIC ILA ADJUDICATED,genomic,JHU_15.94663430_A_2,2,14.5,0.20730888748874032,0.2
NON FIBROTIC ILA ADJUDICATED,genomic,JHU_16.25273230_T_1,1,12.0,4.093264723459871,0.1
NON FIBROTIC ILA ADJUDICATED,genomic,JHU_16.50287078_T_2,1,6.0,0.1208177052569487,0.1
NON FIBROTIC ILA ADJUDICATED,genomic,JHU_16.50375840_A_1,1,9.0,0.0911148437382758,0.1
NON FIBROTIC ILA ADJUDICATED,genomic,JHU_16.79024090_A_1,1,9.0,0.2705767506213162,0.1
NON FIBROTIC ILA ADJUDICATED,genomic,JHU_16.79024090_A_2,1,12.0,0.15777537281075166,0.1
NON FIBROTIC ILA ADJUDICATED,genomic,JHU_16.79119977_A_1,1,16.0,0.16108078526984285,0.1
NON FIBROTIC ILA ADJUDICATED,genomic,JHU_17.17325862_T_2,1,6.0,0.11305135090158046,0.1
NON FIBROTIC ILA ADJUDICATED,genomic,JHU_17.31952151_G_2,1,12.0,0.2287714094146203,0.1
NON FIBROTIC ILA ADJUDICATED,genomic,JHU_17.43809843_C_1,1,10.0,0.23238137619981694,0.1
NON FIBROTIC ILA ADJUDICATED,genomic,JHU_17.43926986_T_2,1,6.0,3495.155796435068,0.1
NON FIBROTIC ILA ADJUDICATED,genomic,JHU_17.55471556_G_2,1,7.0,0.35836967106014783,0.1
NON FIBROTIC ILA ADJUDICATED,genomic,JHU_18.4019780_A_1,1,4.0,0.3759920402223348,0.1
NON FIBROTIC ILA ADJUDICATED,genomic,JHU_19.15193270_G_0,1,4.0,0.24794798724375064,0.1
NON FIBROTIC ILA ADJUDICATED,genomic,JHU_19.53696810_A_2,1,19.0,1859.0869586849417,0.1
NON FIBROTIC ILA ADJUDICATED,genomic,JHU_2.111912714_G_1,1,19.0,2.5467360683007008,0.1
NON FIBROTIC ILA ADJUDICATED,genomic,JHU_2.230081608_T_0,1,8.0,4.7699198410925545,0.1
NON FIBROTIC ILA ADJUDICATED,genomic,JHU_2.230081608_T_2,1,5.0,4527.943897855211,0.1
NON FIBROTIC ILA ADJUDICATED,genomic,JHU_2.32913606_T_2,1,1.0,0.3352381115970913,0.1
NON FIBROTIC ILA ADJUDICATED,genomic,JHU_20.10372945_A_1,1,2.0,0.18952991134312597,0.1
NON FIBROTIC ILA ADJUDICATED,genomic,JHU_20.59746371_C_1,1,2.0,0.5827091777519648,0.1
NON FIBROTIC ILA ADJUDICATED,genomic,JHU_20.62251795_C_1,1,7.0,0.1030477434479289,0.1
NON FIBROTIC ILA ADJUDICATED,genomic,JHU_20.62251795_C_2,1,1.0,0.730512379294517,0.1
NON FIBROTIC ILA ADJUDICATED,genomic,JHU_20.62284983_G_0,1,4.0,6.194976106208444,0.1
NON FIBROTIC ILA ADJUDICATED,genomic,JHU_21.19723007_A_2,1,7.0,0.31934218975436834,0.1
NON FIBROTIC ILA ADJUDICATED,genomic,JHU_21.34864390_G_1,1,10.0,2866.344675182404,0.1
NON FIBROTIC ILA ADJUDICATED,genomic,JHU_22.44499088_G_2,1,18.0,0.1982088289801903,0.1
NON FIBROTIC ILA ADJUDICATED,genomic,JHU_22.49181803_G_2,1,6.0,0.42547672346079346,0.1
NON FIBROTIC ILA ADJUDICATED,genomic,JHU_3.10518914_T_1,1,16.0,0.13320275502516446,0.1
NON FIBROTIC ILA ADJUDICATED,genomic,JHU_3.107235709_T_1,1,2.0,25.770452338813747,0.1
NON FIBROTIC ILA ADJUDICATED,genomic,JHU_3.107235709_T_2,1,1.0,34.97196785460691,0.1
NON FIBROTIC ILA ADJUDICATED,genomic,JHU_3.189442765_G_2,1,17.0,0.06731848675422616,0.1
NON FIBROTIC ILA ADJUDICATED,genomic,JHU_3.44224552_G_1,1,18.0,2001.469726437643,0.1
NON FIBROTIC ILA ADJUDICATED,genomic,JHU_3.44224552_G_2,3,7.0,3170.6093438305993,0.3
NON FIBROTIC ILA ADJUDICATED,genomic,JHU_3.5344245_A_2,1,19.0,0.0570455194928479,0.1
NON FIBROTIC ILA ADJUDICATED,genomic,JHU_3.77509291_C_1,1,17.0,0.2020787217846522,0.1
NON FIBROTIC ILA ADJUDICATED,genomic,JHU_3.77509291_C_2,1,17.0,0.19682651490048253,0.1
NON FIBROTIC ILA ADJUDICATED,genomic,JHU_4.187564366_C_0,1,9.0,0.27675521505228656,0.1
NON FIBROTIC ILA ADJUDICATED,genomic,JHU_4.57046696_A_2,1,6.0,0.49094861334697854,0.1
NON FIBROTIC ILA ADJUDICATED,genomic,JHU_4.71205476_A_2,1,12.0,0.22678039857633894,0.1
NON FIBROTIC ILA ADJUDICATED,genomic,JHU_5.169542102_C_2,1,5.0,0.42822461814754864,0.1
NON FIBROTIC ILA ADJUDICATED,genomic,JHU_5.79893280_T_1,1,9.0,4.6112979907199225,0.1
NON FIBROTIC ILA ADJUDICATED,genomic,JHU_5.79893280_T_2,2,9.5,2559.207961007159,0.2
NON FIBROTIC ILA ADJUDICATED,genomic,JHU_6.158667056_T_1,1,11.0,0.2437549247477995,0.1
NON FIBROTIC ILA ADJUDICATED,genomic,JHU_6.158667056_T_2,1,7.0,0.30655663213999995,0.1
NON FIBROTIC ILA ADJUDICATED,genomic,JHU_6.168578506_C_1,1,16.0,0.17255498168311262,0.1
NON FIBROTIC ILA ADJUDICATED,genomic,JHU_6.32113570_A_1,1,14.0,0.13973451313620003,0.1
NON FIBROTIC ILA ADJUDICATED,genomic,JHU_6.32113570_A_2,1,2.0,6446.428614030369,0.1
NON FIBROTIC ILA ADJUDICATED,genomic,JHU_6.32742058_C_0,1,4.0,0.50095897541133,0.1
NON FIBROTIC ILA ADJUDICATED,genomic,JHU_6.35534370_G_1,1,20.0,2.419591882342067,0.1
NON FIBROTIC ILA ADJUDICATED,genomic,JHU_7.156397435_C_1,1,11.0,0.08571017846808131,0.1
NON FIBROTIC ILA ADJUDICATED,genomic,JHU_7.158046568_A_1,2,12.5,2622.03951152896,0.2
NON FIBROTIC ILA ADJUDICATED,genomic,JHU_7.158046568_A_2,2,8.5,2247.0040768549843,0.2
NON FIBROTIC ILA ADJUDICATED,genomic,JHU_7.24339007_G_0,1,3.0,5130.881530799886,0.1
NON FIBROTIC ILA ADJUDICATED,genomic,JHU_7.36122695_C_1,1,20.0,0.06137323325817877,0.1
NON FIBROTIC ILA ADJUDICATED,genomic,JHU_7.71892998_C_2,1,15.0,0.13131043135838683,0.1
NON FIBROTIC ILA ADJUDICATED,genomic,JHU_8.140588418_C_1,1,17.0,3.3152815715769886,0.1
NON FIBROTIC ILA ADJUDICATED,genomic,JHU_9.111486689_A_1,1,14.0,0.22258137180469698,0.1
NON FIBROTIC ILA ADJUDICATED,genomic,JHU_9.116415594_A_2,1,10.0,0.18956887229743047,0.1
NON FIBROTIC ILA ADJUDICATED,genomic,JHU_9.117772061_C_2,1,17.0,0.06618682052863503,0.1
NON FIBROTIC ILA ADJUDICATED,genomic,JHU_9.22204796_C_1,1,10.0,4.5137428725962625,0.1
NON FIBROTIC ILA ADJUDICATED,genomic,rs1015097_A_0,1,14.0,0.07633919963870453,0.1
NON FIBROTIC ILA ADJUDICATED,genomic,rs10422762_A_0,1,19.0,0.06409856664216534,0.1
NON FIBROTIC ILA ADJUDICATED,genomic,rs10422762_A_1,1,15.0,0.21494383405193138,0.1
NON FIBROTIC ILA ADJUDICATED,genomic,rs10484326_T_2,3,9.666666666666666,2258.8159360755735,0.3
NON FIBROTIC ILA ADJUDICATED,genomic,rs10518693_C_0,1,8.0,0.09419268012428055,0.1
NON FIBROTIC ILA ADJUDICATED,genomic,rs10518693_C_2,1,9.0,0.24283099969222002,0.1
NON FIBROTIC ILA ADJUDICATED,genomic,rs10776482_A_2,2,18.0,0.1167415321612713,0.2
NON FIBROTIC ILA ADJUDICATED,genomic,rs10783497_A_1,1,3.0,6.526999803691703,0.1
NON FIBROTIC ILA ADJUDICATED,genomic,rs10783497_A_2,1,10.0,0.09095551120828856,0.1
NON FIBROTIC ILA ADJUDICATED,genomic,rs10881263_G_0,1,20.0,0.12395949346728348,0.1
NON FIBROTIC ILA ADJUDICATED,genomic,rs11154034_T_1,1,5.0,0.11956673359330176,0.1
NON FIBROTIC ILA ADJUDICATED,genomic,rs1123573_A_0,1,13.0,0.22861194392115158,0.1
NON FIBROTIC ILA ADJUDICATED,genomic,rs1123573_A_1,1,3.0,0.5173544616282892,0.1
NON FIBROTIC ILA ADJUDICATED,genomic,rs11264306_A_0,1,20.0,0.19375330311722463,0.1
NON FIBROTIC ILA ADJUDICATED,genomic,rs11264306_A_2,1,3.0,0.4228280650673353,0.1
NON FIBROTIC ILA ADJUDICATED,genomic,rs1189320_G_2,1,14.0,2338.2052729573734,0.1
NON FIBROTIC ILA ADJUDICATED,genomic,rs12665063_A_1,1,3.0,0.7274572149034705,0.1
NON FIBROTIC ILA ADJUDICATED,genomic,rs12710674_C_1,1,7.0,3390.9780954589937,0.1
NON FIBROTIC ILA ADJUDICATED,genomic,rs12713927_G_2,1,9.0,0.2661924645824075,0.1
NON FIBROTIC ILA ADJUDICATED,genomic,rs1278769_G_1,2,11.0,3204.471957263052,0.2
NON FIBROTIC ILA ADJUDICATED,genomic,rs1278769_G_2,1,14.0,0.16889684754074605,0.1
NON FIBROTIC ILA ADJUDICATED,genomic,rs1479945_C_2,2,6.0,0.7807267309212438,0.2
NON FIBROTIC ILA ADJUDICATED,genomic,rs1669778_T_1,1,1.0,0.980479766947479,0.1
NON FIBROTIC ILA ADJUDICATED,genomic,rs169889_A_1,1,19.0,0.15328546790181208,0.1
NON FIBROTIC ILA ADJUDICATED,genomic,rs17019820_A_2,1,10.0,0.08769995333326695,0.1
NON FIBROTIC ILA ADJUDICATED,genomic,rs17690703_C_2,1,10.0,0.17169886156054626,0.1
NON FIBROTIC ILA ADJUDICATED,genomic,rs1851741_G_2,1,15.0,0.22023456409577638,0.1
NON FIBROTIC ILA ADJUDICATED,genomic,rs2071627_C_1,1,16.0,0.07215759190388471,0.1
NON FIBROTIC ILA ADJUDICATED,genomic,rs2109069_G_0,1,5.0,0.34086947195317535,0.1
NON FIBROTIC ILA ADJUDICATED,genomic,rs2353082_C_1,1,12.0,0.19194829031062335,0.1
NON FIBROTIC ILA ADJUDICATED,genomic,rs2361278_T_1,1,2.0,0.5473243193520446,0.1
NON FIBROTIC ILA ADJUDICATED,genomic,rs2375892_T_0,1,14.0,3.711824794106063,0.1
NON FIBROTIC ILA ADJUDICATED,genomic,rs2577254_T_0,1,10.0,0.22389480850557622,0.1
NON FIBROTIC ILA ADJUDICATED,genomic,rs2609255_T_2,1,11.0,0.20337945768088664,0.1
NON FIBROTIC ILA ADJUDICATED,genomic,rs3130157_G_1,1,10.0,0.2548419408891117,0.1
NON FIBROTIC ILA ADJUDICATED,genomic,rs34425120_G_1,1,20.0,0.12485433178416673,0.1
NON FIBROTIC ILA ADJUDICATED,genomic,rs34425120_G_2,1,12.0,0.08703169636262181,0.1
NON FIBROTIC ILA ADJUDICATED,genomic,rs35677769_G_0,1,17.0,0.15545706291503353,0.1
NON FIBROTIC ILA ADJUDICATED,genomic,rs3829223_C_2,1,16.0,0.20167915396976557,0.1
NON FIBROTIC ILA ADJUDICATED,genomic,rs4077759_T_0,1,9.0,0.09363350640136647,0.1
NON FIBROTIC ILA ADJUDICATED,genomic,rs4077759_T_1,1,13.0,0.1538351424835997,0.1
NON FIBROTIC ILA ADJUDICATED,genomic,rs45619034_G_2,1,5.0,0.603669862795946,0.1
NON FIBROTIC ILA ADJUDICATED,genomic,rs4680134_C_0,1,17.0,0.13252990309602272,0.1
NON FIBROTIC ILA ADJUDICATED,genomic,rs469942_C_0,1,13.0,0.07857647896272647,0.1
NON FIBROTIC ILA ADJUDICATED,genomic,rs469942_C_1,1,8.0,0.31473549083516345,0.1
NON FIBROTIC ILA ADJUDICATED,genomic,rs4811028_G_2,1,16.0,3.3446822372671425,0.1
NON FIBROTIC ILA ADJUDICATED,genomic,rs4960330_T_2,1,14.0,0.21871212146387128,0.1
NON FIBROTIC ILA ADJUDICATED,genomic,rs56387623_T_2,1,15.0,0.18101703762474172,0.1
NON FIBROTIC ILA ADJUDICATED,genomic,rs56744128_A_2,1,20.0,0.14080777733357738,0.1
NON FIBROTIC ILA ADJUDICATED,genomic,rs5743894_T_1,1,3.0,0.47375367870759355,0.1
NON FIBROTIC ILA ADJUDICATED,genomic,rs601878_C_1,1,11.0,2644.172609549657,0.1
NON FIBROTIC ILA ADJUDICATED,genomic,rs601878_C_2,1,18.0,0.16534720631584762,0.1
NON FIBROTIC ILA ADJUDICATED,genomic,rs62354543_A_1,1,6.0,0.33275245087284616,0.1
NON FIBROTIC ILA ADJUDICATED,genomic,rs62505367_T_2,1,19.0,0.11693037821692616,0.1
NON FIBROTIC ILA ADJUDICATED,genomic,rs62530710_G_1,1,20.0,0.17775194612610054,0.1
NON FIBROTIC ILA ADJUDICATED,genomic,rs6491201_C_0,1,20.0,0.056333137089042876,0.1
NON FIBROTIC ILA ADJUDICATED,genomic,rs6532150_G_1,1,4.0,0.44798637070519903,0.1
NON FIBROTIC ILA ADJUDICATED,genomic,rs664034_T_1,1,11.0,0.20847648381737152,0.1
NON FIBROTIC ILA ADJUDICATED,genomic,rs68170294_G_1,2,11.5,0.2703340633556551,0.2
NON FIBROTIC ILA ADJUDICATED,genomic,rs6899532_G_2,1,18.0,0.18288506576812574,0.1
NON FIBROTIC ILA ADJUDICATED,genomic,rs6970647_T_2,1,16.0,0.21233126121120635,0.1
NON FIBROTIC ILA ADJUDICATED,genomic,rs699240_T_1,2,13.0,0.18609909427837404,0.2
NON FIBROTIC ILA ADJUDICATED,genomic,rs708686_C_2,1,11.0,0.09079302833812539,0.1
NON FIBROTIC ILA ADJUDICATED,genomic,rs73409602_C_1,1,7.0,5.472752565082071,0.1
NON FIBROTIC ILA ADJUDICATED,genomic,rs74987898_C_2,3,8.0,0.7424546765893107,0.3
NON FIBROTIC ILA ADJUDICATED,genomic,rs7547997_G_1,2,10.0,0.36523424561072926,0.2
NON FIBROTIC ILA ADJUDICATED,genomic,rs7547997_G_2,2,9.0,1.386202145365935,0.2
NON FIBROTIC ILA ADJUDICATED,genomic,rs7725218_G_1,1,3.0,0.4502627380301308,0.1
NON FIBROTIC ILA ADJUDICATED,genomic,rs7725218_G_2,1,8.0,0.2531950119598062,0.1
NON FIBROTIC ILA ADJUDICATED,genomic,rs7730878_A_2,1,5.0,0.34108863755573143,0.1
NON FIBROTIC ILA ADJUDICATED,genomic,rs79242376_G_2,1,18.0,0.062262360454464885,0.1
NON FIBROTIC ILA ADJUDICATED,genomic,rs79252367_G_2,1,20.0,1799.264868930151,0.1
NON FIBROTIC ILA ADJUDICATED,genomic,rs7934606_C_0,1,6.0,0.32118325517618457,0.1
NON FIBROTIC ILA ADJUDICATED,genomic,rs893889_G_2,1,8.0,0.09514752292872,0.1
NON FIBROTIC ILA ADJUDICATED,genomic,rs918174_T_1,1,19.0,0.17887960031648792,0.1
NON FIBROTIC ILA ADJUDICATED,genomic,rs9577395_C_1,1,7.0,0.2979705705335842,0.1
NON FIBROTIC ILA ADJUDICATED,genomic,rs9931202_G_1,2,6.0,0.38213897879638303,0.2
NONFIBROTIC ILD ADJUDICATED,combined,11-840034-C-A_C_1,1,7.0,0.3002044796995347,0.1
NONFIBROTIC ILD ADJUDICATED,combined,11-840034-C-A_C_2,1,13.0,0.1720969783936574,0.1
NONFIBROTIC ILD ADJUDICATED,combined,JHU_1.114173409_G_2,1,8.0,0.14795918985728665,0.1
NONFIBROTIC ILD ADJUDICATED,combined,JHU_1.14589126_C_1,1,19.0,0.11882988707081321,0.1
NONFIBROTIC ILD ADJUDICATED,combined,JHU_1.14589126_C_2,1,15.0,0.13572814760939383,0.1
NONFIBROTIC ILD ADJUDICATED,combined,JHU_1.150870628_G_2,3,8.333333333333334,0.6875683071269157,0.3
NONFIBROTIC ILD ADJUDICATED,combined,JHU_1.15427933_C_2,1,15.0,0.06821160459590296,0.1
NONFIBROTIC ILD ADJUDICATED,combined,JHU_1.158818206_T_1,2,11.5,0.21843783694085767,0.2
NONFIBROTIC ILD ADJUDICATED,combined,JHU_1.186924725_C_1,1,14.0,0.07614568273809035,0.1
NONFIBROTIC ILD ADJUDICATED,combined,JHU_1.19066231_C_1,1,6.0,0.3007137230435101,0.1
NONFIBROTIC ILD ADJUDICATED,combined,JHU_1.214589424_C_1,1,12.0,0.14798142195444489,0.1
NONFIBROTIC ILD ADJUDICATED,combined,JHU_1.3296950_C_1,1,6.0,0.27843285244619015,0.1
NONFIBROTIC ILD ADJUDICATED,combined,JHU_1.59392955_C_1,1,5.0,0.2688122515101744,0.1
NONFIBROTIC ILD ADJUDICATED,combined,JHU_1.63381740_A_1,1,17.0,0.08562200625120502,0.1
NONFIBROTIC ILD ADJUDICATED,combined,JHU_1.8017528_C_1,1,19.0,0.37206027523466917,0.1
NONFIBROTIC ILD ADJUDICATED,combined,JHU_10.27434228_A_0,1,4.0,0.5084954823310757,0.1
NONFIBROTIC ILD ADJUDICATED,combined,JHU_10.72702459_G_0,1,10.0,0.0787012548113994,0.1
NONFIBROTIC ILD ADJUDICATED,combined,JHU_11.1082604_G_2,1,15.0,0.09067188412716529,0.1
NONFIBROTIC ILD ADJUDICATED,combined,JHU_11.112651769_T_1,1,20.0,0.16278664596728143,0.1
NONFIBROTIC ILD ADJUDICATED,combined,JHU_11.1242226_C_2,2,3.5,1.0278041624361616,0.2
NONFIBROTIC ILD ADJUDICATED,combined,JHU_11.1641030_A_1,1,7.0,0.8324214398710938,0.1
NONFIBROTIC ILD ADJUDICATED,combined,JHU_11.870466_C_1,1,12.0,0.06544943114697936,0.1
NONFIBROTIC ILD ADJUDICATED,combined,JHU_12.13539765_C_1,2,9.0,0.28824289360458,0.2
NONFIBROTIC ILD ADJUDICATED,combined,JHU_12.97817786_T_2,1,4.0,0.43236656440743254,0.1
NONFIBROTIC ILD ADJUDICATED,combined,JHU_14.69024386_A_2,1,20.0,0.09522820174242592,0.1
NONFIBROTIC ILD ADJUDICATED,combined,JHU_14.89605816_T_2,1,7.0,0.235788117421847,0.1
NONFIBROTIC ILD ADJUDICATED,combined,JHU_15.41486989_G_0,1,5.0,0.3307369260543354,0.1
NONFIBROTIC ILD ADJUDICATED,combined,JHU_15.80539621_A_2,1,15.0,0.21619247118056828,0.1
NONFIBROTIC ILD ADJUDICATED,combined,JHU_15.94663430_A_1,3,12.666666666666666,0.2827958433766476,0.3
NONFIBROTIC ILD ADJUDICATED,combined,JHU_15.94663430_A_2,1,18.0,0.3775859288210251,0.1
NONFIBROTIC ILD ADJUDICATED,combined,JHU_16.25273230_T_2,2,16.5,0.18224901168799765,0.2
NONFIBROTIC ILD ADJUDICATED,combined,JHU_16.79119977_A_0,1,13.0,0.14801838393201097,0.1
NONFIBROTIC ILD ADJUDICATED,combined,JHU_16.964884_G_2,1,16.0,0.09048499548100655,0.1
NONFIBROTIC ILD ADJUDICATED,combined,JHU_17.17325862_T_1,1,18.0,0.11147472316203222,0.1
NONFIBROTIC ILD ADJUDICATED,combined,JHU_17.43743078_C_2,1,16.0,0.14598054927274878,0.1
NONFIBROTIC ILD ADJUDICATED,combined,JHU_17.43809843_C_2,1,3.0,0.3950969978182562,0.1
NONFIBROTIC ILD ADJUDICATED,combined,JHU_17.43926986_T_2,1,18.0,0.06422923790527581,0.1
NONFIBROTIC ILD ADJUDICATED,combined,JHU_17.44907250_T_1,2,14.5,0.4203380222001467,0.2
NONFIBROTIC ILD ADJUDICATED,combined,JHU_17.44907250_T_2,1,17.0,0.39746820660651705,0.1
NONFIBROTIC ILD ADJUDICATED,combined,JHU_18.40231832_G_0,1,20.0,0.02485998298502709,0.1
NONFIBROTIC ILD ADJUDICATED,combined,JHU_18.40231832_G_1,1,3.0,0.27010317846649895,0.1
NONFIBROTIC ILD ADJUDICATED,combined,JHU_18.45588245_C_1,1,12.0,0.481656124533657,0.1
NONFIBROTIC ILD ADJUDICATED,combined,JHU_19.15193270_G_0,1,11.0,0.1572445614192225,0.1
NONFIBROTIC ILD ADJUDICATED,combined,JHU_19.15193270_G_1,3,3.3333333333333335,0.701582307286699,0.3
NONFIBROTIC ILD ADJUDICATED,combined,JHU_19.15193270_G_2,2,9.0,0.5334431603795207,0.2
NONFIBROTIC ILD ADJUDICATED,combined,JHU_19.545152_C_1,1,6.0,0.20578255097679282,0.1
NONFIBROTIC ILD ADJUDICATED,combined,JHU_2.11015806_C_1,1,14.0,0.13181334525325522,0.1
NONFIBROTIC ILD ADJUDICATED,combined,JHU_2.11015806_C_2,1,20.0,0.10393147186290233,0.1
NONFIBROTIC ILD ADJUDICATED,combined,JHU_2.113776689_T_1,1,3.0,1.0940661306983865,0.1
NONFIBROTIC ILD ADJUDICATED,combined,JHU_2.113776689_T_2,2,8.5,1.4152947319092188,0.2
NONFIBROTIC ILD ADJUDICATED,combined,JHU_2.113852747_C_1,1,16.0,0.08945150590561725,0.1
NONFIBROTIC ILD ADJUDICATED,combined,JHU_2.130660199_C_1,1,2.0,0.40691502078923997,0.1
NONFIBROTIC ILD ADJUDICATED,combined,JHU_2.175197825_A_1,3,10.333333333333334,0.257256448422354,0.3
NONFIBROTIC ILD ADJUDICATED,combined,JHU_2.175197825_A_2,1,14.0,0.16337921747005577,0.1
NONFIBROTIC ILD ADJUDICATED,combined,JHU_2.230081608_T_1,1,16.0,0.06522553898189246,0.1
NONFIBROTIC ILD ADJUDICATED,combined,JHU_2.32913606_T_2,1,16.0,0.1255014403172462,0.1
NONFIBROTIC ILD ADJUDICATED,combined,JHU_20.10372945_A_1,1,17.0,0.14687180638229,0.1
NONFIBROTIC ILD ADJUDICATED,combined,JHU_20.62284983_G_1,3,8.666666666666666,0.32447388465578647,0.3
NONFIBROTIC ILD ADJUDICATED,combined,JHU_3.10518914_T_0,1,9.0,0.15922131797823771,0.1
NONFIBROTIC ILD ADJUDICATED,combined,JHU_3.137300390_A_2,1,19.0,0.06001034404116262,0.1
NONFIBROTIC ILD ADJUDICATED,combined,JHU_3.44224552_G_1,1,11.0,0.1639084278694094,0.1
NONFIBROTIC ILD ADJUDICATED,combined,JHU_3.5344245_A_1,1,3.0,0.33348926421387387,0.1
NONFIBROTIC ILD ADJUDICATED,combined,JHU_3.70353554_A_1,1,12.0,0.12780645111621036,0.1
NONFIBROTIC ILD ADJUDICATED,combined,JHU_4.187564366_C_2,1,6.0,0.3743034683490229,0.1
NONFIBROTIC ILD ADJUDICATED,combined,JHU_4.31783881_A_1,1,9.0,0.26439697841049126,0.1
NONFIBROTIC ILD ADJUDICATED,combined,JHU_4.71205476_A_2,1,2.0,1.0690613564113007,0.1
NONFIBROTIC ILD ADJUDICATED,combined,JHU_4.88516116_T_2,1,9.0,0.20840389325412098,0.1
NONFIBROTIC ILD ADJUDICATED,combined,JHU_5.111900862_C_1,1,15.0,0.03856598014159159,0.1
NONFIBROTIC ILD ADJUDICATED,combined,JHU_5.1415628_A_2,2,8.5,0.1759670433074127,0.2
NONFIBROTIC ILD ADJUDICATED,combined,JHU_5.1462719_A_1,1,18.0,0.08530938468685868,0.1
NONFIBROTIC ILD ADJUDICATED,combined,JHU_5.1508347_G_2,2,9.5,0.4743108057543634,0.2
NONFIBROTIC ILD ADJUDICATED,combined,JHU_5.159931180_G_2,1,9.0,0.5691603182414333,0.1
NONFIBROTIC ILD ADJUDICATED,combined,JHU_5.169542102_C_0,1,14.0,0.15670197992775842,0.1
NONFIBROTIC ILD ADJUDICATED,combined,JHU_5.169542102_C_2,1,8.0,0.11799288927420501,0.1
NONFIBROTIC ILD ADJUDICATED,combined,JHU_6.100248281_A_1,1,4.0,0.2887604443921059,0.1
NONFIBROTIC ILD ADJUDICATED,combined,JHU_6.158667056_T_1,1,20.0,0.022032091037389564,0.1
NONFIBROTIC ILD ADJUDICATED,combined,JHU_6.158667056_T_2,1,18.0,0.0695877995143626,0.1
NONFIBROTIC ILD ADJUDICATED,combined,JHU_6.35534370_G_2,1,6.0,0.8359446493706554,0.1
NONFIBROTIC ILD ADJUDICATED,combined,JHU_7.13758119_G_1,1,12.0,0.08646453218596008,0.1
NONFIBROTIC ILD ADJUDICATED,combined,JHU_7.143026062_T_2,2,16.5,0.13504217601988228,0.2
NONFIBROTIC ILD ADJUDICATED,combined,JHU_8.116244104_A_1,1,6.0,0.17590716732599385,0.1
NONFIBROTIC ILD ADJUDICATED,combined,JHU_8.126765880_A_2,1,5.0,0.2893361365878814,0.1
NONFIBROTIC ILD ADJUDICATED,combined,JHU_9.116415594_A_2,1,5.0,0.2595426304757395,0.1
NONFIBROTIC ILD ADJUDICATED,combined,predicted_risk,10,1.1,3.527502442731135,1.0
NONFIBROTIC ILD ADJUDICATED,combined,rs10422762_A_1,1,17.0,0.1253350853418522,0.1
NONFIBROTIC ILD ADJUDICATED,combined,rs10484326_T_0,1,14.0,0.21726894573146663,0.1
NONFIBROTIC ILD ADJUDICATED,combined,rs10484326_T_1,1,4.0,0.43842291664014515,0.1
NONFIBROTIC ILD ADJUDICATED,combined,rs10484326_T_2,1,2.0,1.3304973112156009,0.1
NONFIBROTIC ILD ADJUDICATED,combined,rs10748858_T_0,1,20.0,0.11168787866159949,0.1
NONFIBROTIC ILD ADJUDICATED,combined,rs10776482_A_1,1,19.0,0.163232496052734,0.1
NONFIBROTIC ILD ADJUDICATED,combined,rs10783497_A_2,2,13.5,0.19261587586238108,0.2
NONFIBROTIC ILD ADJUDICATED,combined,rs10881263_G_1,1,9.0,0.16246538780584688,0.1
NONFIBROTIC ILD ADJUDICATED,combined,rs10886437_C_2,1,2.0,0.9847142953826644,0.1
NONFIBROTIC ILD ADJUDICATED,combined,rs1123573_A_0,1,9.0,0.09554572685917015,0.1
NONFIBROTIC ILD ADJUDICATED,combined,rs1123573_A_1,3,14.333333333333334,0.41326602509760646,0.3
NONFIBROTIC ILD ADJUDICATED,combined,rs1123573_A_2,1,13.0,0.46617739257959795,0.1
NONFIBROTIC ILD ADJUDICATED,combined,rs11264306_A_1,1,2.0,0.5237463329239993,0.1
NONFIBROTIC ILD ADJUDICATED,combined,rs1422506_G_0,1,18.0,0.1406694211277038,0.1
NONFIBROTIC ILD ADJUDICATED,combined,rs1422506_G_1,1,11.0,0.24408694100244904,0.1
NONFIBROTIC ILD ADJUDICATED,combined,rs1422506_G_2,1,16.0,0.40577776990150344,0.1
NONFIBROTIC ILD ADJUDICATED,combined,rs1479945_C_1,1,5.0,0.9446030785094377,0.1
NONFIBROTIC ILD ADJUDICATED,combined,rs1496725_A_1,1,7.0,0.1589207855334571,0.1
NONFIBROTIC ILD ADJUDICATED,combined,rs17019820_A_1,1,10.0,0.16589192694129704,0.1
NONFIBROTIC ILD ADJUDICATED,combined,rs17616659_G_2,1,13.0,0.08039915760823309,0.1
NONFIBROTIC ILD ADJUDICATED,combined,rs1981997_G_2,1,19.0,0.10993627350016406,0.1
NONFIBROTIC ILD ADJUDICATED,combined,rs2034650_A_0,1,9.0,0.13820447558741633,0.1
NONFIBROTIC ILD ADJUDICATED,combined,rs2034650_A_1,2,14.0,0.15738833728195956,0.2
NONFIBROTIC ILD ADJUDICATED,combined,rs2034650_A_2,1,16.0,0.038332400863259716,0.1
NONFIBROTIC ILD ADJUDICATED,combined,rs2076295_T_0,1,7.0,0.17645296982390513,0.1
NONFIBROTIC ILD ADJUDICATED,combined,rs2076295_T_1,4,10.5,0.33809265686303247,0.4
NONFIBROTIC ILD ADJUDICATED,combined,rs2076295_T_2,1,6.0,0.3285753133155319,0.1
NONFIBROTIC ILD ADJUDICATED,combined,rs2109069_G_2,1,17.0,0.11469790795057165,0.1
NONFIBROTIC ILD ADJUDICATED,combined,rs2228972_G_1,1,20.0,0.13423046666598928,0.1
NONFIBROTIC ILD ADJUDICATED,combined,rs2228972_G_2,1,10.0,0.1681854288420122,0.1
NONFIBROTIC ILD ADJUDICATED,combined,rs2353082_C_1,2,8.5,0.9812287686271339,0.2
NONFIBROTIC ILD ADJUDICATED,combined,rs2361278_T_1,1,3.0,0.40248924972942957,0.1
NONFIBROTIC ILD ADJUDICATED,combined,rs2361278_T_2,1,14.0,0.04513135976982197,0.1
NONFIBROTIC ILD ADJUDICATED,combined,rs2375892_T_1,1,15.0,0.12886150316897751,0.1
NONFIBROTIC ILD ADJUDICATED,combined,rs2577254_T_0,1,4.0,0.38434980212648645,0.1
NONFIBROTIC ILD ADJUDICATED,combined,rs2736100_A_0,2,12.0,0.3063171286756539,0.2
NONFIBROTIC ILD ADJUDICATED,combined,rs302837_A_1,1,7.0,0.2561007552539196,0.1
NONFIBROTIC ILD ADJUDICATED,combined,rs302837_A_2,1,3.0,0.7799235136968657,0.1
NONFIBROTIC ILD ADJUDICATED,combined,rs3131520_C_1,2,14.5,0.2391029958277588,0.2
NONFIBROTIC ILD ADJUDICATED,combined,rs34825924_G_1,1,6.0,0.20970620075783522,0.1
NONFIBROTIC ILD ADJUDICATED,combined,rs34825924_G_2,1,13.0,0.14634070381589637,0.1
NONFIBROTIC ILD ADJUDICATED,combined,rs3750920_C_2,1,3.0,0.3768871656134016,0.1
NONFIBROTIC ILD ADJUDICATED,combined,rs3829223_C_2,2,6.5,0.2358005052952138,0.2
NONFIBROTIC ILD ADJUDICATED,combined,rs41482151_C_2,2,8.0,0.31005057076164155,0.2
NONFIBROTIC ILD ADJUDICATED,combined,rs4672388_T_1,3,12.0,0.1753390302122801,0.3
NONFIBROTIC ILD ADJUDICATED,combined,rs469942_C_2,1,18.0,0.12200174464786838,0.1
NONFIBROTIC ILD ADJUDICATED,combined,rs4960330_T_1,1,11.0,0.18037778672235316,0.1
NONFIBROTIC ILD ADJUDICATED,combined,rs4960330_T_2,1,17.0,0.06481205401462362,0.1
NONFIBROTIC ILD ADJUDICATED,combined,rs56111559_G_2,1,7.0,0.17512102911992233,0.1
NONFIBROTIC ILD ADJUDICATED,combined,rs5743894_T_1,2,7.5,0.40774533784805245,0.2
NONFIBROTIC ILD ADJUDICATED,combined,rs616768_G_1,2,8.5,0.43818828619705624,0.2
NONFIBROTIC ILD ADJUDICATED,combined,rs616768_G_2,1,8.0,0.21173025094821638,0.1
NONFIBROTIC ILD ADJUDICATED,combined,rs61829240_G_1,1,10.0,0.15710960606936342,0.1
NONFIBROTIC ILD ADJUDICATED,combined,rs62112917_C_1,1,18.0,0.12725763504476206,0.1
NONFIBROTIC ILD ADJUDICATED,combined,rs62505367_T_1,1,9.0,0.19720761477826745,0.1
NONFIBROTIC ILD ADJUDICATED,combined,rs6491201_C_1,1,11.0,0.49782687648960416,0.1
NONFIBROTIC ILD ADJUDICATED,combined,rs664034_T_0,1,19.0,0.04136722734906132,0.1
NONFIBROTIC ILD ADJUDICATED,combined,rs664034_T_1,1,8.0,0.29213593942096405,0.1
NONFIBROTIC ILD ADJUDICATED,combined,rs6970647_T_0,1,6.0,0.24094750862089584,0.1
NONFIBROTIC ILD ADJUDICATED,combined,rs699240_T_0,1,12.0,0.191569521263927,0.1
NONFIBROTIC ILD ADJUDICATED,combined,rs708686_C_1,1,19.0,0.025837806800133388,0.1
NONFIBROTIC ILD ADJUDICATED,combined,rs708686_C_2,2,11.0,0.29035072271101575,0.2
NONFIBROTIC ILD ADJUDICATED,combined,rs7547997_G_1,1,13.0,0.1254235801810694,0.1
NONFIBROTIC ILD ADJUDICATED,combined,rs7547997_G_2,1,20.0,0.3623795158858577,0.1
NONFIBROTIC ILD ADJUDICATED,combined,rs7730878_A_1,1,16.0,0.21321521418061792,0.1
NONFIBROTIC ILD ADJUDICATED,combined,rs7934606_C_2,1,9.0,0.17857236149712397,0.1
NONFIBROTIC ILD ADJUDICATED,combined,rs7952154_C_1,1,4.0,0.32775560792585945,0.1
NONFIBROTIC ILD ADJUDICATED,combined,rs893889_G_2,1,11.0,0.19397193892217166,0.1
NONFIBROTIC ILD ADJUDICATED,combined,rs923077_A_2,1,10.0,0.15824319762467584,0.1
NONFIBROTIC ILD ADJUDICATED,combined,rs9577395_C_2,1,13.0,0.13248061235089645,0.1
NONFIBROTIC ILD ADJUDICATED,genomic,11-840034-C-A_C_1,1,9.0,0.15264061435972795,0.1
NONFIBROTIC ILD ADJUDICATED,genomic,16-67856240-A-G_A_2,1,20.0,8.224225853420387,0.1
NONFIBROTIC ILD ADJUDICATED,genomic,JHU_1.14589126_C_2,1,9.0,0.6255269360015586,0.1
NONFIBROTIC ILD ADJUDICATED,genomic,JHU_1.150870628_G_2,2,15.0,0.20811083519452916,0.2
NONFIBROTIC ILD ADJUDICATED,genomic,JHU_1.186924725_C_1,1,11.0,0.3798754207389899,0.1
NONFIBROTIC ILD ADJUDICATED,genomic,JHU_1.19066231_C_1,2,11.5,3.671982412189466,0.2
NONFIBROTIC ILD ADJUDICATED,genomic,JHU_1.19066231_C_2,1,10.0,3.8831310870945392,0.1
NONFIBROTIC ILD ADJUDICATED,genomic,JHU_1.205615946_A_2,1,7.0,25.91543607902321,0.1
NONFIBROTIC ILD ADJUDICATED,genomic,JHU_1.214589424_C_1,1,6.0,0.7161748815146656,0.1
NONFIBROTIC ILD ADJUDICATED,genomic,JHU_1.3296950_C_1,1,1.0,2.532266437398886,0.1
NONFIBROTIC ILD ADJUDICATED,genomic,JHU_10.994752_A_1,1,19.0,9.66111324342918,0.1
NONFIBROTIC ILD ADJUDICATED,genomic,JHU_10.994752_A_2,1,14.0,11.671253372142244,0.1
NONFIBROTIC ILD ADJUDICATED,genomic,JHU_11.1236426_A_1,1,16.0,10.016357351563729,0.1
NONFIBROTIC ILD ADJUDICATED,genomic,JHU_11.1242226_C_2,1,19.0,0.1984943522070913,0.1
NONFIBROTIC ILD ADJUDICATED,genomic,JHU_11.870466_C_1,1,8.0,23.899899286120316,0.1
NONFIBROTIC ILD ADJUDICATED,genomic,JHU_12.13539765_C_1,2,12.0,18.02269489994346,0.2
NONFIBROTIC ILD ADJUDICATED,genomic,JHU_12.13539765_C_2,2,9.0,23.321991372819557,0.2
NONFIBROTIC ILD ADJUDICATED,genomic,JHU_12.97817786_T_2,1,2.0,1.545888675566333,0.1
NONFIBROTIC ILD ADJUDICATED,genomic,JHU_13.23606390_T_1,1,18.0,2.2530150337532486,0.1
NONFIBROTIC ILD ADJUDICATED,genomic,JHU_14.54355546_A_2,1,18.0,9.915296172506647,0.1
NONFIBROTIC ILD ADJUDICATED,genomic,JHU_14.89605816_T_0,1,16.0,0.313997187748513,0.1
NONFIBROTIC ILD ADJUDICATED,genomic,JHU_14.89605816_T_2,1,9.0,0.14541182277828957,0.1
NONFIBROTIC ILD ADJUDICATED,genomic,JHU_15.85827144_A_2,1,16.0,0.1285433455318477,0.1
NONFIBROTIC ILD ADJUDICATED,genomic,JHU_15.94663430_A_0,1,15.0,2.703176719888853,0.1
NONFIBROTIC ILD ADJUDICATED,genomic,JHU_15.94663430_A_1,4,8.5,1.5383522664117883,0.4
NONFIBROTIC ILD ADJUDICATED,genomic,JHU_15.94663430_A_2,2,4.5,9.892510856466075,0.2
NONFIBROTIC ILD ADJUDICATED,genomic,JHU_16.25273230_T_1,1,1.0,58.11538001088952,0.1
NONFIBROTIC ILD ADJUDICATED,genomic,JHU_16.25273230_T_2,1,6.0,4.78668330449056,0.1
NONFIBROTIC ILD ADJUDICATED,genomic,JHU_16.50375840_A_1,2,6.5,0.8826324901690561,0.2
NONFIBROTIC ILD ADJUDICATED,genomic,JHU_16.50375840_A_2,1,12.0,0.4586012542405761,0.1
NONFIBROTIC ILD ADJUDICATED,genomic,JHU_16.68371979_A_1,1,1.0,1.389046414100128,0.1
NONFIBROTIC ILD ADJUDICATED,genomic,JHU_16.68371979_A_2,1,2.0,1.3193938926492708,0.1
NONFIBROTIC ILD ADJUDICATED,genomic,JHU_17.31952151_G_1,1,9.0,0.24320536725520805,0.1
NONFIBROTIC ILD ADJUDICATED,genomic,JHU_17.43743078_C_0,1,17.0,2.311117323824926,0.1
NONFIBROTIC ILD ADJUDICATED,genomic,JHU_17.43783759_C_0,1,11.0,3.721610449080421,0.1
NONFIBROTIC ILD ADJUDICATED,genomic,JHU_17.43809843_C_1,1,7.0,0.690415831312968,0.1
NONFIBROTIC ILD ADJUDICATED,genomic,JHU_17.43809843_C_2,1,3.0,1.211938478895162,0.1
NONFIBROTIC ILD ADJUDICATED,genomic,JHU_17.44057197_C_1,1,12.0,0.16409129323075838,0.1
NONFIBROTIC ILD ADJUDICATED,genomic,JHU_17.76139060_T_2,1,8.0,0.6493772426459841,0.1
NONFIBROTIC ILD ADJUDICATED,genomic,JHU_18.45588245_C_1,1,4.0,0.8533007859797783,0.1
NONFIBROTIC ILD ADJUDICATED,genomic,JHU_19.15193270_G_0,2,7.5,7.362444684925982,0.2
NONFIBROTIC ILD ADJUDICATED,genomic,JHU_19.15193270_G_1,4,8.5,0.7128578190244518,0.4
NONFIBROTIC ILD ADJUDICATED,genomic,JHU_19.15193270_G_2,1,1.0,1.6886506388360911,0.1
NONFIBROTIC ILD ADJUDICATED,genomic,JHU_19.3811082_G_1,1,10.0,0.13805399836898039,0.1
NONFIBROTIC ILD ADJUDICATED,genomic,JHU_2.113852747_C_1,1,20.0,2.16690980263117,0.1
NONFIBROTIC ILD ADJUDICATED,genomic,JHU_2.130660199_C_1,1,13.0,0.22309005044832367,0.1
NONFIBROTIC ILD ADJUDICATED,genomic,JHU_2.130660199_C_2,1,17.0,0.07514617609789906,0.1
NONFIBROTIC ILD ADJUDICATED,genomic,JHU_2.175197825_A_1,4,10.75,0.8142099654562028,0.4
NONFIBROTIC ILD ADJUDICATED,genomic,JHU_2.175197825_A_2,1,16.0,0.07617477704515964,0.1
NONFIBROTIC ILD ADJUDICATED,genomic,JHU_2.230081608_T_1,1,18.0,0.07378501005787458,0.1
NONFIBROTIC ILD ADJUDICATED,genomic,JHU_2.30986644_C_1,1,3.0,1.2019714470397391,0.1
NONFIBROTIC ILD ADJUDICATED,genomic,JHU_2.42337647_C_2,1,16.0,0.13889511021205464,0.1
NONFIBROTIC ILD ADJUDICATED,genomic,JHU_20.10372945_A_1,1,7.0,8.915687488072304,0.1
NONFIBROTIC ILD ADJUDICATED,genomic,JHU_20.10372945_A_2,2,9.0,28.800902996556797,0.2
NONFIBROTIC ILD ADJUDICATED,genomic,JHU_20.62284983_G_1,1,1.0,53.50693188580293,0.1
NONFIBROTIC ILD ADJUDICATED,genomic,JHU_20.62284983_G_2,2,17.0,3.641244463813439,0.2
NONFIBROTIC ILD ADJUDICATED,genomic,JHU_22.34969109_T_0,1,10.0,0.2100033299405978,0.1
NONFIBROTIC ILD ADJUDICATED,genomic,JHU_22.34969109_T_1,1,19.0,0.08983731034263424,0.1
NONFIBROTIC ILD ADJUDICATED,genomic,JHU_22.34969109_T_2,1,6.0,0.4526654858051988,0.1
NONFIBROTIC ILD ADJUDICATED,genomic,JHU_22.44499088_G_1,1,5.0,17.618381165752375,0.1
NONFIBROTIC ILD ADJUDICATED,genomic,JHU_22.49181803_G_1,1,19.0,0.07262839714461203,0.1
NONFIBROTIC ILD ADJUDICATED,genomic,JHU_3.107235709_T_1,1,16.0,0.04605783133721107,0.1
NONFIBROTIC ILD ADJUDICATED,genomic,JHU_3.5344245_A_0,1,5.0,0.7771364651182202,0.1
NONFIBROTIC ILD ADJUDICATED,genomic,JHU_3.5344245_A_1,2,3.0,34.27760032954104,0.2
NONFIBROTIC ILD ADJUDICATED,genomic,JHU_3.5344245_A_2,1,13.0,0.44887192374939844,0.1
NONFIBROTIC ILD ADJUDICATED,genomic,JHU_3.70353554_A_2,1,13.0,0.06445995717025813,0.1
NONFIBROTIC ILD ADJUDICATED,genomic,JHU_4.187564366_C_2,1,1.0,1.5629429474007275,0.1
NONFIBROTIC ILD ADJUDICATED,genomic,JHU_4.3267073_T_2,1,11.0,13.339185945592977,0.1
NONFIBROTIC ILD ADJUDICATED,genomic,JHU_5.111900862_C_1,1,4.0,0.48923231235264475,0.1
NONFIBROTIC ILD ADJUDICATED,genomic,JHU_5.111900862_C_2,2,16.5,0.14162652363137723,0.2
NONFIBROTIC ILD ADJUDICATED,genomic,JHU_5.1415628_A_0,1,20.0,0.1977970378108986,0.1
NONFIBROTIC ILD ADJUDICATED,genomic,JHU_5.1415628_A_2,1,1.0,42.600031019427,0.1
NONFIBROTIC ILD ADJUDICATED,genomic,JHU_5.1508347_G_2,1,2.0,2.9064605338590517,0.1
NONFIBROTIC ILD ADJUDICATED,genomic,JHU_5.169542102_C_2,1,10.0,0.384125291740322,0.1
NONFIBROTIC ILD ADJUDICATED,genomic,JHU_5.79893280_T_1,1,9.0,7.79016922613043,0.1
NONFIBROTIC ILD ADJUDICATED,genomic,JHU_5.79893280_T_2,1,6.0,13.265794170847418,0.1
NONFIBROTIC ILD ADJUDICATED,genomic,JHU_6.100248281_A_1,1,7.0,0.6706976356677565,0.1
NONFIBROTIC ILD ADJUDICATED,genomic,JHU_6.158667056_T_1,1,8.0,8.04376909206477,0.1
NONFIBROTIC ILD ADJUDICATED,genomic,JHU_6.158667056_T_2,2,8.5,34.916119720504554,0.2
NONFIBROTIC ILD ADJUDICATED,genomic,JHU_6.32392980_T_1,2,9.5,0.8536466866977604,0.2
NONFIBROTIC ILD ADJUDICATED,genomic,JHU_6.32392980_T_2,1,8.0,0.15716288030947698,0.1
NONFIBROTIC ILD ADJUDICATED,genomic,JHU_6.88954767_C_1,1,3.0,2.187681115038537,0.1
NONFIBROTIC ILD ADJUDICATED,genomic,JHU_7.13758119_G_0,1,20.0,0.14755886283102138,0.1
NONFIBROTIC ILD ADJUDICATED,genomic,JHU_7.13758119_G_1,1,4.0,2.1537088974965535,0.1
NONFIBROTIC ILD ADJUDICATED,genomic,JHU_7.147218995_C_1,1,18.0,0.16652766206704023,0.1
NONFIBROTIC ILD ADJUDICATED,genomic,JHU_8.126765880_A_1,1,8.0,0.5746676790823003,0.1
NONFIBROTIC ILD ADJUDICATED,genomic,JHU_8.126765880_A_2,1,5.0,0.7874159041836808,0.1
NONFIBROTIC ILD ADJUDICATED,genomic,rs10422762_A_0,1,8.0,0.5121329455311224,0.1
NONFIBROTIC ILD ADJUDICATED,genomic,rs10422762_A_1,1,7.0,0.7759595561632424,0.1
NONFIBROTIC ILD ADJUDICATED,genomic,rs10518693_C_2,1,3.0,22.99082125502692,0.1
NONFIBROTIC ILD ADJUDICATED,genomic,rs10748858_T_0,1,7.0,0.40418988347105467,0.1
NONFIBROTIC ILD ADJUDICATED,genomic,rs10776482_A_1,1,10.0,7.595467680133697,0.1
NONFIBROTIC ILD ADJUDICATED,genomic,rs10776482_A_2,1,18.0,4.437814674005706,0.1
NONFIBROTIC ILD ADJUDICATED,genomic,rs10783497_A_2,1,15.0,0.08723691450255704,0.1
NONFIBROTIC ILD ADJUDICATED,genomic,rs10842996_T_2,1,17.0,0.112623580496278,0.1
NONFIBROTIC ILD ADJUDICATED,genomic,rs11154034_T_1,1,17.0,0.31230427666228006,0.1
NONFIBROTIC ILD ADJUDICATED,genomic,rs11154034_T_2,1,10.0,0.6099547877038302,0.1
NONFIBROTIC ILD ADJUDICATED,genomic,rs11191865_G_2,1,13.0,0.15993964447985135,0.1
NONFIBROTIC ILD ADJUDICATED,genomic,rs1123573_A_0,1,6.0,1.6064822067773694,0.1
NONFIBROTIC ILD ADJUDICATED,genomic,rs1123573_A_1,2,5.5,1.6842093494086292,0.2
NONFIBROTIC ILD ADJUDICATED,genomic,rs1123573_A_2,1,12.0,0.35564006186842106,0.1
NONFIBROTIC ILD ADJUDICATED,genomic,rs11264306_A_2,1,19.0,0.14866380522296602,0.1
NONFIBROTIC ILD ADJUDICATED,genomic,rs1189320_G_2,1,16.0,2.576912014091464,0.1
NONFIBROTIC ILD ADJUDICATED,genomic,rs12610495_A_2,1,2.0,1.3538568712970795,0.1
NONFIBROTIC ILD ADJUDICATED,genomic,rs1278769_G_2,1,18.0,0.1275095219051095,0.1
NONFIBROTIC ILD ADJUDICATED,genomic,rs1422506_G_1,1,15.0,0.24027401294250747,0.1
NONFIBROTIC ILD ADJUDICATED,genomic,rs1496725_A_1,1,8.0,0.40177014804425604,0.1
NONFIBROTIC ILD ADJUDICATED,genomic,rs16837903_G_1,1,8.0,4.0113519857627065,0.1
NONFIBROTIC ILD ADJUDICATED,genomic,rs169889_A_0,2,12.5,4.010609926770211,0.2
NONFIBROTIC ILD ADJUDICATED,genomic,rs17007563_C_2,1,17.0,0.1764871451396989,0.1
NONFIBROTIC ILD ADJUDICATED,genomic,rs1851741_G_2,1,6.0,0.7828038872103803,0.1
NONFIBROTIC ILD ADJUDICATED,genomic,rs2034650_A_0,1,15.0,5.676137045953543,0.1
NONFIBROTIC ILD ADJUDICATED,genomic,rs2034650_A_1,3,11.333333333333334,0.23778278215140858,0.3
NONFIBROTIC ILD ADJUDICATED,genomic,rs2034650_A_2,2,17.0,0.06295200807891473,0.2
NONFIBROTIC ILD ADJUDICATED,genomic,rs2067832_G_2,1,3.0,0.5699682491550055,0.1
NONFIBROTIC ILD ADJUDICATED,genomic,rs2076295_T_1,2,8.0,2.300767016851695,0.2
NONFIBROTIC ILD ADJUDICATED,genomic,rs2109069_G_2,1,19.0,0.26361630283384707,0.1
NONFIBROTIC ILD ADJUDICATED,genomic,rs2228972_G_1,1,15.0,0.06160070675103593,0.1
NONFIBROTIC ILD ADJUDICATED,genomic,rs2228972_G_2,1,14.0,0.1422347947890805,0.1
NONFIBROTIC ILD ADJUDICATED,genomic,rs2353082_C_2,1,12.0,12.265608380401467,0.1
NONFIBROTIC ILD ADJUDICATED,genomic,rs2736100_A_0,1,8.0,0.7184292386366757,0.1
NONFIBROTIC ILD ADJUDICATED,genomic,rs302837_A_2,1,14.0,2.831175593236454,0.1
NONFIBROTIC ILD ADJUDICATED,genomic,rs3131520_C_1,2,12.0,0.22014345212610784,0.2
NONFIBROTIC ILD ADJUDICATED,genomic,rs34425120_G_1,1,5.0,9.8326861765509,0.1
NONFIBROTIC ILD ADJUDICATED,genomic,rs35705950.1_G_1,1,13.0,12.028215599705632,0.1
NONFIBROTIC ILD ADJUDICATED,genomic,rs3778337_G_1,2,10.0,0.17659931189901,0.2
NONFIBROTIC ILD ADJUDICATED,genomic,rs3778337_G_2,1,13.0,3.5721165577617975,0.1
NONFIBROTIC ILD ADJUDICATED,genomic,rs4077759_T_2,1,10.0,0.30237522096185887,0.1
NONFIBROTIC ILD ADJUDICATED,genomic,rs41482151_C_0,1,6.0,0.38319647554835023,0.1
NONFIBROTIC ILD ADJUDICATED,genomic,rs41482151_C_1,2,10.5,2.2252616431757004,0.2
NONFIBROTIC ILD ADJUDICATED,genomic,rs41482151_C_2,1,2.0,43.06777453501936,0.1
NONFIBROTIC ILD ADJUDICATED,genomic,rs415430_T_2,2,6.5,39.87952184640678,0.2
NONFIBROTIC ILD ADJUDICATED,genomic,rs4672388_T_1,2,8.0,0.9040033827586159,0.2
NONFIBROTIC ILD ADJUDICATED,genomic,rs4672388_T_2,1,10.0,0.6932840722228573,0.1
NONFIBROTIC ILD ADJUDICATED,genomic,rs469942_C_1,1,20.0,0.03988295418440385,0.1
NONFIBROTIC ILD ADJUDICATED,genomic,rs4918072_G_1,1,2.0,25.252501991520546,0.1
NONFIBROTIC ILD ADJUDICATED,genomic,rs4960330_T_1,1,10.0,0.119747233702817,0.1
NONFIBROTIC ILD ADJUDICATED,genomic,rs56111559_G_0,1,18.0,0.20509834912688268,0.1
NONFIBROTIC ILD ADJUDICATED,genomic,rs56111559_G_1,2,8.0,2.2228693440832017,0.2
NONFIBROTIC ILD ADJUDICATED,genomic,rs56111559_G_2,2,4.0,3.446428587447681,0.2
NONFIBROTIC ILD ADJUDICATED,genomic,rs5743894_T_1,2,10.0,4.690994869317211,0.2
NONFIBROTIC ILD ADJUDICATED,genomic,rs5743894_T_2,2,10.5,15.502509856397213,0.2
NONFIBROTIC ILD ADJUDICATED,genomic,rs616768_G_1,3,14.333333333333334,0.3479402032866758,0.3
NONFIBROTIC ILD ADJUDICATED,genomic,rs616768_G_2,1,15.0,10.824967085505614,0.1
NONFIBROTIC ILD ADJUDICATED,genomic,rs61829240_G_2,1,17.0,10.00688765235178,0.1
NONFIBROTIC ILD ADJUDICATED,genomic,rs62505367_T_1,1,17.0,0.04537512561756934,0.1
NONFIBROTIC ILD ADJUDICATED,genomic,rs6491201_C_2,1,17.0,0.13273597889104674,0.1
NONFIBROTIC ILD ADJUDICATED,genomic,rs6532150_G_1,1,14.0,0.3384574937100042,0.1
NONFIBROTIC ILD ADJUDICATED,genomic,rs66884960_C_1,1,20.0,0.08351846856226838,0.1
NONFIBROTIC ILD ADJUDICATED,genomic,rs66884960_C_2,1,4.0,0.9348106656181866,0.1
NONFIBROTIC ILD ADJUDICATED,genomic,rs68170294_G_2,1,19.0,3.691009584089614,0.1
NONFIBROTIC ILD ADJUDICATED,genomic,rs6970647_T_0,1,6.0,28.437291952808792,0.1
NONFIBROTIC ILD ADJUDICATED,genomic,rs699240_T_0,1,10.0,13.890832430331333,0.1
NONFIBROTIC ILD ADJUDICATED,genomic,rs7041597_T_1,1,5.0,0.8272739694468028,0.1
NONFIBROTIC ILD ADJUDICATED,genomic,rs708686_C_1,1,16.0,0.24136713073352695,0.1
NONFIBROTIC ILD ADJUDICATED,genomic,rs708686_C_2,1,13.0,0.29779675405435135,0.1
NONFIBROTIC ILD ADJUDICATED,genomic,rs7122936_A_1,1,15.0,0.3179715571569798,0.1
NONFIBROTIC ILD ADJUDICATED,genomic,rs7547997_G_1,1,15.0,0.138726640591736,0.1
NONFIBROTIC ILD ADJUDICATED,genomic,rs79242376_G_1,1,16.0,5.254881914549697,0.1
NONFIBROTIC ILD ADJUDICATED,genomic,rs918174_T_0,1,7.0,4.438199444859801,0.1
NONFIBROTIC ILD ADJUDICATED,genomic,rs923077_A_2,1,12.0,0.5481369695436346,0.1
