arb_person_id,FILD or FILA ADJUDICATED,NONFIBROTIC ILD ADJUDICATED,NON FIBROTIC ILA ADJUDICATED
73251160,N,N,N
100093817,N,N,N
208600114,Y,N,N
213204167,Y,N,N
218549184,N,N,N
242255503,N,N,Y
255718175,Y,N,Y
303971261,N,N,N
311707129,N,N,N
326801602,N,N,N
335314610,N,N,Y
404462616,N,Y,N
889383682,Y,N,N
909779889,Y,N,N
966713298,N,N,N
969653897,n,N,n
1076597516,Y,N,N
1196828095,Y,N,N
1546050074,Y,N,N
1592463994,Y,N,N
1601480238,Y,N,N
1670017126,Y,N,Y
1785790941,Y,N,N
1786739271,N,Y,N
1959657737,N,N,N
2186715654,Y,N,N
2214765688,Y,N,N
2253573585,Y,N,N
2372006342,Y,N,N
2422268493,Y,N,N
2539166996,N,N,Y
2546098592,Y,N,Y
2568792627,N,N,Y
2603438982,N,N,N
2619641993,Y,N,N
2824071768,N,N,N
2859418389,N,N,N
2896602885,N,N,N
2936064536,N,N,Y
3574764333,N,N,N
3584246990,Y,N,N
3594089469,Y,N,N
3619393350,y,N,n
3644055105,n,N,na
3646463399,N,N,N
3673747275,N,Y,N
3717436360,N,Y,N
3739771218,N,N,N
3751705450,Y,N,N
3790749138,Y,N,N
3816746179,N,N,N
3854132226,N,N,N
3890487256,N,N,N
3909171559,N,N,N
3939332079,y,N,n
4118138849,N,N,N
4139532482,n,N,y
4157462256,N,N,Y
4358790577,Y,N,Y
4371471588,N,N,N
4395787086,N,Y,N
4410689050,Y,N,N
4470844069,N,N,N
4473122516,N,N,N
4547649777,N,N,N
4561987136,N,N,N
4566610569,N,N,N
4588856924,N,N,N
4592147656,N,Y,N
4593919639,N,N,N
4597357013,Y,N,N
4601950730,y,N,n
4605219498,N,N,Y
4606652329,N,N,N
4681203492,Y,N,N
4781731024,Y,N,N
4813607325,N,N,N
5191505313,N,N,N
5195635847,N,Y,N
5197726954,N,Y,N
5211621155,Y,N,N
5214709043,N,N,N
5216319525,N,N,Y
5220701999,N,N,N
5221625135,N,N,N
5221795034,N,N,N
5221860926,N,N,N
5223242077,Y,N,N
5223932007,y,N,n
5230853268,N,N,N
5236213789,N,N,n
5241958034,n,N,n
5250848954,y,N,n
5259436898,Y,N,N
5326955689,n,N,y
5337751021,Y,N,N
5344682617,Y,N,N
5357791927,y,N,N
5358282242,y,N,n
5363003221,Y,N,Y
5367240345,Y,N,Y
5375764336,N,N,N
5399127628,N,N,Y
5407563116,n,N,n
5408239480,N,N,Y
5440859328,Y,N,N
5460358239,N,N,Y
5465108289,N,N,Y
5472410044,N,N,N
5473001136,NA,N,NA
5474881646,N,N,N
5475435270,N,N,N
5483496723,N,N,N
5484847512,n,N,y
5485642740,N,N,Y
5485666642,N,N,N
5489034894,N,N,N
5502596405,N,N,N
5504586736,N,N,N
5529563094,Y,N,N
5532472039,N,N,N
5538623265,Y,N,Y
5551501952,Y,N,Y
5557719071,Y,N,N
5562839280,N,N,N
5573626860,Y,N,N
5575267704,Y,N,N
5576991882,N,N,N
5580232225,N,N,N
5584121801,N,N,N
5584628266,Y,N,N
5585115351,Y,N,N
5586281384,N,N,N
5592080540,N,N,N
5593144504,N,N,Y
5598034090,NA,N,NA
5604822921,N,N,Y
5714782721,N,N,Y
5714970061,N,N,N
5723456584,Y,N,N
5736264856,N,N,Y
5737646008,Y,N,N
5739858563,NA,N,NA
5741408321,Y,N,N
5741746180,Y,N,N
5743021387,N,N,N
5746319225,Y,N,N
5771594035,Y,N,N
5775890592,NA,N,NA
5775925476,Y,N,N
5782272441,Y,N,N
5786236953,Y,N,N
5788379094,Y,N,N
5788913983,N,N,N
5795016114,N,N,N
5833530080,N,N,N
5846261479,Y,N,N
5855680182,N,N,N
5859777769,N,N,N
5872465240,N,N,N
5883097779,N,N,N
5888810371,N,N,N
5898261374,N,N,N
5898355044,N,N,N
5899734257,Y,N,N
5902308574,N,N,N
5902644494,N,N,N
5907129037,Y,N,N
5908311866,Y,N,N
5929444515,N,N,N
5934440045,Y,N,N
5941224999,Y,N,N
5950851068,Y,N,N
5973081274,Y,N,Y
5973443035,Y,N,N
5976905603,Y,N,N
5977649151,Y,N,N
5981411464,N,N,N
5981458622,N,N,N
5983057476,Y,N,N
5997609953,N,N,N
5997859309,y,N,y
6007568067,Y,N,N
6012348478,N,Y,N
6017670885,N,N,N
6017717397,N,N,N
6018401513,N,N,N
6018507457,N,Y,N
6018827874,N,N,N
6023291098,Y,N,N
6028333787,N,N,N
6037426258,N,N,Y
6038118126,n,N,n
6042386258,Y,N,N
6042397886,Y,N,N
6042766753,Y,N,N
6042813911,NA,N,N
6052428998,Y,N,N
6054312739,Y,N,N
6060792135,N,N,N
6064834166,Y,N,N
6066172681,N,N,N
6080205127,N,N,N
6095427508,N,N,N
6128801240,N,N,N
6160336452,N,N,Y
6173213201,N,N,N
6173346923,N,N,N
6186717863,Y,N,Y
6194494430,Y,N,N
6195603615,N,N,N
6197529991,NA,N,NA
6198407261,N,N,N
6213205219,n,N,n
6221583859,y,N,y
6221666547,Y,N,N
6222512809,Y,N,N
6223500546,Y,N,Y
6224141379,N,N,N
6232249345,NA,N,NA
6240307568,N,N,N
6249052491,N,N,Y
6249331564,N,N,N
6250860003,Y,N,N
6251425901,N,N,N
6256960196,Y,N,N
6259061639,Y,N,N
6260075862,Y,N,N
6261494481,Y,N,N
6268080467,N,Y,N
6269305932,N,N,N
6275987526,N,N,N
6283109047,N,N,N
6292642738,Y,N,N
6292945713,Y,N,N
6307068599,Y,N,N
6312988557,N,N,Y
6315631995,y,N,y
6320760601,Y,N,N
6322127541,N,N,N
6334509453,N,N,N
6336891906,y,N,n
6350079382,N,N,N
6352819721,Y,N,N
6360151192,N,Y,N
6360633109,N,N,N
6363682883,N,N,N
6367574396,N,N,N
6369034359,Y,N,N
6369487853,N,N,N
6373582856,Y,N,N
6384438267,Y,N,N
6390530061,N,N,N
6392944815,N,N,N
6393548826,Y,N,N
6397810499,N,N,N
6398036599,Y,N,N
6403589629,N,N,N
6410257011,N,N,Y
6413382366,N,N,Y
6413403038,N,N,N
6413831337,Y,N,N
6417977375,N,N,Y
6425026544,Y,N,N
6433491102,N,N,Y
6438098385,N,N,N
6438277328,n,N,n
6438991160,N,N,N
6439460803,Y,N,N
6449238682,Y,N,N
6454313024,Y,N,N
6454548815,N,N,Y
6454590159,Y,N,N
6458834389,N,N,N
6458986200,N,N,N
6459716827,N,N,N
6459746544,Y,N,N
6463933280,Y,N,N
6465394535,N,N,N
6465943636,N,N,N
6466823491,N,N,N
6472465668,n,N,y
6477904355,N,N,N
6480585908,N,N,N
6482248070,N,N,N
6484558171,N,N,N
6485126653,N,N,N
6486171883,Y,N,N
6489357317,N,N,N
6489406413,Y,N,N
6490611852,Y,N,N
6490624772,N,N,Y
6491379302,N,N,N
6493316014,Y,N,N
6494200390,N,Y,N
6496874191,N,N,N
6497481432,Y,N,N
6500128101,N,N,N
6500443349,N,N,N
6500489861,N,N,N
6501423334,N,N,N
6502029283,N,N,N
6505252185,N,N,N
6505504772,N,N,Y
6509621739,Y,N,Y
6510778082,Y,N,N
6512464146,Y,N,N
6513514545,Y,N,N
6515645704,Y,N,N
6523109606,Y,N,N
6526567006,N,N,N
6531570934,N,N,N
6531614216,n,N,y
6531833211,N,N,Y
6534807402,N,N,N
6540600098,N,N,N
6541306178,N,N,N
6546834013,N,N,N
6551121525,N,N,N
6551981999,N,N,N
6554451017,Y,N,N
6559347709,N,N,N
6559911022,Y,N,N
6564500863,N,N,N
6564845182,N,N,Y
6569998983,Y,N,Y
6570610100,Y,N,N
6571427292,Y,N,N
6574748386,N,N,N
6575219321,Y,N,Y
6576136643,N,N,N
6576940915,N,N,N
6579365359,Y,N,N
6580599868,N,Y,N
6584085046,N,N,N
6584119930,N,N,N
6584586344,Y,N,N
6588417133,N,N,N
6588591553,Y,N,N
6588612225,N,N,N
6589313137,Y,N,N
6593059300,N,Y,N
6594353241,Y,N,N
6595150407,Y,N,N
6595651058,N,N,N
6599572288,N,N,N
6599874616,N,Y,N
6600047745,Y,N,Y
6603124650,Y,N,N
6603353335,Y,N,N
6605224801,N,N,N
6608713210,Y,N,N
6609868260,N,N,N
6616463290,Y,N,N
6620706228,Y,N,N
6620724962,N,N,N
6621142279,N,N,N
6624079649,N,N,N
6624836762,N,N,N
6625405890,N,N,N
6631469906,Y,N,N
6634460893,N,N,N
6634999659,Y,N,N
6635614652,N,N,N
6635747083,N,N,N
6637104978,N,Y,N
6638979674,Y,N,Y
6641490682,Y,N,N
6643114730,N,N,N
6644537872,N,N,N
6645015267,N,Y,N
6645904811,N,N,N
6645989437,N,N,N
6646383498,N,N,Y
6646439700,N,N,N
6651245306,y,N,n
6651253704,N,N,N
6653335767,Y,N,N
6654392625,N,N,N
6654610328,n,N,Y
6657882326,N,N,N
6658611016,N,N,N
6659043837,Y,N,N
6660471500,NA,N,NA
6661709239,N,Y,N
6662109760,Y,N,Y
6663149822,N,N,N
6669033605,N,N,N
6669267457,N,N,N
6669346269,Y,N,N
6670192531,Y,N,N
6673937402,N,N,N
6674353427,N,N,N
6678602180,n,N,n
6679989791,Y,N,N
6681678439,N,N,N
6687124878,Y,N,N
6688641044,N,N,N
6689004097,Y,N,N
6689232135,Y,N,N
6689723096,Y,N,N
6690394938,Y,N,Y
6690854245,N,N,N
6694395626,N,N,N
6694453766,Y,N,N
6694652734,N,N,N
6695045503,N,N,N
6695129483,N,N,N
6695577162,N,Y,N
6698840116,N,N,N
6698874354,Y,N,N
6699154073,Y,N,N
6699353687,N,N,N
6699431208,N,N,N
6702517803,Y,N,Y
6702986800,Y,N,N
6705142507,N,N,N
6706276240,Y,N,N
6706456475,Y,N,N
6708035948,N,N,N
6708069540,Y,N,N
6708919032,Y,N,N
6709847337,y,N,n
6710011421,Y,N,N
6710738173,Y,N,N
6711085722,N,N,N
6711268540,y,N,n
6711550843,Y,N,N
6713013390,N,N,N
6713854484,Y,N,N
6713949447,N,N,Y
6714348676,N,N,N
6714938475,N,N,N
6714982403,N,N,Y
6715275688,N,N,N
6715965617,Y,N,N
6716364846,Y,N,N
6716424925,Y,N,N
6718315125,Y,N,N
6719158157,N,N,N
6719209837,N,N,N
6719890723,N,N,N
6723122023,N,N,N
6723203419,Y,N,N
6723386237,N,N,Y
6723492181,y,N,N
6723572932,Y,N,N
6723853296,n,N,n
6724249941,Y,N,N
6724252525,N,N,N
6725140777,N,N,N
6725183414,Y,N,N
6727346227,Y,N,N
6727619485,Y,N,N
6728011608,N,Y,N
6728047138,N,N,N
6728531640,N,N,N
6730026487,Y,N,N
6731160220,N,N,N
6733907019,N,N,N
6734293327,Y,N,N
6734614390,N,N,NA
6738164169,N,N,Y
6739310176,Y,N,N
6742708790,N,N,N
6742744966,Y,N,N
6743097683,Y,N,N
6744693306,Y,N,N
6745597709,Y,N,N
6745626779,Y,N,N
6745710759,y,N,n
6745857401,N,N,N
6746084148,N,N,N
6746239188,Y,N,N
6746367742,Y,N,Y
6746467227,Y,N,N
6746511155,N,N,N
6746597719,Y,N,N
6747068654,N,N,N
6747290233,Y,N,N
6750470498,N,N,N
6750779287,N,N,N
6752044804,N,N,N
6755360730,N,Y,N
6756438261,N,N,N
6756720563,N,Y,N
6757276125,N,N,Y
6757277417,N,N,N
6760663111,Y,N,N
6761854984,N,N,N
6764118573,Y,N,N
6764520386,N,N,N
6764896359,Y,N,N
6765679959,NA,N,na
6769689691,N,N,N
6770974588,N,N,Y
6772439719,N,N,N
6773401615,N,N,N
6775990144,N,N,N
6776202678,y,N,n
6776410691,N,N,N
6777227883,Y,N,N
6777520521,Y,N,N
6777889388,y,N,n
6779341600,N,N,N
6779925585,N,N,N
6780239542,Y,N,N
6780324168,N,N,N
6780384246,Y,N,N
6780608409,Y,N,N
6783663996,n,N,n
6784099401,Y,N,N
6784277698,Y,N,Y
6784733129,Y,N,N
6784948247,N,N,N
6785932754,Y,N,N
6786063246,N,N,N
6786633665,Y,N,N
6787339745,N,N,y
6789494806,Y,N,N
6790295202,Y,N,N
6790775181,N,N,Y
6790959292,Y,N,N
6791240948,Y,N,N
6792017442,N,N,N
6792302329,Y,N,N
6792446387,Y,N,N
6793179599,N,N,N
6793225465,N,N,N
6795850169,Y,N,N
6795865673,N,N,N
6796613743,Y,N,N
6797847606,Y,N,N
6797859880,Y,N,N
6798219703,n,N,n
6798852785,N,N,N
6800111842,N,N,N
6801547903,Y,N,N
6801606689,y,N,n
6805099620,N,N,N
6805462027,N,Y,N
6805755311,Y,N,N
6806869664,N,N,N
6807462693,N,N,N
6810234686,N,N,N
6810631977,N,N,N
6810815441,Y,N,N
6811927210,N,N,Y
6812029924,N,N,N
6812522824,N,N,N
6814909799,N,N,N
6816080354,N,Y,N
6817042896,N,N,N
6817205689,Y,N,N
6817367835,Y,N,N
6817565512,NA,N,NA
6817995749,N,N,Y
6818053889,N,Y,N
6818240583,N,N,N
6818343943,NA,N,NA
6818516426,N,N,N
6818564230,N,Y,N
6818686324,Y,N,N
6819365918,N,N,N
6819374316,Y,N,N
6821415035,N,N,N
6822320083,N,N,N
6822977067,n,N,n
6823017765,N,N,N
6823232237,Y,N,N
6823307173,N,N,N
6823772295,N,N,N
6824136639,N,N,N
6824518426,y,N,n
6825519729,Y,N,Y
6825558489,Y,N,N
6827005532,Y,N,Y
6827298817,N,N,Y
6827883448,Y,N,N
6828435134,Y,N,N
6828703870,Y,N,N
6829270414,Y,N,N
6831387361,N,N,N
6831940338,N,N,N
6831976514,Y,N,N
6832690346,N,N,N
6832935827,N,N,Y
6833235571,Y,N,N
6833638676,Y,N,N
6833843459,Y,N,N
6833901599,Y,N,N
6833955217,N,N,N
6836248523,Y,N,N
6836437155,Y,N,N
6836518551,Y,N,N
6836669716,Y,N,N
6837803448,N,N,N
6837835102,Y,N,Y
6838198155,N,N,N
6839375816,N,N,N
6841766022,N,N,N
6842141349,N,N,N
6844701453,Y,N,Y
6844903651,Y,N,Y
6846258963,Y,N,N
6846635582,Y,N,Y
6846754446,N,N,N
6846852638,Y,N,N
6846894628,N,N,N
6846921114,Y,N,N
6847341015,N,N,N
6847418535,Y,N,Y
6847735722,N,N,N
6847878488,Y,N,N
6848713122,Y,N,N
6849023203,Y,N,N
6849460546,N,N,N
6850828132,N,N,N
6851629820,Y,N,N
6851782922,N,Y,N
6851802302,N,Y,N
6851981244,N,N,N
6852642104,N,N,N
6852711226,N,N,N
6852737066,Y,N,N
6852890815,N,N,N
9378499777,N,N,N
9421920772,N,N,N
9422114572,N,N,N
9456041282,Y,N,Y
9506015316,N,N,N
9510778285,N,N,N
9569258222,N,N,N
9591169303,N,N,N
9657312756,Y,N,N
9722453614,Y,N,N
9755936521,Y,N,N
9769945710,N,N,N
9770215093,N,N,N
9774746794,Y,N,N
9788006622,N,N,N
9821495988,N,N,N
9907656445,N,N,N
9925674075,N,N,N
9931345322,Y,N,N
10012756376,N,Y,N
10021825592,N,N,N
10093526596,Y,N,N
10125716853,Y,N,N
10181069496,N,N,N
10256041853,Y,N,N
10265868182,N,N,N
10281331521,Y,N,N
10311645144,Y,N,N
10322765415,N,N,N
10327131094,N,N,N
10369102460,Y,N,N
10448675640,N,N,N
11009293229,Y,N,N
11035949191,Y,N,N
11052528821,Y,N,N
11062061866,N,N,N
11085893509,N,N,N
11086114442,N,N,N
11096267002,N,N,N
11105565549,Y,N,N
11109397630,N,N,N
11117481693,N,N,N
11137053602,N,N,N
11137131123,N,N,N
11190815790,Y,N,N
11206835982,N,N,N
11206857300,N,N,N
11232750980,Y,N,N
11258012871,n,N,n
11286975705,y,N,N
11314804806,N,N,N
11338758543,N,N,N
11343455621,Y,N,N
11343688181,N,Y,N
11391646044,N,N,N
11400578308,Y,N,N
11470148799,N,N,N
11481466100,N,N,N
11504907559,N,N,N
11509228017,N,N,N
11540349788,Y,N,N
11540606250,Y,N,N
11547931262,N,N,N
11610795611,N,N,N
11615758195,n,N,y
11650839309,Y,N,N
11700803007,N,N,N
11806837702,N,N,N
11848896925,N,N,N
11852626938,N,N,N
11860997181,N,N,N
11891640264,N,N,N
11926986885,N,N,N
12024526014,N,N,N
12062744111,N,N,N
12189952153,N,N,N
12190019337,N,N,N
12210723687,Y,N,N
12215621025,Y,N,N
12225125000,N,N,N
12276227599,N,N,N
12485975905,N,N,N
12526899457,y,N,N
12560786761,N,N,N
12565820405,N,N,N
12674509520,Y,N,N
12759664799,Y,N,N
12844198624,Y,N,N
12848827871,Y,N,N
12891086709,N,N,N
12902016409,Y,N,N
12967403394,N,Y,N
13435870154,N,N,N
13549925604,N,N,N
13593006802,Y,N,N
13627257804,Y,N,N
13666924883,Y,N,N
13702098376,N,N,N
13760852217,N,N,N
13760925861,Y,N,N
13824041505,N,N,N
13829363266,Y,N,N
13855661343,Y,N,Y
13855691705,Y,N,N
13883509178,Y,N,N
13911074710,N,N,N
14024291650,N,N,N
17970899247,N,N,N
18055314854,N,N,N
19972451724,Y,N,N
19989384071,Y,N,N
20124790518,Y,N,N
20130107111,N,N,N
20149649950,N,N,N
20150690658,N,N,N
20150747507,Y,N,N
20227426599,n,N,n
21179209111,N,N,N
21454898025,N,N,N
21470271570,N,N,N
21484752987,N,N,N
21591693376,Y,N,N
21608488771,N,N,N
21875716357,N,N,N
21883859206,Y,N,N
21884763609,N,N,N
21891167422,N,N,N
21893075711,N,N,Y
21904562910,Y,N,Y
21909606244,N,N,N
21919876377,Y,N,N
21920183228,Y,N,N
21921646421,Y,N,N
21933810631,Y,N,N
21938771276,N,N,N
21939001899,N,N,N
21941620143,N,Y,N
21943969005,N,N,N
21960741143,Y,N,N
21979013297,N,N,N
21987687806,N,N,N
21991473375,Y,N,Y
21996465675,N,N,N
22003510322,N,N,N
22009073041,N,N,N
22016325055,N,N,N
22029449868,Y,N,N
22029646253,Y,N,N
22031789040,N,N,N
22034371108,Y,N,Y
22034511291,N,Y,N
22047810525,N,N,N
22048632885,Y,N,N
22048879011,n,N,n
22049535349,Y,N,N
22061056140,N,N,N
22063983819,N,N,N
22067109821,Y,N,N
22082470446,Y,N,N
22118109060,N,N,Y
22127313936,N,N,N
22136607960,N,N,N
22136947111,Y,N,N
22138493639,Y,N,N
22141077645,n,N,n
22148582245,N,N,N
22158415034,Y,N,N
22178760853,Y,N,N
22181712434,N,N,N
22359612218,N,N,N
22376520017,N,N,N
22376950900,NA,N,NA
22411617281,Y,N,N
22419713619,Y,N,N
22456985324,N,N,N
22459330956,N,N,N
22462534477,N,N,N
22479705199,Y,N,N
22480026262,y,N,n
22503742917,Y,N,N
22511122838,N,N,N
22555408829,Y,N,N
22588619123,N,N,N
22594121118,N,N,N
22596521014,N,N,N
22596626958,N,N,N
22609552803,n,Y,N
22613554782,Y,N,N
22627939299,N,N,N
22629340476,Y,N,N
22644116470,N,N,N
22646247629,Y,N,N
22663205170,Y,N,N
22663412536,y,N,n
22974681279,N,N,N
22976251708,N,N,N
25711630941,Y,N,N
26320039080,y,N,y
26441253519,N,N,N
26505219947,Y,N,Y
26635709031,N,N,N
34490671242,N,N,N
34594652297,Y,N,N
34674131160,Y,N,N
34757243136,N,N,N
34939699815,N,Y,N
34987452250,Y,N,N
35036339063,Y,N,Y
