repeat,split_seed,region,percentile_low,percentile_high,MUC5B_carrier,N,cases,controls,smoothed_case_probability
1,1009153421,P00_P50,0.0,50.0,0,2077,11,2066,0.005534167468719923
1,1009153421,P00_P50,0.0,50.0,1,475,1,474,0.0031512605042016808
1,1009153421,P65_P75,65.0,75.0,0,407,4,403,0.011029411764705883
1,1009153421,P65_P75,65.0,75.0,1,104,4,100,0.04285714285714286
1,1009153421,P85_P95,85.0,95.0,0,408,7,401,0.018337408312958436
1,1009153421,P85_P95,85.0,95.0,1,102,8,94,0.0825242718446602
2,1594237686,P00_P50,0.0,50.0,0,2019,7,2012,0.0037128712871287127
2,1594237686,P00_P50,0.0,50.0,1,533,6,527,0.012172284644194757
2,1594237686,P65_P75,65.0,75.0,0,409,4,405,0.01097560975609756
2,1594237686,P65_P75,65.0,75.0,1,102,2,100,0.024271844660194174
2,1594237686,P85_P95,85.0,95.0,0,415,9,406,0.02283653846153846
2,1594237686,P85_P95,85.0,95.0,1,95,8,87,0.08854166666666667
3,150842761,P00_P50,0.0,50.0,0,2064,4,2060,0.0021791767554479417
3,150842761,P00_P50,0.0,50.0,1,488,6,482,0.013292433537832311
3,150842761,P65_P75,65.0,75.0,0,404,5,399,0.013580246913580247
3,150842761,P65_P75,65.0,75.0,1,107,3,104,0.032407407407407406
3,150842761,P85_P95,85.0,95.0,0,415,6,409,0.015625
3,150842761,P85_P95,85.0,95.0,1,95,4,91,0.046875
4,1975213388,P00_P50,0.0,50.0,0,2087,9,2078,0.004549808429118774
4,1975213388,P00_P50,0.0,50.0,1,465,4,461,0.009656652360515022
4,1975213388,P65_P75,65.0,75.0,0,405,3,402,0.008620689655172414
4,1975213388,P65_P75,65.0,75.0,1,106,5,101,0.0514018691588785
4,1975213388,P85_P95,85.0,95.0,0,413,9,404,0.022946859903381644
4,1975213388,P85_P95,85.0,95.0,1,97,7,90,0.07653061224489796
5,919050406,P00_P50,0.0,50.0,0,2062,8,2054,0.004120213281628696
5,919050406,P00_P50,0.0,50.0,1,490,6,484,0.013238289205702648
5,919050406,P65_P75,65.0,75.0,0,404,5,399,0.013580246913580247
5,919050406,P65_P75,65.0,75.0,1,107,3,104,0.032407407407407406
5,919050406,P85_P95,85.0,95.0,0,403,10,393,0.02599009900990099
5,919050406,P85_P95,85.0,95.0,1,107,7,100,0.06944444444444445
6,989749373,P00_P50,0.0,50.0,0,2062,8,2054,0.004120213281628696
6,989749373,P00_P50,0.0,50.0,1,490,6,484,0.013238289205702648
6,989749373,P65_P75,65.0,75.0,0,416,3,413,0.008393285371702638
6,989749373,P65_P75,65.0,75.0,1,95,4,91,0.046875
6,989749373,P85_P95,85.0,95.0,0,397,9,388,0.02386934673366834
6,989749373,P85_P95,85.0,95.0,1,113,10,103,0.09210526315789473
7,853513682,P00_P50,0.0,50.0,0,2039,8,2031,0.004166666666666667
7,853513682,P00_P50,0.0,50.0,1,513,5,508,0.010700389105058366
7,853513682,P65_P75,65.0,75.0,0,413,2,411,0.006038647342995169
7,853513682,P65_P75,65.0,75.0,1,98,4,94,0.045454545454545456
7,853513682,P85_P95,85.0,95.0,0,411,11,400,0.027912621359223302
7,853513682,P85_P95,85.0,95.0,1,99,10,89,0.105
8,531655453,P00_P50,0.0,50.0,0,2079,9,2070,0.0045673076923076926
8,531655453,P00_P50,0.0,50.0,1,473,6,467,0.013713080168776372
8,531655453,P65_P75,65.0,75.0,0,406,4,402,0.011056511056511056
8,531655453,P65_P75,65.0,75.0,1,105,5,100,0.05188679245283019
8,531655453,P85_P95,85.0,95.0,0,411,11,400,0.027912621359223302
8,531655453,P85_P95,85.0,95.0,1,99,4,95,0.045
9,2003067951,P00_P50,0.0,50.0,0,2046,10,2036,0.005129457743038593
9,2003067951,P00_P50,0.0,50.0,1,506,4,502,0.008875739644970414
9,2003067951,P65_P75,65.0,75.0,0,407,4,403,0.011029411764705883
9,2003067951,P65_P75,65.0,75.0,1,104,5,99,0.05238095238095238
9,2003067951,P85_P95,85.0,95.0,0,419,10,409,0.025
9,2003067951,P85_P95,85.0,95.0,1,91,10,81,0.11413043478260869
10,2100740383,P00_P50,0.0,50.0,0,2056,9,2047,0.004618376276130287
10,2100740383,P00_P50,0.0,50.0,1,496,8,488,0.01710261569416499
10,2100740383,P65_P75,65.0,75.0,0,413,2,411,0.006038647342995169
10,2100740383,P65_P75,65.0,75.0,1,98,0,98,0.005050505050505051
10,2100740383,P85_P95,85.0,95.0,0,415,9,406,0.02283653846153846
10,2100740383,P85_P95,85.0,95.0,1,95,6,89,0.06770833333333333
11,1452293443,P00_P50,0.0,50.0,0,2082,9,2073,0.004560729716754681
11,1452293443,P00_P50,0.0,50.0,1,470,5,465,0.01167728237791932
11,1452293443,P65_P75,65.0,75.0,0,411,4,407,0.010922330097087379
11,1452293443,P65_P75,65.0,75.0,1,100,6,94,0.06435643564356436
11,1452293443,P85_P95,85.0,95.0,0,409,8,401,0.020731707317073172
11,1452293443,P85_P95,85.0,95.0,1,101,8,93,0.08333333333333333
12,1462602459,P00_P50,0.0,50.0,0,2063,10,2053,0.005087209302325582
12,1462602459,P00_P50,0.0,50.0,1,489,7,482,0.015306122448979591
12,1462602459,P65_P75,65.0,75.0,0,405,6,399,0.01600985221674877
12,1462602459,P65_P75,65.0,75.0,1,106,4,102,0.04205607476635514
12,1462602459,P85_P95,85.0,95.0,0,417,11,406,0.02751196172248804
12,1462602459,P85_P95,85.0,95.0,1,93,8,85,0.09042553191489362
13,873316549,P00_P50,0.0,50.0,0,2068,11,2057,0.0055582406959884005
13,873316549,P00_P50,0.0,50.0,1,484,4,480,0.009278350515463918
13,873316549,P65_P75,65.0,75.0,0,411,5,406,0.013349514563106795
13,873316549,P65_P75,65.0,75.0,1,100,6,94,0.06435643564356436
13,873316549,P85_P95,85.0,95.0,0,411,7,404,0.01820388349514563
13,873316549,P85_P95,85.0,95.0,1,99,8,91,0.085
14,1255706043,P00_P50,0.0,50.0,0,2054,9,2045,0.004622871046228711
14,1255706043,P00_P50,0.0,50.0,1,498,9,489,0.01903807615230461
14,1255706043,P65_P75,65.0,75.0,0,405,3,402,0.008620689655172414
14,1255706043,P65_P75,65.0,75.0,1,106,4,102,0.04205607476635514
14,1255706043,P85_P95,85.0,95.0,0,411,7,404,0.01820388349514563
14,1255706043,P85_P95,85.0,95.0,1,99,11,88,0.115
15,1401750917,P00_P50,0.0,50.0,0,2028,9,2019,0.0046821094135041895
15,1401750917,P00_P50,0.0,50.0,1,524,7,517,0.014285714285714285
15,1401750917,P65_P75,65.0,75.0,0,404,3,401,0.008641975308641974
15,1401750917,P65_P75,65.0,75.0,1,107,3,104,0.032407407407407406
15,1401750917,P85_P95,85.0,95.0,0,411,4,407,0.010922330097087379
15,1401750917,P85_P95,85.0,95.0,1,99,9,90,0.095
16,1196189380,P00_P50,0.0,50.0,0,2048,7,2041,0.0036603221083455345
16,1196189380,P00_P50,0.0,50.0,1,504,7,497,0.01485148514851485
16,1196189380,P65_P75,65.0,75.0,0,415,2,413,0.006009615384615385
16,1196189380,P65_P75,65.0,75.0,1,96,7,89,0.07731958762886598
16,1196189380,P85_P95,85.0,95.0,0,403,7,396,0.018564356435643563
16,1196189380,P85_P95,85.0,95.0,1,107,9,98,0.08796296296296297
17,2060917766,P00_P50,0.0,50.0,0,2044,6,2038,0.003178484107579462
17,2060917766,P00_P50,0.0,50.0,1,508,7,501,0.014734774066797643
17,2060917766,P65_P75,65.0,75.0,0,415,8,407,0.020432692307692308
17,2060917766,P65_P75,65.0,75.0,1,96,4,92,0.04639175257731959
17,2060917766,P85_P95,85.0,95.0,0,412,10,402,0.025423728813559324
17,2060917766,P85_P95,85.0,95.0,1,98,8,90,0.08585858585858586
18,448991691,P00_P50,0.0,50.0,0,2043,8,2035,0.0041585127201565555
18,448991691,P00_P50,0.0,50.0,1,509,3,506,0.006862745098039216
18,448991691,P65_P75,65.0,75.0,0,409,7,402,0.018292682926829267
18,448991691,P65_P75,65.0,75.0,1,102,3,99,0.03398058252427184
18,448991691,P85_P95,85.0,95.0,0,396,10,386,0.02644836272040302
18,448991691,P85_P95,85.0,95.0,1,114,12,102,0.10869565217391304
19,238819458,P00_P50,0.0,50.0,0,2052,6,2046,0.0031660983925962008
19,238819458,P00_P50,0.0,50.0,1,500,10,490,0.020958083832335328
19,238819458,P65_P75,65.0,75.0,0,406,2,404,0.006142506142506142
19,238819458,P65_P75,65.0,75.0,1,105,4,101,0.04245283018867924
19,238819458,P85_P95,85.0,95.0,0,407,6,401,0.015931372549019607
19,238819458,P85_P95,85.0,95.0,1,103,6,97,0.0625
20,323999334,P00_P50,0.0,50.0,0,2059,10,2049,0.005097087378640777
20,323999334,P00_P50,0.0,50.0,1,493,5,488,0.011133603238866396
20,323999334,P65_P75,65.0,75.0,0,407,4,403,0.011029411764705883
20,323999334,P65_P75,65.0,75.0,1,104,7,97,0.07142857142857142
20,323999334,P85_P95,85.0,95.0,0,406,3,403,0.0085995085995086
20,323999334,P85_P95,85.0,95.0,1,104,10,94,0.1
21,230581197,P00_P50,0.0,50.0,0,2056,8,2048,0.004132231404958678
21,230581197,P00_P50,0.0,50.0,1,496,4,492,0.009054325955734407
21,230581197,P65_P75,65.0,75.0,0,412,3,409,0.00847457627118644
21,230581197,P65_P75,65.0,75.0,1,99,5,94,0.055
21,230581197,P85_P95,85.0,95.0,0,403,9,394,0.023514851485148515
21,230581197,P85_P95,85.0,95.0,1,107,7,100,0.06944444444444445
22,1304493859,P00_P50,0.0,50.0,0,2040,11,2029,0.005634492895639392
22,1304493859,P00_P50,0.0,50.0,1,512,8,504,0.016569200779727095
22,1304493859,P65_P75,65.0,75.0,0,412,3,409,0.00847457627118644
22,1304493859,P65_P75,65.0,75.0,1,99,7,92,0.075
22,1304493859,P85_P95,85.0,95.0,0,407,10,397,0.025735294117647058
22,1304493859,P85_P95,85.0,95.0,1,103,7,96,0.07211538461538461
23,1592877444,P00_P50,0.0,50.0,0,2050,8,2042,0.004144319843978547
23,1592877444,P00_P50,0.0,50.0,1,502,5,497,0.010934393638170975
23,1592877444,P65_P75,65.0,75.0,0,422,5,417,0.013002364066193853
23,1592877444,P65_P75,65.0,75.0,1,89,4,85,0.05
23,1592877444,P85_P95,85.0,95.0,0,420,10,410,0.02494061757719715
23,1592877444,P85_P95,85.0,95.0,1,90,8,82,0.09340659340659341
24,410229336,P00_P50,0.0,50.0,0,2063,9,2054,0.004602713178294574
24,410229336,P00_P50,0.0,50.0,1,489,4,485,0.009183673469387756
24,410229336,P65_P75,65.0,75.0,0,392,5,387,0.013994910941475827
24,410229336,P65_P75,65.0,75.0,1,119,6,113,0.05416666666666667
24,410229336,P85_P95,85.0,95.0,0,401,9,392,0.0236318407960199
24,410229336,P85_P95,85.0,95.0,1,109,10,99,0.09545454545454546
25,97689658,P00_P50,0.0,50.0,0,2076,7,2069,0.0036109773712084737
25,97689658,P00_P50,0.0,50.0,1,476,4,472,0.009433962264150943
25,97689658,P65_P75,65.0,75.0,0,403,5,398,0.013613861386138614
25,97689658,P65_P75,65.0,75.0,1,108,6,102,0.05963302752293578
25,97689658,P85_P95,85.0,95.0,0,405,7,398,0.01847290640394089
25,97689658,P85_P95,85.0,95.0,1,105,8,97,0.08018867924528301
26,692187905,P00_P50,0.0,50.0,0,2051,7,2044,0.003654970760233918
26,692187905,P00_P50,0.0,50.0,1,501,5,496,0.010956175298804782
26,692187905,P65_P75,65.0,75.0,0,418,2,416,0.0059665871121718375
26,692187905,P65_P75,65.0,75.0,1,93,5,88,0.05851063829787234
26,692187905,P85_P95,85.0,95.0,0,399,16,383,0.04125
26,692187905,P85_P95,85.0,95.0,1,111,6,105,0.05803571428571429
27,1994802872,P00_P50,0.0,50.0,0,2052,9,2043,0.004627374573794447
27,1994802872,P00_P50,0.0,50.0,1,500,6,494,0.012974051896207584
27,1994802872,P65_P75,65.0,75.0,0,406,5,401,0.013513513513513514
27,1994802872,P65_P75,65.0,75.0,1,105,5,100,0.05188679245283019
27,1994802872,P85_P95,85.0,95.0,0,420,6,414,0.015439429928741092
27,1994802872,P85_P95,85.0,95.0,1,90,6,84,0.07142857142857142
28,526269062,P00_P50,0.0,50.0,0,2074,4,2070,0.002168674698795181
28,526269062,P00_P50,0.0,50.0,1,478,5,473,0.011482254697286013
28,526269062,P65_P75,65.0,75.0,0,409,5,404,0.013414634146341463
28,526269062,P65_P75,65.0,75.0,1,102,2,100,0.024271844660194174
28,526269062,P85_P95,85.0,95.0,0,400,13,387,0.03366583541147132
28,526269062,P85_P95,85.0,95.0,1,110,8,102,0.07657657657657657
29,1562169210,P00_P50,0.0,50.0,0,2053,10,2043,0.005111976630963973
29,1562169210,P00_P50,0.0,50.0,1,499,3,496,0.007
29,1562169210,P65_P75,65.0,75.0,0,402,2,400,0.00620347394540943
29,1562169210,P65_P75,65.0,75.0,1,109,3,106,0.031818181818181815
29,1562169210,P85_P95,85.0,95.0,0,418,8,410,0.02028639618138425
29,1562169210,P85_P95,85.0,95.0,1,92,10,82,0.11290322580645161
30,701111652,P00_P50,0.0,50.0,0,2070,5,2065,0.002655721873491067
30,701111652,P00_P50,0.0,50.0,1,482,8,474,0.017598343685300208
30,701111652,P65_P75,65.0,75.0,0,406,6,400,0.01597051597051597
30,701111652,P65_P75,65.0,75.0,1,105,3,102,0.0330188679245283
30,701111652,P85_P95,85.0,95.0,0,403,5,398,0.013613861386138614
30,701111652,P85_P95,85.0,95.0,1,107,11,96,0.10648148148148148
31,557547225,P00_P50,0.0,50.0,0,2068,8,2060,0.004108264862252296
31,557547225,P00_P50,0.0,50.0,1,484,4,480,0.009278350515463918
31,557547225,P65_P75,65.0,75.0,0,397,7,390,0.018844221105527637
31,557547225,P65_P75,65.0,75.0,1,114,6,108,0.05652173913043478
31,557547225,P85_P95,85.0,95.0,0,406,9,397,0.02334152334152334
31,557547225,P85_P95,85.0,95.0,1,104,7,97,0.07142857142857142
32,1378756620,P00_P50,0.0,50.0,0,2074,7,2067,0.0036144578313253013
32,1378756620,P00_P50,0.0,50.0,1,478,2,476,0.005219206680584551
32,1378756620,P65_P75,65.0,75.0,0,416,7,409,0.017985611510791366
32,1378756620,P65_P75,65.0,75.0,1,95,3,92,0.036458333333333336
32,1378756620,P85_P95,85.0,95.0,0,409,9,400,0.023170731707317073
32,1378756620,P85_P95,85.0,95.0,1,101,8,93,0.08333333333333333
33,1428642927,P00_P50,0.0,50.0,0,2039,9,2030,0.004656862745098039
33,1428642927,P00_P50,0.0,50.0,1,513,4,509,0.008754863813229572
33,1428642927,P65_P75,65.0,75.0,0,413,5,408,0.013285024154589372
33,1428642927,P65_P75,65.0,75.0,1,98,5,93,0.05555555555555555
33,1428642927,P85_P95,85.0,95.0,0,407,11,396,0.028186274509803922
33,1428642927,P85_P95,85.0,95.0,1,103,9,94,0.09134615384615384
34,1667205622,P00_P50,0.0,50.0,0,2069,11,2058,0.005555555555555556
34,1667205622,P00_P50,0.0,50.0,1,483,7,476,0.015495867768595042
34,1667205622,P65_P75,65.0,75.0,0,410,4,406,0.010948905109489052
34,1667205622,P65_P75,65.0,75.0,1,101,4,97,0.04411764705882353
34,1667205622,P85_P95,85.0,95.0,0,410,10,400,0.025547445255474453
34,1667205622,P85_P95,85.0,95.0,1,100,6,94,0.06435643564356436
35,1086680155,P00_P50,0.0,50.0,0,2064,6,2058,0.0031476997578692495
35,1086680155,P00_P50,0.0,50.0,1,488,4,484,0.009202453987730062
35,1086680155,P65_P75,65.0,75.0,0,405,5,400,0.013546798029556651
35,1086680155,P65_P75,65.0,75.0,1,106,5,101,0.0514018691588785
35,1086680155,P85_P95,85.0,95.0,0,417,9,408,0.022727272727272728
35,1086680155,P85_P95,85.0,95.0,1,93,8,85,0.09042553191489362
36,654222321,P00_P50,0.0,50.0,0,2055,10,2045,0.005107003891050584
36,654222321,P00_P50,0.0,50.0,1,497,6,491,0.013052208835341365
36,654222321,P65_P75,65.0,75.0,0,414,5,409,0.01325301204819277
36,654222321,P65_P75,65.0,75.0,1,97,3,94,0.03571428571428571
36,654222321,P85_P95,85.0,95.0,0,426,9,417,0.02224824355971897
36,654222321,P85_P95,85.0,95.0,1,84,7,77,0.08823529411764706
37,1047505914,P00_P50,0.0,50.0,0,2057,9,2048,0.004616132167152575
37,1047505914,P00_P50,0.0,50.0,1,495,5,490,0.011088709677419355
37,1047505914,P65_P75,65.0,75.0,0,405,2,403,0.006157635467980296
37,1047505914,P65_P75,65.0,75.0,1,106,6,100,0.06074766355140187
37,1047505914,P85_P95,85.0,95.0,0,414,9,405,0.02289156626506024
37,1047505914,P85_P95,85.0,95.0,1,96,9,87,0.0979381443298969
38,96073520,P00_P50,0.0,50.0,0,2057,8,2049,0.00413022351797862
38,96073520,P00_P50,0.0,50.0,1,495,6,489,0.01310483870967742
38,96073520,P65_P75,65.0,75.0,0,410,3,407,0.00851581508515815
38,96073520,P65_P75,65.0,75.0,1,101,3,98,0.03431372549019608
38,96073520,P85_P95,85.0,95.0,0,411,10,401,0.025485436893203883
38,96073520,P85_P95,85.0,95.0,1,99,10,89,0.105
39,1390893999,P00_P50,0.0,50.0,0,2049,8,2041,0.004146341463414634
39,1390893999,P00_P50,0.0,50.0,1,503,5,498,0.010912698412698412
39,1390893999,P65_P75,65.0,75.0,0,405,2,403,0.006157635467980296
39,1390893999,P65_P75,65.0,75.0,1,106,4,102,0.04205607476635514
39,1390893999,P85_P95,85.0,95.0,0,414,10,404,0.02530120481927711
39,1390893999,P85_P95,85.0,95.0,1,96,8,88,0.08762886597938144
40,1871114650,P00_P50,0.0,50.0,0,2044,8,2036,0.004156479217603912
40,1871114650,P00_P50,0.0,50.0,1,508,7,501,0.014734774066797643
40,1871114650,P65_P75,65.0,75.0,0,402,4,398,0.011166253101736972
40,1871114650,P65_P75,65.0,75.0,1,109,5,104,0.05
40,1871114650,P85_P95,85.0,95.0,0,404,5,399,0.013580246913580247
40,1871114650,P85_P95,85.0,95.0,1,106,12,94,0.11682242990654206
41,301312083,P00_P50,0.0,50.0,0,2057,7,2050,0.0036443148688046646
41,301312083,P00_P50,0.0,50.0,1,495,5,490,0.011088709677419355
41,301312083,P65_P75,65.0,75.0,0,411,4,407,0.010922330097087379
41,301312083,P65_P75,65.0,75.0,1,100,5,95,0.054455445544554455
41,301312083,P85_P95,85.0,95.0,0,412,10,402,0.025423728813559324
41,301312083,P85_P95,85.0,95.0,1,98,8,90,0.08585858585858586
42,1600197889,P00_P50,0.0,50.0,0,2091,4,2087,0.0021510516252390057
42,1600197889,P00_P50,0.0,50.0,1,461,6,455,0.01406926406926407
42,1600197889,P65_P75,65.0,75.0,0,396,4,392,0.011335012594458438
42,1600197889,P65_P75,65.0,75.0,1,115,7,108,0.06465517241379311
42,1600197889,P85_P95,85.0,95.0,0,416,10,406,0.025179856115107913
42,1600197889,P85_P95,85.0,95.0,1,94,8,86,0.08947368421052632
43,1584113194,P00_P50,0.0,50.0,0,2055,9,2046,0.004620622568093385
43,1584113194,P00_P50,0.0,50.0,1,497,6,491,0.013052208835341365
43,1584113194,P65_P75,65.0,75.0,0,424,5,419,0.012941176470588235
43,1584113194,P65_P75,65.0,75.0,1,87,1,86,0.017045454545454544
43,1584113194,P85_P95,85.0,95.0,0,404,7,397,0.018518518518518517
43,1584113194,P85_P95,85.0,95.0,1,106,6,100,0.06074766355140187
44,1453063449,P00_P50,0.0,50.0,0,2073,9,2064,0.004580520732883318
44,1453063449,P00_P50,0.0,50.0,1,479,5,474,0.011458333333333333
44,1453063449,P65_P75,65.0,75.0,0,413,4,409,0.010869565217391304
44,1453063449,P65_P75,65.0,75.0,1,98,4,94,0.045454545454545456
44,1453063449,P85_P95,85.0,95.0,0,414,9,405,0.02289156626506024
44,1453063449,P85_P95,85.0,95.0,1,96,6,90,0.06701030927835051
45,2050144965,P00_P50,0.0,50.0,0,2051,7,2044,0.003654970760233918
45,2050144965,P00_P50,0.0,50.0,1,501,2,499,0.0049800796812749
45,2050144965,P65_P75,65.0,75.0,0,409,1,408,0.003658536585365854
45,2050144965,P65_P75,65.0,75.0,1,102,5,97,0.05339805825242718
45,2050144965,P85_P95,85.0,95.0,0,411,16,395,0.04004854368932039
45,2050144965,P85_P95,85.0,95.0,1,99,11,88,0.115
46,930395074,P00_P50,0.0,50.0,0,2045,7,2038,0.0036656891495601175
46,930395074,P00_P50,0.0,50.0,1,507,4,503,0.008858267716535433
46,930395074,P65_P75,65.0,75.0,0,407,2,405,0.006127450980392157
46,930395074,P65_P75,65.0,75.0,1,104,2,102,0.023809523809523808
46,930395074,P85_P95,85.0,95.0,0,414,7,407,0.018072289156626505
46,930395074,P85_P95,85.0,95.0,1,96,9,87,0.0979381443298969
47,930822943,P00_P50,0.0,50.0,0,2055,3,2052,0.0017023346303501946
47,930822943,P00_P50,0.0,50.0,1,497,7,490,0.015060240963855422
47,930822943,P65_P75,65.0,75.0,0,409,5,404,0.013414634146341463
47,930822943,P65_P75,65.0,75.0,1,102,4,98,0.043689320388349516
47,930822943,P85_P95,85.0,95.0,0,418,9,409,0.022673031026252982
47,930822943,P85_P95,85.0,95.0,1,92,10,82,0.11290322580645161
48,1003187408,P00_P50,0.0,50.0,0,2070,11,2059,0.005552873008208595
48,1003187408,P00_P50,0.0,50.0,1,482,4,478,0.009316770186335404
48,1003187408,P65_P75,65.0,75.0,0,413,4,409,0.010869565217391304
48,1003187408,P65_P75,65.0,75.0,1,98,3,95,0.03535353535353535
48,1003187408,P85_P95,85.0,95.0,0,402,9,393,0.02357320099255583
48,1003187408,P85_P95,85.0,95.0,1,108,4,104,0.04128440366972477
49,401422238,P00_P50,0.0,50.0,0,2075,7,2068,0.0036127167630057803
49,401422238,P00_P50,0.0,50.0,1,477,7,470,0.015690376569037656
49,401422238,P65_P75,65.0,75.0,0,402,3,399,0.008684863523573201
49,401422238,P65_P75,65.0,75.0,1,109,2,107,0.022727272727272728
49,401422238,P85_P95,85.0,95.0,0,405,8,397,0.020935960591133004
49,401422238,P85_P95,85.0,95.0,1,105,8,97,0.08018867924528301
50,1472393678,P00_P50,0.0,50.0,0,2085,8,2077,0.004074784276126558
50,1472393678,P00_P50,0.0,50.0,1,467,4,463,0.009615384615384616
50,1472393678,P65_P75,65.0,75.0,0,411,4,407,0.010922330097087379
50,1472393678,P65_P75,65.0,75.0,1,100,3,97,0.034653465346534656
50,1472393678,P85_P95,85.0,95.0,0,416,11,405,0.027577937649880094
50,1472393678,P85_P95,85.0,95.0,1,94,14,80,0.15263157894736842
51,382825613,P00_P50,0.0,50.0,0,2053,12,2041,0.006085686465433301
51,382825613,P00_P50,0.0,50.0,1,499,3,496,0.007
51,382825613,P65_P75,65.0,75.0,0,398,4,394,0.011278195488721804
51,382825613,P65_P75,65.0,75.0,1,113,6,107,0.05701754385964912
51,382825613,P85_P95,85.0,95.0,0,410,14,396,0.03527980535279805
51,382825613,P85_P95,85.0,95.0,1,100,6,94,0.06435643564356436
52,1230434578,P00_P50,0.0,50.0,0,2047,6,2041,0.003173828125
52,1230434578,P00_P50,0.0,50.0,1,505,5,500,0.010869565217391304
52,1230434578,P65_P75,65.0,75.0,0,408,4,404,0.011002444987775062
52,1230434578,P65_P75,65.0,75.0,1,103,2,101,0.02403846153846154
52,1230434578,P85_P95,85.0,95.0,0,420,7,413,0.017814726840855107
52,1230434578,P85_P95,85.0,95.0,1,90,9,81,0.1043956043956044
53,502334780,P00_P50,0.0,50.0,0,2076,9,2067,0.0045739046701974
53,502334780,P00_P50,0.0,50.0,1,476,9,467,0.019916142557651992
53,502334780,P65_P75,65.0,75.0,0,413,3,410,0.008454106280193236
53,502334780,P65_P75,65.0,75.0,1,98,4,94,0.045454545454545456
53,502334780,P85_P95,85.0,95.0,0,422,9,413,0.022458628841607566
53,502334780,P85_P95,85.0,95.0,1,88,6,82,0.07303370786516854
54,1639719688,P00_P50,0.0,50.0,0,2065,7,2058,0.0036302032913843175
54,1639719688,P00_P50,0.0,50.0,1,487,6,481,0.01331967213114754
54,1639719688,P65_P75,65.0,75.0,0,402,2,400,0.00620347394540943
54,1639719688,P65_P75,65.0,75.0,1,109,4,105,0.04090909090909091
54,1639719688,P85_P95,85.0,95.0,0,408,14,394,0.035452322738386305
54,1639719688,P85_P95,85.0,95.0,1,102,10,92,0.10194174757281553
55,1077892211,P00_P50,0.0,50.0,0,2058,7,2051,0.003642544924720738
55,1077892211,P00_P50,0.0,50.0,1,494,6,488,0.013131313131313131
55,1077892211,P65_P75,65.0,75.0,0,405,6,399,0.01600985221674877
55,1077892211,P65_P75,65.0,75.0,1,106,1,105,0.014018691588785047
55,1077892211,P85_P95,85.0,95.0,0,405,9,396,0.023399014778325122
55,1077892211,P85_P95,85.0,95.0,1,105,9,96,0.08962264150943396
56,534014545,P00_P50,0.0,50.0,0,2055,7,2048,0.0036478599221789884
56,534014545,P00_P50,0.0,50.0,1,497,6,491,0.013052208835341365
56,534014545,P65_P75,65.0,75.0,0,402,3,399,0.008684863523573201
56,534014545,P65_P75,65.0,75.0,1,109,5,104,0.05
56,534014545,P85_P95,85.0,95.0,0,405,7,398,0.01847290640394089
56,534014545,P85_P95,85.0,95.0,1,105,7,98,0.07075471698113207
57,749590630,P00_P50,0.0,50.0,0,2024,9,2015,0.004691358024691358
57,749590630,P00_P50,0.0,50.0,1,528,7,521,0.014177693761814745
57,749590630,P65_P75,65.0,75.0,0,416,3,413,0.008393285371702638
57,749590630,P65_P75,65.0,75.0,1,95,2,93,0.026041666666666668
57,749590630,P85_P95,85.0,95.0,0,415,10,405,0.025240384615384616
57,749590630,P85_P95,85.0,95.0,1,95,8,87,0.08854166666666667
58,781287039,P00_P50,0.0,50.0,0,2072,8,2064,0.004100337674867342
58,781287039,P00_P50,0.0,50.0,1,480,5,475,0.011434511434511435
58,781287039,P65_P75,65.0,75.0,0,405,3,402,0.008620689655172414
58,781287039,P65_P75,65.0,75.0,1,106,4,102,0.04205607476635514
58,781287039,P85_P95,85.0,95.0,0,411,5,406,0.013349514563106795
58,781287039,P85_P95,85.0,95.0,1,99,7,92,0.075
59,1781451135,P00_P50,0.0,50.0,0,2052,9,2043,0.004627374573794447
59,1781451135,P00_P50,0.0,50.0,1,500,6,494,0.012974051896207584
59,1781451135,P65_P75,65.0,75.0,0,416,3,413,0.008393285371702638
59,1781451135,P65_P75,65.0,75.0,1,95,4,91,0.046875
59,1781451135,P85_P95,85.0,95.0,0,410,11,399,0.027980535279805353
59,1781451135,P85_P95,85.0,95.0,1,100,10,90,0.10396039603960396
60,1124579942,P00_P50,0.0,50.0,0,2052,5,2047,0.002679006332196785
60,1124579942,P00_P50,0.0,50.0,1,500,5,495,0.010978043912175649
60,1124579942,P65_P75,65.0,75.0,0,426,2,424,0.00585480093676815
60,1124579942,P65_P75,65.0,75.0,1,85,5,80,0.06395348837209303
60,1124579942,P85_P95,85.0,95.0,0,414,8,406,0.020481927710843374
60,1124579942,P85_P95,85.0,95.0,1,96,6,90,0.06701030927835051
61,983825694,P00_P50,0.0,50.0,0,2029,3,2026,0.0017241379310344827
61,983825694,P00_P50,0.0,50.0,1,523,5,518,0.01049618320610687
61,983825694,P65_P75,65.0,75.0,0,411,1,410,0.0036407766990291263
61,983825694,P65_P75,65.0,75.0,1,100,4,96,0.04455445544554455
61,983825694,P85_P95,85.0,95.0,0,413,12,401,0.030193236714975844
61,983825694,P85_P95,85.0,95.0,1,97,11,86,0.11734693877551021
62,1380840030,P00_P50,0.0,50.0,0,2064,11,2053,0.005569007263922518
62,1380840030,P00_P50,0.0,50.0,1,488,5,483,0.011247443762781187
62,1380840030,P65_P75,65.0,75.0,0,399,4,395,0.01125
62,1380840030,P65_P75,65.0,75.0,1,112,3,109,0.030973451327433628
62,1380840030,P85_P95,85.0,95.0,0,398,7,391,0.018796992481203006
62,1380840030,P85_P95,85.0,95.0,1,112,12,100,0.11061946902654868
63,1460445538,P00_P50,0.0,50.0,0,2066,10,2056,0.0050798258345428155
63,1460445538,P00_P50,0.0,50.0,1,486,4,482,0.009240246406570842
63,1460445538,P65_P75,65.0,75.0,0,405,3,402,0.008620689655172414
63,1460445538,P65_P75,65.0,75.0,1,106,4,102,0.04205607476635514
63,1460445538,P85_P95,85.0,95.0,0,417,13,404,0.03229665071770335
63,1460445538,P85_P95,85.0,95.0,1,93,7,86,0.0797872340425532
64,1328888731,P00_P50,0.0,50.0,0,2086,5,2081,0.002635361763296598
64,1328888731,P00_P50,0.0,50.0,1,466,1,465,0.0032119914346895075
64,1328888731,P65_P75,65.0,75.0,0,391,3,388,0.008928571428571428
64,1328888731,P65_P75,65.0,75.0,1,120,6,114,0.05371900826446281
64,1328888731,P85_P95,85.0,95.0,0,404,9,395,0.02345679012345679
64,1328888731,P85_P95,85.0,95.0,1,106,6,100,0.06074766355140187
65,1919252817,P00_P50,0.0,50.0,0,2058,7,2051,0.003642544924720738
65,1919252817,P00_P50,0.0,50.0,1,494,5,489,0.011111111111111112
65,1919252817,P65_P75,65.0,75.0,0,414,2,412,0.006024096385542169
65,1919252817,P65_P75,65.0,75.0,1,97,4,93,0.04591836734693878
65,1919252817,P85_P95,85.0,95.0,0,416,11,405,0.027577937649880094
65,1919252817,P85_P95,85.0,95.0,1,94,10,84,0.11052631578947368
66,1666079308,P00_P50,0.0,50.0,0,2056,10,2046,0.005104521147301896
66,1666079308,P00_P50,0.0,50.0,1,496,4,492,0.009054325955734407
66,1666079308,P65_P75,65.0,75.0,0,414,6,408,0.01566265060240964
66,1666079308,P65_P75,65.0,75.0,1,97,3,94,0.03571428571428571
66,1666079308,P85_P95,85.0,95.0,0,408,9,399,0.023227383863080684
66,1666079308,P85_P95,85.0,95.0,1,102,6,96,0.06310679611650485
67,472829349,P00_P50,0.0,50.0,0,2031,6,2025,0.0031988188976377952
67,472829349,P00_P50,0.0,50.0,1,521,7,514,0.014367816091954023
67,472829349,P65_P75,65.0,75.0,0,410,2,408,0.006082725060827251
67,472829349,P65_P75,65.0,75.0,1,101,3,98,0.03431372549019608
67,472829349,P85_P95,85.0,95.0,0,417,13,404,0.03229665071770335
67,472829349,P85_P95,85.0,95.0,1,93,8,85,0.09042553191489362
68,177440909,P00_P50,0.0,50.0,0,2087,6,2081,0.0031130268199233715
68,177440909,P00_P50,0.0,50.0,1,465,7,458,0.016094420600858368
68,177440909,P65_P75,65.0,75.0,0,399,2,397,0.00625
68,177440909,P65_P75,65.0,75.0,1,112,4,108,0.03982300884955752
68,177440909,P85_P95,85.0,95.0,0,411,12,399,0.03033980582524272
68,177440909,P85_P95,85.0,95.0,1,99,9,90,0.095
69,166266696,P00_P50,0.0,50.0,0,2043,4,2039,0.002201565557729941
69,166266696,P00_P50,0.0,50.0,1,509,5,504,0.010784313725490196
69,166266696,P65_P75,65.0,75.0,0,415,3,412,0.008413461538461538
69,166266696,P65_P75,65.0,75.0,1,96,7,89,0.07731958762886598
69,166266696,P85_P95,85.0,95.0,0,404,9,395,0.02345679012345679
69,166266696,P85_P95,85.0,95.0,1,106,12,94,0.11682242990654206
70,1467928894,P00_P50,0.0,50.0,0,2050,7,2043,0.0036567528035104826
70,1467928894,P00_P50,0.0,50.0,1,502,6,496,0.012922465208747515
70,1467928894,P65_P75,65.0,75.0,0,411,5,406,0.013349514563106795
70,1467928894,P65_P75,65.0,75.0,1,100,5,95,0.054455445544554455
70,1467928894,P85_P95,85.0,95.0,0,413,9,404,0.022946859903381644
70,1467928894,P85_P95,85.0,95.0,1,97,11,86,0.11734693877551021
71,1870270908,P00_P50,0.0,50.0,0,2083,6,2077,0.0031190019193857964
71,1870270908,P00_P50,0.0,50.0,1,469,5,464,0.011702127659574468
71,1870270908,P65_P75,65.0,75.0,0,412,3,409,0.00847457627118644
71,1870270908,P65_P75,65.0,75.0,1,99,5,94,0.055
71,1870270908,P85_P95,85.0,95.0,0,410,14,396,0.03527980535279805
71,1870270908,P85_P95,85.0,95.0,1,100,11,89,0.11386138613861387
72,972186595,P00_P50,0.0,50.0,0,2055,10,2045,0.005107003891050584
72,972186595,P00_P50,0.0,50.0,1,497,6,491,0.013052208835341365
72,972186595,P65_P75,65.0,75.0,0,421,6,415,0.015402843601895734
72,972186595,P65_P75,65.0,75.0,1,90,4,86,0.04945054945054945
72,972186595,P85_P95,85.0,95.0,0,402,6,396,0.016129032258064516
72,972186595,P85_P95,85.0,95.0,1,108,10,98,0.0963302752293578
73,2101219972,P00_P50,0.0,50.0,0,2049,8,2041,0.004146341463414634
73,2101219972,P00_P50,0.0,50.0,1,503,9,494,0.018849206349206348
73,2101219972,P65_P75,65.0,75.0,0,403,5,398,0.013613861386138614
73,2101219972,P65_P75,65.0,75.0,1,108,3,105,0.03211009174311927
73,2101219972,P85_P95,85.0,95.0,0,413,11,402,0.027777777777777776
73,2101219972,P85_P95,85.0,95.0,1,97,8,89,0.08673469387755102
74,2107237442,P00_P50,0.0,50.0,0,2078,5,2073,0.0026455026455026454
74,2107237442,P00_P50,0.0,50.0,1,474,5,469,0.011578947368421053
74,2107237442,P65_P75,65.0,75.0,0,408,5,403,0.013447432762836185
74,2107237442,P65_P75,65.0,75.0,1,103,7,96,0.07211538461538461
74,2107237442,P85_P95,85.0,95.0,0,424,13,411,0.03176470588235294
74,2107237442,P85_P95,85.0,95.0,1,86,2,84,0.028735632183908046
75,368363324,P00_P50,0.0,50.0,0,2051,10,2041,0.005116959064327485
75,368363324,P00_P50,0.0,50.0,1,501,9,492,0.018924302788844622
75,368363324,P65_P75,65.0,75.0,0,406,4,402,0.011056511056511056
75,368363324,P65_P75,65.0,75.0,1,105,3,102,0.0330188679245283
75,368363324,P85_P95,85.0,95.0,0,411,9,402,0.023058252427184466
75,368363324,P85_P95,85.0,95.0,1,99,4,95,0.045
76,1113100665,P00_P50,0.0,50.0,0,2075,8,2067,0.004094412331406551
76,1113100665,P00_P50,0.0,50.0,1,477,6,471,0.013598326359832637
76,1113100665,P65_P75,65.0,75.0,0,417,2,415,0.005980861244019139
76,1113100665,P65_P75,65.0,75.0,1,94,3,91,0.03684210526315789
76,1113100665,P85_P95,85.0,95.0,0,415,13,402,0.03245192307692308
76,1113100665,P85_P95,85.0,95.0,1,95,8,87,0.08854166666666667
77,204817647,P00_P50,0.0,50.0,0,2057,10,2047,0.00510204081632653
77,204817647,P00_P50,0.0,50.0,1,495,8,487,0.017137096774193547
77,204817647,P65_P75,65.0,75.0,0,399,6,393,0.01625
77,204817647,P65_P75,65.0,75.0,1,112,3,109,0.030973451327433628
77,204817647,P85_P95,85.0,95.0,0,413,6,407,0.01570048309178744
77,204817647,P85_P95,85.0,95.0,1,97,9,88,0.09693877551020408
78,1626938806,P00_P50,0.0,50.0,0,2079,9,2070,0.0045673076923076926
78,1626938806,P00_P50,0.0,50.0,1,473,1,472,0.0031645569620253164
78,1626938806,P65_P75,65.0,75.0,0,405,4,401,0.011083743842364532
78,1626938806,P65_P75,65.0,75.0,1,106,3,103,0.03271028037383177
78,1626938806,P85_P95,85.0,95.0,0,404,9,395,0.02345679012345679
78,1626938806,P85_P95,85.0,95.0,1,106,7,99,0.07009345794392523
79,1808282114,P00_P50,0.0,50.0,0,2055,11,2044,0.005593385214007782
79,1808282114,P00_P50,0.0,50.0,1,497,7,490,0.015060240963855422
79,1808282114,P65_P75,65.0,75.0,0,420,4,416,0.010688836104513063
79,1808282114,P65_P75,65.0,75.0,1,91,3,88,0.03804347826086957
79,1808282114,P85_P95,85.0,95.0,0,396,11,385,0.028967254408060455
79,1808282114,P85_P95,85.0,95.0,1,114,12,102,0.10869565217391304
80,1607420687,P00_P50,0.0,50.0,0,2056,9,2047,0.004618376276130287
80,1607420687,P00_P50,0.0,50.0,1,496,4,492,0.009054325955734407
80,1607420687,P65_P75,65.0,75.0,0,399,6,393,0.01625
80,1607420687,P65_P75,65.0,75.0,1,112,6,106,0.05752212389380531
80,1607420687,P85_P95,85.0,95.0,0,405,6,399,0.01600985221674877
80,1607420687,P85_P95,85.0,95.0,1,105,9,96,0.08962264150943396
81,2002049718,P00_P50,0.0,50.0,0,2029,4,2025,0.0022167487684729066
81,2002049718,P00_P50,0.0,50.0,1,523,6,517,0.012404580152671756
81,2002049718,P65_P75,65.0,75.0,0,396,4,392,0.011335012594458438
81,2002049718,P65_P75,65.0,75.0,1,115,4,111,0.03879310344827586
81,2002049718,P85_P95,85.0,95.0,0,408,10,398,0.02567237163814181
81,2002049718,P85_P95,85.0,95.0,1,102,9,93,0.09223300970873786
82,1481362843,P00_P50,0.0,50.0,0,2070,7,2063,0.0036214389183969096
82,1481362843,P00_P50,0.0,50.0,1,482,6,476,0.013457556935817806
82,1481362843,P65_P75,65.0,75.0,0,406,4,402,0.011056511056511056
82,1481362843,P65_P75,65.0,75.0,1,105,6,99,0.06132075471698113
82,1481362843,P85_P95,85.0,95.0,0,405,11,394,0.02832512315270936
82,1481362843,P85_P95,85.0,95.0,1,105,11,94,0.10849056603773585
83,1339901230,P00_P50,0.0,50.0,0,2041,11,2030,0.005631733594515181
83,1339901230,P00_P50,0.0,50.0,1,511,7,504,0.0146484375
83,1339901230,P65_P75,65.0,75.0,0,413,3,410,0.008454106280193236
83,1339901230,P65_P75,65.0,75.0,1,98,4,94,0.045454545454545456
83,1339901230,P85_P95,85.0,95.0,0,398,3,395,0.008771929824561403
83,1339901230,P85_P95,85.0,95.0,1,112,8,104,0.0752212389380531
84,1994546457,P00_P50,0.0,50.0,0,2043,11,2032,0.005626223091976516
84,1994546457,P00_P50,0.0,50.0,1,509,7,502,0.014705882352941176
84,1994546457,P65_P75,65.0,75.0,0,417,5,412,0.013157894736842105
84,1994546457,P65_P75,65.0,75.0,1,94,4,90,0.04736842105263158
84,1994546457,P85_P95,85.0,95.0,0,416,14,402,0.03477218225419664
84,1994546457,P85_P95,85.0,95.0,1,94,8,86,0.08947368421052632
85,1430234044,P00_P50,0.0,50.0,0,2063,6,2057,0.0031492248062015503
85,1430234044,P00_P50,0.0,50.0,1,489,6,483,0.013265306122448979
85,1430234044,P65_P75,65.0,75.0,0,410,5,405,0.01338199513381995
85,1430234044,P65_P75,65.0,75.0,1,101,5,96,0.05392156862745098
85,1430234044,P85_P95,85.0,95.0,0,409,10,399,0.025609756097560974
85,1430234044,P85_P95,85.0,95.0,1,101,11,90,0.11274509803921569
86,1856753958,P00_P50,0.0,50.0,0,2058,9,2049,0.004613890237979602
86,1856753958,P00_P50,0.0,50.0,1,494,7,487,0.015151515151515152
86,1856753958,P65_P75,65.0,75.0,0,408,4,404,0.011002444987775062
86,1856753958,P65_P75,65.0,75.0,1,103,6,97,0.0625
86,1856753958,P85_P95,85.0,95.0,0,416,14,402,0.03477218225419664
86,1856753958,P85_P95,85.0,95.0,1,94,6,88,0.06842105263157895
87,626622413,P00_P50,0.0,50.0,0,2079,4,2075,0.0021634615384615386
87,626622413,P00_P50,0.0,50.0,1,473,4,469,0.00949367088607595
87,626622413,P65_P75,65.0,75.0,0,407,4,403,0.011029411764705883
87,626622413,P65_P75,65.0,75.0,1,104,6,98,0.06190476190476191
87,626622413,P85_P95,85.0,95.0,0,401,9,392,0.0236318407960199
87,626622413,P85_P95,85.0,95.0,1,109,8,101,0.07727272727272727
88,456110078,P00_P50,0.0,50.0,0,2074,10,2064,0.005060240963855421
88,456110078,P00_P50,0.0,50.0,1,478,5,473,0.011482254697286013
88,456110078,P65_P75,65.0,75.0,0,402,5,397,0.013647642679900745
88,456110078,P65_P75,65.0,75.0,1,109,4,105,0.04090909090909091
88,456110078,P85_P95,85.0,95.0,0,413,10,403,0.025362318840579712
88,456110078,P85_P95,85.0,95.0,1,97,8,89,0.08673469387755102
89,1349762382,P00_P50,0.0,50.0,0,2040,7,2033,0.0036746692797648213
89,1349762382,P00_P50,0.0,50.0,1,512,6,506,0.012670565302144249
89,1349762382,P65_P75,65.0,75.0,0,415,2,413,0.006009615384615385
89,1349762382,P65_P75,65.0,75.0,1,96,3,93,0.03608247422680412
89,1349762382,P85_P95,85.0,95.0,0,418,12,406,0.029832935560859187
89,1349762382,P85_P95,85.0,95.0,1,92,12,80,0.13440860215053763
90,829101570,P00_P50,0.0,50.0,0,2064,9,2055,0.004600484261501211
90,829101570,P00_P50,0.0,50.0,1,488,4,484,0.009202453987730062
90,829101570,P65_P75,65.0,75.0,0,400,6,394,0.016209476309226933
90,829101570,P65_P75,65.0,75.0,1,111,3,108,0.03125
90,829101570,P85_P95,85.0,95.0,0,410,6,404,0.015815085158150853
90,829101570,P85_P95,85.0,95.0,1,100,8,92,0.08415841584158416
91,1125461323,P00_P50,0.0,50.0,0,2052,7,2045,0.003653190452995616
91,1125461323,P00_P50,0.0,50.0,1,500,8,492,0.016966067864271458
91,1125461323,P65_P75,65.0,75.0,0,420,4,416,0.010688836104513063
91,1125461323,P65_P75,65.0,75.0,1,91,3,88,0.03804347826086957
91,1125461323,P85_P95,85.0,95.0,0,403,9,394,0.023514851485148515
91,1125461323,P85_P95,85.0,95.0,1,107,6,101,0.06018518518518518
92,628619437,P00_P50,0.0,50.0,0,2025,3,2022,0.0017275419545903258
92,628619437,P00_P50,0.0,50.0,1,527,6,521,0.01231060606060606
92,628619437,P65_P75,65.0,75.0,0,414,4,410,0.010843373493975903
92,628619437,P65_P75,65.0,75.0,1,97,5,92,0.05612244897959184
92,628619437,P85_P95,85.0,95.0,0,418,12,406,0.029832935560859187
92,628619437,P85_P95,85.0,95.0,1,92,10,82,0.11290322580645161
93,1738270339,P00_P50,0.0,50.0,0,2063,10,2053,0.005087209302325582
93,1738270339,P00_P50,0.0,50.0,1,489,6,483,0.013265306122448979
93,1738270339,P65_P75,65.0,75.0,0,413,4,409,0.010869565217391304
93,1738270339,P65_P75,65.0,75.0,1,98,3,95,0.03535353535353535
93,1738270339,P85_P95,85.0,95.0,0,414,5,409,0.01325301204819277
93,1738270339,P85_P95,85.0,95.0,1,96,10,86,0.10824742268041238
94,913932989,P00_P50,0.0,50.0,0,2026,7,2019,0.00370004933399112
94,913932989,P00_P50,0.0,50.0,1,526,5,521,0.010436432637571158
94,913932989,P65_P75,65.0,75.0,0,403,4,399,0.011138613861386138
94,913932989,P65_P75,65.0,75.0,1,108,4,104,0.04128440366972477
94,913932989,P85_P95,85.0,95.0,0,413,9,404,0.022946859903381644
94,913932989,P85_P95,85.0,95.0,1,97,8,89,0.08673469387755102
95,1793031327,P00_P50,0.0,50.0,0,2061,11,2050,0.005577109602327837
95,1793031327,P00_P50,0.0,50.0,1,491,7,484,0.01524390243902439
95,1793031327,P65_P75,65.0,75.0,0,402,6,396,0.016129032258064516
95,1793031327,P65_P75,65.0,75.0,1,109,3,106,0.031818181818181815
95,1793031327,P85_P95,85.0,95.0,0,411,8,403,0.02063106796116505
95,1793031327,P85_P95,85.0,95.0,1,99,5,94,0.055
96,842850846,P00_P50,0.0,50.0,0,2037,10,2027,0.005152109911678116
96,842850846,P00_P50,0.0,50.0,1,515,6,509,0.012596899224806201
96,842850846,P65_P75,65.0,75.0,0,398,5,393,0.013784461152882205
96,842850846,P65_P75,65.0,75.0,1,113,6,107,0.05701754385964912
96,842850846,P85_P95,85.0,95.0,0,395,9,386,0.023989898989898988
96,842850846,P85_P95,85.0,95.0,1,115,11,104,0.09913793103448276
97,1889472318,P00_P50,0.0,50.0,0,2051,9,2042,0.004629629629629629
97,1889472318,P00_P50,0.0,50.0,1,501,6,495,0.012948207171314742
97,1889472318,P65_P75,65.0,75.0,0,417,4,413,0.01076555023923445
97,1889472318,P65_P75,65.0,75.0,1,94,5,89,0.05789473684210526
97,1889472318,P85_P95,85.0,95.0,0,402,8,394,0.02109181141439206
97,1889472318,P85_P95,85.0,95.0,1,108,5,103,0.05045871559633028
98,1714281730,P00_P50,0.0,50.0,0,2070,9,2061,0.0045871559633027525
98,1714281730,P00_P50,0.0,50.0,1,482,5,477,0.011387163561076604
98,1714281730,P65_P75,65.0,75.0,0,409,3,406,0.00853658536585366
98,1714281730,P65_P75,65.0,75.0,1,102,6,96,0.06310679611650485
98,1714281730,P85_P95,85.0,95.0,0,413,11,402,0.027777777777777776
98,1714281730,P85_P95,85.0,95.0,1,97,10,87,0.10714285714285714
99,847967612,P00_P50,0.0,50.0,0,2046,7,2039,0.0036638983878847092
99,847967612,P00_P50,0.0,50.0,1,506,6,500,0.01282051282051282
99,847967612,P65_P75,65.0,75.0,0,400,3,397,0.008728179551122194
99,847967612,P65_P75,65.0,75.0,1,111,5,106,0.049107142857142856
99,847967612,P85_P95,85.0,95.0,0,407,6,401,0.015931372549019607
99,847967612,P85_P95,85.0,95.0,1,103,8,95,0.08173076923076923
100,728082582,P00_P50,0.0,50.0,0,2066,11,2055,0.005563618771165941
100,728082582,P00_P50,0.0,50.0,1,486,2,484,0.00513347022587269
100,728082582,P65_P75,65.0,75.0,0,419,5,414,0.013095238095238096
100,728082582,P65_P75,65.0,75.0,1,92,6,86,0.06989247311827956
100,728082582,P85_P95,85.0,95.0,0,404,9,395,0.02345679012345679
100,728082582,P85_P95,85.0,95.0,1,106,13,93,0.1261682242990654
