target_name,repeat,split_seed,model,n_test,n_pos_test,auc,partial_auc_fpr_0_05_raw,average_precision
FILD or FILA ADJUDICATED,1,439824836,zebra,7695,152,0.8135226456038014,0.018605303278745718,0.2538507112387764
FILD or FILA ADJUDICATED,1,439824836,genomic,7695,152,0.5521605950445515,0.0018367936113650163,0.024540487990232784
FILD or FILA ADJUDICATED,1,439824836,combined,7695,152,0.8060671448606934,0.01729287174585011,0.24284161866245663
FILD or FILA ADJUDICATED,2,1256716928,zebra,7695,152,0.8161095682996434,0.017323790966877622,0.23515354178332593
FILD or FILA ADJUDICATED,2,1256716928,genomic,7695,152,0.5521736779307409,0.0020894677533021206,0.025203106621690213
FILD or FILA ADJUDICATED,2,1256716928,combined,7695,152,0.8038090387044107,0.016452209088942692,0.20653283679931947
FILD or FILA ADJUDICATED,3,471186137,zebra,7695,152,0.8473340566715741,0.0202258803910213,0.2721880143815878
FILD or FILA ADJUDICATED,3,471186137,genomic,7695,152,0.5406712043930587,0.0022752447371909824,0.032893401503266445
FILD or FILA ADJUDICATED,3,471186137,combined,7695,152,0.7882229602908238,0.015037338557184424,0.1954231134435771
FILD or FILA ADJUDICATED,4,1768027081,zebra,7695,152,0.8084037483341125,0.01646590250982089,0.21197809346371496
FILD or FILA ADJUDICATED,4,1768027081,genomic,7695,152,0.5660214768659684,0.001719309293384595,0.025311120766062838
FILD or FILA ADJUDICATED,4,1768027081,combined,7695,152,0.7732404390267728,0.014775550004535402,0.17107699942701754
FILD or FILA ADJUDICATED,5,1372874712,zebra,7695,152,0.7928298806143026,0.016976745605894628,0.2453890274063878
FILD or FILA ADJUDICATED,5,1372874712,genomic,7695,152,0.5542852557617031,0.0027030115059623076,0.025753945892973952
FILD or FILA ADJUDICATED,5,1372874712,combined,7695,152,0.7847568676430571,0.016280866889482756,0.22206479118515424
FILD or FILA ADJUDICATED,6,1681759250,zebra,7695,152,0.7900877076690135,0.016580770250563433,0.23203590268871904
FILD or FILA ADJUDICATED,6,1681759250,genomic,7695,152,0.5325327769908664,0.001049901616695856,0.024938939866416817
FILD or FILA ADJUDICATED,6,1681759250,combined,7695,152,0.7759032424625132,0.014205528653265142,0.18938501705234542
FILD or FILA ADJUDICATED,7,1781705580,zebra,7695,152,0.8033171221836908,0.015738101551106987,0.21540083620960843
FILD or FILA ADJUDICATED,7,1781705580,genomic,7695,152,0.5536389611839488,0.0029841191205509468,0.026857736123778807
FILD or FILA ADJUDICATED,7,1781705580,combined,7695,152,0.7716748536461131,0.016532668839007236,0.21725136811345958
FILD or FILA ADJUDICATED,8,106213289,zebra,7695,152,0.8194134331586622,0.016586134233901074,0.23153693478677012
FILD or FILA ADJUDICATED,8,106213289,genomic,7695,152,0.5099639261218138,0.002640213652253397,0.024982915448300197
FILD or FILA ADJUDICATED,8,106213289,combined,7695,152,0.7701363062302449,0.012030760482008416,0.1314828644245523
FILD or FILA ADJUDICATED,9,2018320771,zebra,7695,152,0.8003669313479909,0.015253118960067546,0.18871019770807484
FILD or FILA ADJUDICATED,9,2018320771,genomic,7695,152,0.5540009210351877,0.0021864119399652524,0.024271317991679624
FILD or FILA ADJUDICATED,9,2018320771,combined,7695,152,0.7772219973904003,0.013511830417884833,0.17334054335861807
FILD or FILA ADJUDICATED,10,1569040467,zebra,7695,152,0.8087377980281474,0.016504017318252545,0.21605443524251808
FILD or FILA ADJUDICATED,10,1569040467,genomic,7695,152,0.5807257687503925,0.002637989561601206,0.029477977065381994
FILD or FILA ADJUDICATED,10,1569040467,combined,7695,152,0.7415798544485301,0.016069011352456444,0.2270102081510366
FILD or FILA ADJUDICATED,11,256858669,zebra,7695,152,0.8203388293084563,0.017786052945568214,0.23738516110348754
FILD or FILA ADJUDICATED,11,256858669,genomic,7695,152,0.5850099778812005,0.002717359071149968,0.028539220611142828
FILD or FILA ADJUDICATED,11,256858669,combined,7695,152,0.7841184227970164,0.016498173629087967,0.2582299701437165
FILD or FILA ADJUDICATED,12,235593684,zebra,7695,152,0.7905726466504324,0.014333828157162096,0.1795873634487961
FILD or FILA ADJUDICATED,12,235593684,genomic,7695,152,0.570475763517238,0.0024149263520726787,0.02691752066728992
FILD or FILA ADJUDICATED,12,235593684,combined,7695,152,0.7751845559145112,0.013970254749959882,0.19101605619859807
FILD or FILA ADJUDICATED,13,579377016,zebra,7695,152,0.7919899593209458,0.016963052185016435,0.23525828332610219
FILD or FILA ADJUDICATED,13,579377016,genomic,7695,152,0.5654371079495105,0.0020746404822875168,0.02573594320261318
FILD or FILA ADJUDICATED,13,579377016,combined,7695,152,0.7819693406923114,0.016321205788566606,0.24880789838202183
FILD or FILA ADJUDICATED,14,765374404,zebra,7695,152,0.8477740777437429,0.019242221788064222,0.2729697084991857
FILD or FILA ADJUDICATED,14,765374404,genomic,7695,152,0.5626844686952699,0.0018176053782872933,0.025226798710993346
FILD or FILA ADJUDICATED,14,765374404,combined,7695,152,0.8077182050977902,0.016681595693462746,0.22315733870730783
FILD or FILA ADJUDICATED,15,901771067,zebra,7695,152,0.8030563366523161,0.015991429837353563,0.208163132261047
FILD or FILA ADJUDICATED,15,901771067,genomic,7695,152,0.576575005058716,0.0026696065365588175,0.03267266939160027
FILD or FILA ADJUDICATED,15,901771067,combined,7695,152,0.795441224697698,0.012691010138364605,0.14181372504358006
FILD or FILA ADJUDICATED,16,1505502923,zebra,7695,152,0.8212537591492984,0.018266151259096967,0.2653064308919381
FILD or FILA ADJUDICATED,16,1505502923,genomic,7695,152,0.5647192935939211,0.0016974608734483699,0.02521605886665848
FILD or FILA ADJUDICATED,16,1505502923,combined,7695,152,0.7998580070752249,0.01648796897786027,0.2179537969385807
FILD or FILA ADJUDICATED,17,1370819842,zebra,7695,152,0.8312115799242239,0.01905709894848483,0.24936019711465918
FILD or FILA ADJUDICATED,17,1370819842,genomic,7695,152,0.5629674951331662,0.0020260157552837417,0.026286810433661215
FILD or FILA ADJUDICATED,17,1370819842,combined,7695,152,0.7956335431246816,0.016124482789899315,0.2035526492951746
FILD or FILA ADJUDICATED,18,972220114,zebra,7695,152,0.8083941542175737,0.015428429635004919,0.20725896640249517
FILD or FILA ADJUDICATED,18,972220114,genomic,7695,152,0.6086254596454016,0.002377683736053644,0.028689641698672823
FILD or FILA ADJUDICATED,18,972220114,combined,7695,152,0.7996844407851126,0.012980839677079485,0.14182498219872172
FILD or FILA ADJUDICATED,19,858936591,zebra,7695,152,0.8138968161488169,0.018013084630574185,0.23780271990785531
FILD or FILA ADJUDICATED,19,858936591,genomic,7695,152,0.59633539635912,0.0035315070787136213,0.03416442911059335
FILD or FILA ADJUDICATED,19,858936591,combined,7695,152,0.8011392577293692,0.0106141455654249,0.13441926724048478
FILD or FILA ADJUDICATED,20,1937420067,zebra,7695,152,0.8351918299992325,0.019915423501747877,0.28595756664366506
FILD or FILA ADJUDICATED,20,1937420067,genomic,7695,152,0.5540314477696295,0.0020343888024449298,0.030427353480028056
FILD or FILA ADJUDICATED,20,1937420067,combined,7695,152,0.804299210840305,0.01847844289232959,0.30775803522394696
FILD or FILA ADJUDICATED,21,396721340,zebra,7695,152,0.8241428965161146,0.01748383827459408,0.2425424078804826
FILD or FILA ADJUDICATED,21,396721340,genomic,7695,152,0.5430025747120021,0.002337693713934844,0.024142084153828465
FILD or FILA ADJUDICATED,21,396721340,combined,7695,152,0.8185682787108299,0.016124003084072372,0.21001920300219967
FILD or FILA ADJUDICATED,22,1260135417,zebra,7695,152,0.8172251023953894,0.017974708164418738,0.24729806065029256
FILD or FILA ADJUDICATED,22,1260135417,genomic,7695,152,0.606994459833795,0.0034237913157545864,0.0344350880781169
FILD or FILA ADJUDICATED,22,1260135417,combined,7695,152,0.8057854267114158,0.015931989924433253,0.21738898723512118
FILD or FILA ADJUDICATED,23,2106134752,zebra,7695,152,0.7956575284160288,0.01578184200060007,0.20352707952418042
FILD or FILA ADJUDICATED,23,2106134752,genomic,7695,152,0.5445219338947926,0.0015776216359538646,0.02370140233302809
FILD or FILA ADJUDICATED,23,2106134752,combined,7695,152,0.7551590181206695,0.012473834227621288,0.1389503887197459
FILD or FILA ADJUDICATED,24,106588613,zebra,7695,152,0.8141881284146333,0.016396127116810988,0.21194939297718263
FILD or FILA ADJUDICATED,24,106588613,genomic,7695,152,0.5527545580775484,0.0019828422308588653,0.024701988280331807
FILD or FILA ADJUDICATED,24,106588613,combined,7695,152,0.8041003509702269,0.014104746819986465,0.17104203208944688
FILD or FILA ADJUDICATED,25,1319911130,zebra,7695,152,0.8055761005323863,0.017267708994745914,0.24051609059593246
FILD or FILA ADJUDICATED,25,1319911130,genomic,7695,152,0.5271958316180216,0.00249281313451998,0.025187294811176975
FILD or FILA ADJUDICATED,25,1319911130,combined,7695,152,0.8042071945407732,0.017340711499682523,0.246578125499559
FILD or FILA ADJUDICATED,26,389299636,zebra,7695,152,0.8215114920072287,0.01668988152138267,0.2187833232052956
FILD or FILA ADJUDICATED,26,389299636,genomic,7695,152,0.5496914183244137,0.0022732823042625793,0.02483089890320673
FILD or FILA ADJUDICATED,26,389299636,combined,7695,152,0.7407059176510812,0.013172809227097973,0.16351845654593547
FILD or FILA ADJUDICATED,27,858406618,zebra,7695,152,0.8108280071450003,0.01661386995262251,0.21596867233731823
FILD or FILA ADJUDICATED,27,858406618,genomic,7695,152,0.6008123600131178,0.0027519851099311317,0.030311289982448655
FILD or FILA ADJUDICATED,27,858406618,combined,7695,152,0.8099920107175005,0.016642565082997832,0.23836455907988724
FILD or FILA ADJUDICATED,28,1550531150,zebra,7695,152,0.8169111131268446,0.016948879058311297,0.23339248041437752
FILD or FILA ADJUDICATED,28,1550531150,genomic,7695,152,0.5344062462931822,0.0015006070459191861,0.023029245205413967
FILD or FILA ADJUDICATED,28,1550531150,combined,7695,152,0.7887523810852864,0.014304348053615414,0.15609478920620293
FILD or FILA ADJUDICATED,29,61889481,zebra,7695,152,0.8208551672167294,0.016299924293698587,0.22803156895825255
FILD or FILA ADJUDICATED,29,61889481,genomic,7695,152,0.5905396777772352,0.0022669152996504256,0.02690637738984263
FILD or FILA ADJUDICATED,29,61889481,combined,7695,152,0.7892285981425792,0.01681477947487039,0.19831558320659132
FILD or FILA ADJUDICATED,30,148875290,zebra,7695,152,0.8309664938562766,0.01681826824452089,0.2336270645153681
FILD or FILA ADJUDICATED,30,148875290,genomic,7695,152,0.5759967414891465,0.0021035536607659946,0.028413171988509636
FILD or FILA ADJUDICATED,30,148875290,combined,7695,152,0.8093823482210764,0.015913412226044366,0.22707514372359752
